OrderID ,OrderDate,ShipDate,ProductID, CustomerID,RegionID,SalesRepID,Quantity ,UnitPrice,Discount,Revenue,Profit,Target,Forecast
00001,01-01-2024,08-01-2024,P003,C003,R005,S004,89,250,0.05,21137.5,6341.25,23251.25,22194.375
00002,02-01-2024,09-01-2024,P010,C004,R001,S006,70,500,0.05,33250,9975,36575,34912.5
00003,02-01-2024,09-01-2024,P009,C006,R002,S010,48,1200,0.15,48960,14688,53856,51408
00004,03-01-2024,10-01-2024,P003,C001,R006,S010,51,500,0.15,21675,6502.5,23842.5,22758.75
00005,03-01-2024,10-01-2024,P003,C006,R009,S005,95,4500,0.1,384750,115425,423225,403987.5
00006,04-01-2024,11-01-2024,P008,C009,R008,S008,50,3200,0.05,152000,45600,167200,159600
00007,04-01-2024,11-01-2024,P003,C001,R007,S004,44,4500,0.1,178200,53460,196020,187110
00008,05-01-2024,12-01-2024,P010,C002,R001,S005,51,250,0.05,12112.5,3633.75,13323.75,12718.125
00009,05-01-2024,12-01-2024,P007,C005,R006,S001,31,500,0.05,14725,4417.5,16197.5,15461.25
00010,06-01-2024,13-01-2024,P003,C006,R007,S007,95,4500,0.15,363375,109012.5,399712.5,381543.75
00011,06-01-2024,13-01-2024,P001,C007,R002,S008,45,1200,0.15,45900,13770,50490,48195
00012,07-01-2024,14-01-2024,P010,C006,R008,S009,22,4500,0.05,94050,28215,103455,98752.5
00013,07-01-2024,14-01-2024,P003,C005,R004,S010,60,500,0.15,25500,7650,28050,26775
00014,08-01-2024,15-01-2024,P006,C006,R005,S007,50,500,0,25000,7500,27500,26250
00015,08-01-2024,15-01-2024,P005,C006,R010,S003,90,500,0.15,38250,11475,42075,40162.5
00016,09-01-2024,16-01-2024,P006,C006,R006,S009,75,4500,0,337500,101250,371250,354375
00017,09-01-2024,16-01-2024,P003,C002,R006,S010,46,500,0.15,19550,5865,21505,20527.5
00018,10-01-2024,17-01-2024,P004,C010,R001,S007,46,250,0.05,10925,3277.5,12017.5,11471.25
00019,10-01-2024,17-01-2024,P007,C002,R004,S002,51,500,0.05,24225,7267.5,26647.5,25436.25
00020,11-01-2024,18-01-2024,P004,C004,R010,S002,43,250,0.15,9137.5,2741.25,10051.25,9594.375
00021,11-01-2024,18-01-2024,P008,C007,R004,S002,59,500,0.05,28025,8407.5,30827.5,29426.25
00022,12-01-2024,19-01-2024,P002,C005,R004,S005,66,4500,0.15,252450,75735,277695,265072.5
00023,12-01-2024,19-01-2024,P009,C001,R003,S006,90,3200,0.1,259200,77760,285120,272160
00024,13-01-2024,20-01-2024,P005,C005,R007,S006,87,250,0.05,20662.5,6198.75,22728.75,21695.625
00025,13-01-2024,20-01-2024,P005,C005,R002,S003,38,3200,0.1,109440,32832,120384,114912
00026,14-01-2024,21-01-2024,P001,C010,R009,S002,96,4500,0.15,367200,110160,403920,385560
00027,14-01-2024,21-01-2024,P004,C001,R010,S007,15,4500,0,67500,20250,74250,70875
00028,15-01-2024,22-01-2024,P003,C002,R005,S008,41,500,0.15,17425,5227.5,19167.5,18296.25
00029,15-01-2024,22-01-2024,P002,C004,R010,S006,88,1200,0.05,100320,30096,110352,105336
00030,16-01-2024,23-01-2024,P008,C001,R010,S001,20,4500,0.15,76500,22950,84150,80325
00031,16-01-2024,23-01-2024,P010,C007,R009,S002,38,500,0.05,18050,5415,19855,18952.5
00032,17-01-2024,24-01-2024,P004,C004,R005,S004,15,4500,0.15,57375,17212.5,63112.5,60243.75
00033,17-01-2024,24-01-2024,P002,C005,R009,S006,32,250,0.1,7200,2160,7920,7560
00034,18-01-2024,25-01-2024,P010,C001,R010,S008,56,4500,0.05,239400,71820,263340,251370
00035,18-01-2024,25-01-2024,P006,C004,R005,S007,27,3200,0,86400,25920,95040,90720
00036,19-01-2024,26-01-2024,P003,C005,R007,S003,51,1200,0.15,52020,15606,57222,54621
00037,19-01-2024,26-01-2024,P006,C010,R008,S009,20,3200,0.15,54400,16320,59840,57120
00038,20-01-2024,27-01-2024,P009,C010,R007,S002,48,250,0.15,10200,3060,11220,10710
00039,20-01-2024,27-01-2024,P005,C006,R001,S005,17,4500,0,76500,22950,84150,80325
00040,21-01-2024,28-01-2024,P001,C006,R010,S010,78,3200,0.15,212160,63648,233376,222768
00041,21-01-2024,28-01-2024,P004,C004,R010,S004,99,250,0.05,23512.5,7053.75,25863.75,24688.125
00042,22-01-2024,29-01-2024,P009,C004,R009,S010,53,3200,0,169600,50880,186560,178080
00043,22-01-2024,29-01-2024,P007,C007,R010,S003,86,3200,0.15,233920,70176,257312,245616
00044,23-01-2024,30-01-2024,P010,C005,R004,S008,70,500,0,35000,10500,38500,36750
00045,23-01-2024,30-01-2024,P008,C001,R005,S006,96,1200,0.1,103680,31104,114048,108864
00046,24-01-2024,31-01-2024,P008,C005,R005,S001,95,250,0,23750,7125,26125,24937.5
00047,24-01-2024,31-01-2024,P001,C004,R004,S004,65,1200,0.05,74100,22230,81510,77805
00048,25-01-2024,01-02-2024,P001,C001,R005,S007,19,3200,0.05,57760,17328,63536,60648
00049,25-01-2024,01-02-2024,P002,C003,R007,S001,68,1200,0,81600,24480,89760,85680
00050,26-01-2024,02-02-2024,P010,C004,R004,S009,42,4500,0,189000,56700,207900,198450
00051,26-01-2024,02-02-2024,P006,C007,R003,S003,89,250,0.05,21137.5,6341.25,23251.25,22194.375
00052,27-01-2024,03-02-2024,P006,C004,R005,S004,59,500,0,29500,8850,32450,30975
00053,27-01-2024,03-02-2024,P004,C005,R002,S003,39,4500,0,175500,52650,193050,184275
00054,28-01-2024,04-02-2024,P002,C007,R001,S006,10,4500,0.05,42750,12825,47025,44887.5
00055,28-01-2024,04-02-2024,P009,C005,R006,S003,8,4500,0.15,30600,9180,33660,32130
00056,29-01-2024,05-02-2024,P008,C005,R001,S001,64,1200,0.1,69120,20736,76032,72576
00057,29-01-2024,05-02-2024,P001,C003,R010,S002,26,3200,0,83200,24960,91520,87360
00058,30-01-2024,06-02-2024,P003,C010,R001,S001,69,4500,0.15,263925,79177.5,290317.5,277121.25
00059,30-01-2024,06-02-2024,P004,C004,R007,S003,99,250,0,24750,7425,27225,25987.5
00060,31-01-2024,07-02-2024,P007,C001,R010,S008,48,4500,0.1,194400,58320,213840,204120
00061,31-01-2024,07-02-2024,P001,C002,R005,S003,55,500,0.1,24750,7425,27225,25987.5
00062,01-02-2024,08-02-2024,P009,C003,R007,S003,44,1200,0,52800,15840,58080,55440
00063,01-02-2024,08-02-2024,P009,C004,R010,S008,68,4500,0.1,275400,82620,302940,289170
00064,02-02-2024,09-02-2024,P010,C002,R005,S009,65,3200,0.05,197600,59280,217360,207480
00065,02-02-2024,09-02-2024,P004,C004,R009,S006,67,3200,0.05,203680,61104,224048,213864
00066,03-02-2024,10-02-2024,P004,C008,R002,S008,100,3200,0.05,304000,91200,334400,319200
00067,03-02-2024,10-02-2024,P006,C002,R004,S002,23,4500,0.05,98325,29497.5,108157.5,103241.25
00068,04-02-2024,11-02-2024,P006,C008,R003,S006,39,4500,0.15,149175,44752.5,164092.5,156633.75
00069,04-02-2024,11-02-2024,P001,C003,R001,S007,44,1200,0.1,47520,14256,52272,49896
00070,05-02-2024,12-02-2024,P005,C008,R003,S003,90,4500,0.15,344250,103275,378675,361462.5
00071,05-02-2024,12-02-2024,P009,C009,R006,S010,67,250,0.1,15075,4522.5,16582.5,15828.75
00072,06-02-2024,13-02-2024,P007,C002,R008,S004,59,4500,0.15,225675,67702.5,248242.5,236958.75
00073,06-02-2024,13-02-2024,P010,C007,R001,S010,40,4500,0,180000,54000,198000,189000
00074,07-02-2024,14-02-2024,P003,C010,R006,S009,48,4500,0.1,194400,58320,213840,204120
00075,07-02-2024,14-02-2024,P002,C004,R006,S001,36,500,0.15,15300,4590,16830,16065
00076,08-02-2024,15-02-2024,P010,C007,R002,S010,20,1200,0.1,21600,6480,23760,22680
00077,08-02-2024,15-02-2024,P003,C004,R002,S009,30,3200,0.15,81600,24480,89760,85680
00078,09-02-2024,16-02-2024,P005,C006,R008,S008,18,500,0.15,7650,2295,8415,8032.5
00079,09-02-2024,16-02-2024,P004,C004,R010,S001,27,500,0,13500,4050,14850,14175
00080,10-02-2024,17-02-2024,P002,C002,R007,S005,99,1200,0.15,100980,30294,111078,106029
00081,10-02-2024,17-02-2024,P007,C003,R004,S007,70,500,0.05,33250,9975,36575,34912.5
00082,11-02-2024,18-02-2024,P008,C006,R010,S006,91,1200,0.1,98280,29484,108108,103194
00083,11-02-2024,18-02-2024,P007,C004,R003,S007,34,3200,0,108800,32640,119680,114240
00084,12-02-2024,19-02-2024,P008,C003,R002,S009,89,500,0.1,40050,12015,44055,42052.5
00085,12-02-2024,19-02-2024,P004,C007,R005,S002,84,250,0.1,18900,5670,20790,19845
00086,13-02-2024,20-02-2024,P006,C001,R010,S005,50,500,0.15,21250,6375,23375,22312.5
00087,13-02-2024,20-02-2024,P001,C001,R009,S005,73,250,0,18250,5475,20075,19162.5
00088,14-02-2024,21-02-2024,P002,C009,R010,S002,42,250,0.15,8925,2677.5,9817.5,9371.25
00089,14-02-2024,21-02-2024,P002,C009,R005,S007,16,250,0.05,3800,1140,4180,3990
00090,15-02-2024,22-02-2024,P006,C003,R007,S003,70,4500,0,315000,94500,346500,330750
00091,15-02-2024,22-02-2024,P003,C005,R010,S006,27,1200,0,32400,9720,35640,34020
00092,16-02-2024,23-02-2024,P001,C002,R005,S001,98,250,0.05,23275,6982.5,25602.5,24438.75
00093,16-02-2024,23-02-2024,P003,C006,R009,S006,84,4500,0.15,321300,96390,353430,337365
00094,17-02-2024,24-02-2024,P005,C002,R002,S010,32,3200,0.05,97280,29184,107008,102144
00095,17-02-2024,24-02-2024,P010,C002,R001,S008,73,500,0,36500,10950,40150,38325
00096,18-02-2024,25-02-2024,P002,C001,R008,S010,80,500,0,40000,12000,44000,42000
00097,18-02-2024,25-02-2024,P007,C008,R003,S006,16,250,0.15,3400,1020,3740,3570
00098,19-02-2024,26-02-2024,P002,C002,R006,S002,92,500,0.05,43700,13110,48070,45885
00099,19-02-2024,26-02-2024,P008,C007,R010,S004,75,250,0.05,17812.5,5343.75,19593.75,18703.125
00100,20-02-2024,27-02-2024,P001,C001,R002,S004,93,3200,0,297600,89280,327360,312480
00101,20-02-2024,27-02-2024,P009,C010,R010,S004,37,4500,0,166500,49950,183150,174825
00102,21-02-2024,28-02-2024,P006,C006,R005,S008,45,500,0.05,21375,6412.5,23512.5,22443.75
00103,21-02-2024,28-02-2024,P001,C008,R007,S003,89,250,0.1,20025,6007.5,22027.5,21026.25
00104,22-02-2024,29-02-2024,P010,C004,R007,S008,45,1200,0.1,48600,14580,53460,51030
00105,22-02-2024,29-02-2024,P001,C002,R007,S005,47,3200,0.15,127840,38352,140624,134232
00106,23-02-2024,01-03-2024,P006,C007,R005,S002,47,4500,0.05,200925,60277.5,221017.5,210971.25
00107,23-02-2024,01-03-2024,P009,C009,R008,S001,84,1200,0.15,85680,25704,94248,89964
00108,24-02-2024,02-03-2024,P002,C004,R004,S004,32,3200,0.15,87040,26112,95744,91392
00109,24-02-2024,02-03-2024,P003,C008,R003,S008,6,500,0.1,2700,810,2970,2835
00110,25-02-2024,03-03-2024,P009,C001,R002,S004,81,3200,0.1,233280,69984,256608,244944
00111,25-02-2024,03-03-2024,P001,C009,R008,S003,20,4500,0,90000,27000,99000,94500
00112,26-02-2024,04-03-2024,P004,C001,R009,S002,48,3200,0.15,130560,39168,143616,137088
00113,26-02-2024,04-03-2024,P008,C009,R004,S002,79,250,0.1,17775,5332.5,19552.5,18663.75
00114,27-02-2024,05-03-2024,P003,C005,R003,S008,30,4500,0.05,128250,38475,141075,134662.5
00115,27-02-2024,05-03-2024,P003,C004,R001,S009,85,3200,0.05,258400,77520,284240,271320
00116,28-02-2024,06-03-2024,P008,C004,R001,S004,20,250,0,5000,1500,5500,5250
00117,28-02-2024,06-03-2024,P009,C010,R001,S006,60,500,0.15,25500,7650,28050,26775
00118,29-02-2024,07-03-2024,P005,C002,R009,S001,91,4500,0.05,389025,116707.5,427927.5,408476.25
00119,29-02-2024,07-03-2024,P003,C001,R004,S003,21,500,0.1,9450,2835,10395,9922.5
00120,01-03-2024,08-03-2024,P007,C001,R003,S003,42,250,0.05,9975,2992.5,10972.5,10473.75
00121,01-03-2024,08-03-2024,P009,C005,R001,S002,97,1200,0.1,104760,31428,115236,109998
00122,02-03-2024,09-03-2024,P007,C004,R007,S005,93,4500,0,418500,125550,460350,439425
00123,02-03-2024,09-03-2024,P007,C006,R001,S010,50,1200,0.1,54000,16200,59400,56700
00124,03-03-2024,10-03-2024,P001,C010,R005,S010,28,3200,0.1,80640,24192,88704,84672
00125,03-03-2024,10-03-2024,P009,C008,R006,S001,31,3200,0.1,89280,26784,98208,93744
00126,04-03-2024,11-03-2024,P001,C001,R005,S004,32,500,0.1,14400,4320,15840,15120
00127,04-03-2024,11-03-2024,P001,C010,R001,S001,100,1200,0.15,102000,30600,112200,107100
00128,05-03-2024,12-03-2024,P008,C010,R003,S010,85,4500,0.05,363375,109012.5,399712.5,381543.75
00129,05-03-2024,12-03-2024,P009,C008,R007,S008,61,3200,0.1,175680,52704,193248,184464
00130,06-03-2024,13-03-2024,P009,C006,R003,S008,93,1200,0,111600,33480,122760,117180
00131,06-03-2024,13-03-2024,P005,C009,R005,S004,75,4500,0.15,286875,86062.5,315562.5,301218.75
00132,07-03-2024,14-03-2024,P001,C009,R004,S004,27,250,0.1,6075,1822.5,6682.5,6378.75
00133,07-03-2024,14-03-2024,P007,C001,R007,S001,15,500,0.15,6375,1912.5,7012.5,6693.75
00134,08-03-2024,15-03-2024,P007,C008,R006,S002,53,500,0.15,22525,6757.5,24777.5,23651.25
00135,08-03-2024,15-03-2024,P008,C003,R004,S009,77,250,0.05,18287.5,5486.25,20116.25,19201.875
00136,09-03-2024,16-03-2024,P003,C007,R010,S007,20,3200,0.05,60800,18240,66880,63840
00137,09-03-2024,16-03-2024,P001,C002,R010,S004,10,4500,0.1,40500,12150,44550,42525
00138,10-03-2024,17-03-2024,P010,C001,R002,S009,44,3200,0.15,119680,35904,131648,125664
00139,10-03-2024,17-03-2024,P007,C005,R008,S008,67,250,0.1,15075,4522.5,16582.5,15828.75
00140,11-03-2024,18-03-2024,P001,C001,R009,S007,98,3200,0.1,282240,84672,310464,296352
00141,11-03-2024,18-03-2024,P008,C009,R010,S005,99,1200,0.15,100980,30294,111078,106029
00142,12-03-2024,19-03-2024,P009,C006,R005,S001,22,1200,0.15,22440,6732,24684,23562
00143,12-03-2024,19-03-2024,P005,C006,R001,S006,40,3200,0.15,108800,32640,119680,114240
00144,13-03-2024,20-03-2024,P007,C007,R002,S004,24,3200,0.05,72960,21888,80256,76608
00145,13-03-2024,20-03-2024,P002,C006,R001,S002,52,1200,0.05,59280,17784,65208,62244
00146,14-03-2024,21-03-2024,P001,C005,R002,S001,26,3200,0.15,70720,21216,77792,74256
00147,14-03-2024,21-03-2024,P005,C005,R004,S003,74,3200,0.15,201280,60384,221408,211344
00148,15-03-2024,22-03-2024,P003,C008,R008,S007,89,3200,0,284800,85440,313280,299040
00149,15-03-2024,22-03-2024,P003,C010,R004,S003,26,1200,0.1,28080,8424,30888,29484
00150,16-03-2024,23-03-2024,P005,C009,R007,S002,64,500,0.05,30400,9120,33440,31920
00151,16-03-2024,23-03-2024,P007,C008,R009,S007,54,3200,0,172800,51840,190080,181440
00152,17-03-2024,24-03-2024,P008,C004,R010,S008,98,3200,0.05,297920,89376,327712,312816
00153,17-03-2024,24-03-2024,P003,C006,R005,S005,33,3200,0.15,89760,26928,98736,94248
00154,18-03-2024,25-03-2024,P001,C001,R009,S003,79,4500,0,355500,106650,391050,373275
00155,18-03-2024,25-03-2024,P009,C009,R004,S008,56,3200,0.05,170240,51072,187264,178752
00156,19-03-2024,26-03-2024,P007,C005,R005,S004,95,3200,0.1,273600,82080,300960,287280
00157,19-03-2024,26-03-2024,P004,C002,R004,S007,8,250,0.1,1800,540,1980,1890
00158,20-03-2024,27-03-2024,P005,C001,R009,S007,58,500,0.15,24650,7395,27115,25882.5
00159,20-03-2024,27-03-2024,P010,C005,R002,S005,84,500,0.05,39900,11970,43890,41895
00160,21-03-2024,28-03-2024,P010,C008,R009,S010,34,1200,0,40800,12240,44880,42840
00161,21-03-2024,28-03-2024,P007,C006,R004,S003,40,500,0,20000,6000,22000,21000
00162,22-03-2024,29-03-2024,P010,C001,R004,S001,63,4500,0.15,240975,72292.5,265072.5,253023.75
00163,22-03-2024,29-03-2024,P010,C009,R003,S003,46,4500,0.15,175950,52785,193545,184747.5
00164,23-03-2024,30-03-2024,P002,C006,R004,S006,73,4500,0.05,312075,93622.5,343282.5,327678.75
00165,23-03-2024,30-03-2024,P006,C008,R005,S003,32,250,0.1,7200,2160,7920,7560
00166,24-03-2024,31-03-2024,P002,C008,R001,S008,31,3200,0.1,89280,26784,98208,93744
00167,24-03-2024,31-03-2024,P001,C006,R004,S002,23,1200,0.05,26220,7866,28842,27531
00168,25-03-2024,01-04-2024,P003,C010,R005,S004,72,500,0.1,32400,9720,35640,34020
00169,25-03-2024,01-04-2024,P009,C003,R008,S008,29,4500,0,130500,39150,143550,137025
00170,26-03-2024,02-04-2024,P001,C005,R008,S005,34,1200,0,40800,12240,44880,42840
00171,26-03-2024,02-04-2024,P009,C005,R002,S001,23,3200,0.15,62560,18768,68816,65688
00172,27-03-2024,03-04-2024,P003,C005,R009,S006,18,3200,0.05,54720,16416,60192,57456
00173,27-03-2024,03-04-2024,P001,C003,R003,S003,84,500,0,42000,12600,46200,44100
00174,28-03-2024,04-04-2024,P004,C004,R006,S007,28,4500,0.1,113400,34020,124740,119070
00175,28-03-2024,04-04-2024,P004,C004,R010,S005,68,250,0.1,15300,4590,16830,16065
00176,29-03-2024,05-04-2024,P009,C004,R004,S007,10,1200,0.05,11400,3420,12540,11970
00177,29-03-2024,05-04-2024,P008,C003,R010,S007,44,1200,0.15,44880,13464,49368,47124
00178,30-03-2024,06-04-2024,P008,C008,R007,S006,32,4500,0.1,129600,38880,142560,136080
00179,30-03-2024,06-04-2024,P005,C007,R010,S008,75,1200,0,90000,27000,99000,94500
00180,31-03-2024,07-04-2024,P009,C009,R006,S009,64,250,0,16000,4800,17600,16800
00181,31-03-2024,07-04-2024,P009,C002,R009,S005,46,4500,0.1,186300,55890,204930,195615
00182,01-04-2024,08-04-2024,P001,C009,R002,S005,43,500,0,21500,6450,23650,22575
00183,01-04-2024,08-04-2024,P007,C007,R006,S005,98,3200,0.15,266560,79968,293216,279888
00184,02-04-2024,09-04-2024,P003,C007,R001,S004,95,500,0.05,45125,13537.5,49637.5,47381.25
00185,02-04-2024,09-04-2024,P003,C005,R008,S006,12,4500,0.1,48600,14580,53460,51030
00186,03-04-2024,10-04-2024,P008,C001,R010,S001,19,3200,0.1,54720,16416,60192,57456
00187,03-04-2024,10-04-2024,P003,C010,R004,S004,96,1200,0.05,109440,32832,120384,114912
00188,04-04-2024,11-04-2024,P006,C009,R009,S003,91,1200,0.1,98280,29484,108108,103194
00189,04-04-2024,11-04-2024,P005,C008,R006,S001,79,250,0.05,18762.5,5628.75,20638.75,19700.625
00190,05-04-2024,12-04-2024,P001,C001,R006,S002,49,3200,0.15,133280,39984,146608,139944
00191,05-04-2024,12-04-2024,P002,C006,R002,S002,21,3200,0.05,63840,19152,70224,67032
00192,06-04-2024,13-04-2024,P001,C002,R004,S005,25,4500,0,112500,33750,123750,118125
00193,06-04-2024,13-04-2024,P005,C009,R002,S004,45,250,0,11250,3375,12375,11812.5
00194,07-04-2024,14-04-2024,P001,C002,R006,S008,50,3200,0.15,136000,40800,149600,142800
00195,07-04-2024,14-04-2024,P009,C008,R008,S008,43,1200,0,51600,15480,56760,54180
00196,08-04-2024,15-04-2024,P008,C009,R001,S004,24,1200,0.1,25920,7776,28512,27216
00197,08-04-2024,15-04-2024,P004,C010,R002,S003,46,250,0,11500,3450,12650,12075
00198,09-04-2024,16-04-2024,P004,C002,R005,S007,54,250,0.05,12825,3847.5,14107.5,13466.25
00199,09-04-2024,16-04-2024,P002,C004,R002,S006,34,500,0.15,14450,4335,15895,15172.5
00200,10-04-2024,17-04-2024,P004,C008,R007,S004,55,1200,0.1,59400,17820,65340,62370
00201,10-04-2024,17-04-2024,P010,C001,R007,S004,71,250,0,17750,5325,19525,18637.5
00202,11-04-2024,18-04-2024,P009,C006,R008,S006,9,4500,0,40500,12150,44550,42525
00203,11-04-2024,18-04-2024,P007,C009,R005,S009,55,500,0.15,23375,7012.5,25712.5,24543.75
00204,12-04-2024,19-04-2024,P007,C008,R002,S003,85,4500,0.15,325125,97537.5,357637.5,341381.25
00205,12-04-2024,19-04-2024,P008,C008,R006,S009,84,3200,0,268800,80640,295680,282240
00206,13-04-2024,20-04-2024,P003,C004,R009,S006,36,4500,0,162000,48600,178200,170100
00207,13-04-2024,20-04-2024,P001,C001,R002,S005,14,1200,0,16800,5040,18480,17640
00208,14-04-2024,21-04-2024,P003,C004,R009,S003,11,500,0.1,4950,1485,5445,5197.5
00209,14-04-2024,21-04-2024,P006,C001,R003,S005,38,1200,0.15,38760,11628,42636,40698
00210,15-04-2024,22-04-2024,P009,C005,R008,S006,86,250,0.05,20425,6127.5,22467.5,21446.25
00211,15-04-2024,22-04-2024,P004,C006,R009,S002,18,1200,0.15,18360,5508,20196,19278
00212,16-04-2024,23-04-2024,P005,C003,R006,S005,17,500,0,8500,2550,9350,8925
00213,16-04-2024,23-04-2024,P001,C010,R008,S009,74,250,0,18500,5550,20350,19425
00214,17-04-2024,24-04-2024,P007,C009,R010,S005,10,1200,0,12000,3600,13200,12600
00215,17-04-2024,24-04-2024,P010,C009,R003,S006,79,3200,0.1,227520,68256,250272,238896
00216,18-04-2024,25-04-2024,P003,C007,R010,S008,5,500,0.15,2125,637.5,2337.5,2231.25
00217,18-04-2024,25-04-2024,P010,C003,R002,S004,75,250,0.1,16875,5062.5,18562.5,17718.75
00218,19-04-2024,26-04-2024,P001,C005,R001,S005,84,250,0.1,18900,5670,20790,19845
00219,19-04-2024,26-04-2024,P010,C002,R001,S009,28,500,0,14000,4200,15400,14700
00220,20-04-2024,27-04-2024,P003,C005,R001,S008,98,1200,0.1,105840,31752,116424,111132
00221,20-04-2024,27-04-2024,P007,C001,R010,S003,64,500,0,32000,9600,35200,33600
00222,21-04-2024,28-04-2024,P004,C001,R004,S002,44,3200,0,140800,42240,154880,147840
00223,21-04-2024,28-04-2024,P002,C001,R010,S007,68,250,0.1,15300,4590,16830,16065
00224,22-04-2024,29-04-2024,P001,C007,R002,S009,91,500,0,45500,13650,50050,47775
00225,22-04-2024,29-04-2024,P005,C007,R004,S003,22,3200,0.15,59840,17952,65824,62832
00226,23-04-2024,30-04-2024,P003,C010,R002,S009,16,4500,0,72000,21600,79200,75600
00227,23-04-2024,30-04-2024,P004,C004,R008,S004,31,3200,0.1,89280,26784,98208,93744
00228,24-04-2024,01-05-2024,P005,C008,R008,S008,70,3200,0.1,201600,60480,221760,211680
00229,24-04-2024,01-05-2024,P005,C001,R009,S002,59,500,0.1,26550,7965,29205,27877.5
00230,25-04-2024,02-05-2024,P010,C010,R005,S003,99,4500,0.1,400950,120285,441045,420997.5
00231,25-04-2024,02-05-2024,P009,C002,R001,S009,59,500,0.1,26550,7965,29205,27877.5
00232,26-04-2024,03-05-2024,P010,C001,R008,S005,5,3200,0.15,13600,4080,14960,14280
00233,26-04-2024,03-05-2024,P001,C010,R003,S006,5,500,0.1,2250,675,2475,2362.5
00234,27-04-2024,04-05-2024,P003,C002,R006,S008,76,3200,0.1,218880,65664,240768,229824
00235,27-04-2024,04-05-2024,P006,C007,R005,S008,42,3200,0,134400,40320,147840,141120
00236,28-04-2024,05-05-2024,P008,C009,R004,S002,79,250,0.05,18762.5,5628.75,20638.75,19700.625
00237,28-04-2024,05-05-2024,P010,C005,R008,S004,68,250,0.1,15300,4590,16830,16065
00238,29-04-2024,06-05-2024,P009,C004,R003,S008,45,4500,0,202500,60750,222750,212625
00239,29-04-2024,06-05-2024,P002,C002,R004,S007,26,4500,0.1,105300,31590,115830,110565
00240,30-04-2024,07-05-2024,P008,C007,R003,S006,75,500,0,37500,11250,41250,39375
00241,30-04-2024,07-05-2024,P002,C006,R006,S006,46,1200,0.15,46920,14076,51612,49266
00242,01-05-2024,08-05-2024,P003,C003,R010,S008,95,3200,0,304000,91200,334400,319200
00243,01-05-2024,08-05-2024,P005,C001,R004,S004,32,500,0.05,15200,4560,16720,15960
00244,02-05-2024,09-05-2024,P010,C001,R010,S007,89,3200,0.05,270560,81168,297616,284088
00245,02-05-2024,09-05-2024,P001,C008,R006,S007,42,4500,0.1,170100,51030,187110,178605
00246,03-05-2024,10-05-2024,P009,C001,R007,S008,7,500,0.05,3325,997.5,3657.5,3491.25
00247,03-05-2024,10-05-2024,P002,C005,R002,S007,18,1200,0.1,19440,5832,21384,20412
00248,04-05-2024,11-05-2024,P007,C006,R010,S002,71,1200,0.1,76680,23004,84348,80514
00249,04-05-2024,11-05-2024,P007,C007,R004,S002,67,250,0.05,15912.5,4773.75,17503.75,16708.125
00250,05-05-2024,12-05-2024,P008,C009,R006,S009,92,1200,0.15,93840,28152,103224,98532
00251,05-05-2024,12-05-2024,P010,C001,R007,S007,62,1200,0.05,70680,21204,77748,74214
00252,06-05-2024,13-05-2024,P002,C006,R001,S009,57,1200,0,68400,20520,75240,71820
00253,06-05-2024,13-05-2024,P003,C010,R004,S010,9,4500,0.1,36450,10935,40095,38272.5
00254,07-05-2024,14-05-2024,P001,C005,R005,S004,48,1200,0,57600,17280,63360,60480
00255,07-05-2024,14-05-2024,P001,C001,R008,S008,77,4500,0.15,294525,88357.5,323977.5,309251.25
00256,08-05-2024,15-05-2024,P006,C006,R003,S005,93,3200,0.1,267840,80352,294624,281232
00257,08-05-2024,15-05-2024,P006,C010,R002,S005,36,500,0,18000,5400,19800,18900
00258,09-05-2024,16-05-2024,P001,C008,R001,S005,43,500,0,21500,6450,23650,22575
00259,09-05-2024,16-05-2024,P006,C010,R001,S004,31,3200,0.05,94240,28272,103664,98952
00260,10-05-2024,17-05-2024,P006,C002,R005,S010,6,500,0,3000,900,3300,3150
00261,10-05-2024,17-05-2024,P003,C006,R003,S001,30,4500,0.05,128250,38475,141075,134662.5
00262,11-05-2024,18-05-2024,P002,C006,R009,S009,43,1200,0.05,49020,14706,53922,51471
00263,11-05-2024,18-05-2024,P003,C005,R003,S005,68,250,0.05,16150,4845,17765,16957.5
00264,12-05-2024,19-05-2024,P006,C002,R005,S007,88,1200,0.1,95040,28512,104544,99792
00265,12-05-2024,19-05-2024,P010,C003,R007,S009,68,4500,0.05,290700,87210,319770,305235
00266,13-05-2024,20-05-2024,P007,C003,R002,S001,10,4500,0,45000,13500,49500,47250
00267,13-05-2024,20-05-2024,P001,C010,R005,S006,15,4500,0,67500,20250,74250,70875
00268,14-05-2024,21-05-2024,P008,C010,R007,S003,33,1200,0.05,37620,11286,41382,39501
00269,14-05-2024,21-05-2024,P006,C002,R007,S005,33,3200,0,105600,31680,116160,110880
00270,15-05-2024,22-05-2024,P004,C003,R001,S010,97,500,0.1,43650,13095,48015,45832.5
00271,15-05-2024,22-05-2024,P002,C003,R005,S001,28,500,0.1,12600,3780,13860,13230
00272,16-05-2024,23-05-2024,P004,C009,R004,S010,72,250,0.05,17100,5130,18810,17955
00273,16-05-2024,23-05-2024,P007,C003,R001,S001,64,1200,0.05,72960,21888,80256,76608
00274,17-05-2024,24-05-2024,P010,C004,R003,S002,90,4500,0,405000,121500,445500,425250
00275,17-05-2024,24-05-2024,P003,C003,R009,S004,54,1200,0.15,55080,16524,60588,57834
00276,18-05-2024,25-05-2024,P008,C001,R003,S005,51,1200,0,61200,18360,67320,64260
00277,18-05-2024,25-05-2024,P009,C006,R005,S001,41,500,0.1,18450,5535,20295,19372.5
00278,19-05-2024,26-05-2024,P006,C004,R009,S006,17,250,0.1,3825,1147.5,4207.5,4016.25
00279,19-05-2024,26-05-2024,P005,C004,R009,S002,70,4500,0.05,299250,89775,329175,314212.5
00280,20-05-2024,27-05-2024,P003,C002,R007,S009,57,4500,0.15,218025,65407.5,239827.5,228926.25
00281,20-05-2024,27-05-2024,P001,C008,R003,S001,82,1200,0.05,93480,28044,102828,98154
00282,21-05-2024,28-05-2024,P009,C001,R001,S008,86,250,0.05,20425,6127.5,22467.5,21446.25
00283,21-05-2024,28-05-2024,P002,C005,R010,S010,62,250,0,15500,4650,17050,16275
00284,22-05-2024,29-05-2024,P007,C006,R006,S005,31,4500,0.15,118575,35572.5,130432.5,124503.75
00285,22-05-2024,29-05-2024,P004,C005,R009,S010,83,1200,0.1,89640,26892,98604,94122
00286,23-05-2024,30-05-2024,P002,C003,R004,S008,72,3200,0,230400,69120,253440,241920
00287,23-05-2024,30-05-2024,P005,C007,R001,S005,57,500,0.05,27075,8122.5,29782.5,28428.75
00288,24-05-2024,31-05-2024,P001,C004,R004,S009,32,4500,0.05,136800,41040,150480,143640
00289,24-05-2024,31-05-2024,P002,C001,R010,S004,46,250,0.1,10350,3105,11385,10867.5
00290,25-05-2024,01-06-2024,P010,C003,R010,S010,69,4500,0.1,279450,83835,307395,293422.5
00291,25-05-2024,01-06-2024,P001,C001,R005,S001,47,1200,0.1,50760,15228,55836,53298
00292,26-05-2024,02-06-2024,P002,C008,R007,S003,94,3200,0.05,285760,85728,314336,300048
00293,26-05-2024,02-06-2024,P010,C004,R005,S008,67,500,0.15,28475,8542.5,31322.5,29898.75
00294,27-05-2024,03-06-2024,P008,C006,R008,S009,82,500,0.05,38950,11685,42845,40897.5
00295,27-05-2024,03-06-2024,P008,C008,R005,S004,35,250,0.1,7875,2362.5,8662.5,8268.75
00296,28-05-2024,04-06-2024,P009,C007,R008,S003,42,1200,0.15,42840,12852,47124,44982
00297,28-05-2024,04-06-2024,P006,C006,R005,S006,90,3200,0.05,273600,82080,300960,287280
00298,29-05-2024,05-06-2024,P004,C001,R003,S010,78,3200,0.15,212160,63648,233376,222768
00299,29-05-2024,05-06-2024,P006,C006,R008,S004,35,4500,0.15,133875,40162.5,147262.5,140568.75
00300,30-05-2024,06-06-2024,P009,C008,R009,S005,53,4500,0.15,202725,60817.5,222997.5,212861.25
00301,30-05-2024,06-06-2024,P002,C009,R005,S003,42,250,0,10500,3150,11550,11025
00302,31-05-2024,07-06-2024,P003,C002,R006,S005,79,1200,0.1,85320,25596,93852,89586
00303,31-05-2024,07-06-2024,P007,C005,R003,S004,22,3200,0.05,66880,20064,73568,70224
00304,01-06-2024,08-06-2024,P001,C010,R003,S009,45,4500,0.15,172125,51637.5,189337.5,180731.25
00305,01-06-2024,08-06-2024,P003,C008,R006,S002,59,1200,0.05,67260,20178,73986,70623
00306,02-06-2024,09-06-2024,P001,C002,R009,S006,30,500,0,15000,4500,16500,15750
00307,02-06-2024,09-06-2024,P002,C007,R009,S006,19,250,0.1,4275,1282.5,4702.5,4488.75
00308,03-06-2024,10-06-2024,P007,C008,R002,S006,19,3200,0,60800,18240,66880,63840
00309,03-06-2024,10-06-2024,P004,C010,R008,S008,90,250,0.1,20250,6075,22275,21262.5
00310,04-06-2024,11-06-2024,P003,C002,R009,S006,95,4500,0,427500,128250,470250,448875
00311,04-06-2024,11-06-2024,P010,C010,R009,S007,40,1200,0,48000,14400,52800,50400
00312,05-06-2024,12-06-2024,P010,C002,R007,S009,77,1200,0.05,87780,26334,96558,92169
00313,05-06-2024,12-06-2024,P004,C004,R002,S005,25,1200,0.1,27000,8100,29700,28350
00314,06-06-2024,13-06-2024,P006,C006,R004,S004,55,1200,0.1,59400,17820,65340,62370
00315,06-06-2024,13-06-2024,P004,C005,R008,S001,66,250,0.05,15675,4702.5,17242.5,16458.75
00316,07-06-2024,14-06-2024,P001,C001,R005,S009,7,3200,0.1,20160,6048,22176,21168
00317,07-06-2024,14-06-2024,P001,C008,R006,S004,79,3200,0.15,214880,64464,236368,225624
00318,08-06-2024,15-06-2024,P002,C009,R004,S003,55,3200,0.1,158400,47520,174240,166320
00319,08-06-2024,15-06-2024,P009,C002,R009,S008,71,4500,0.05,303525,91057.5,333877.5,318701.25
00320,09-06-2024,16-06-2024,P003,C002,R001,S005,97,1200,0.15,98940,29682,108834,103887
00321,09-06-2024,16-06-2024,P003,C008,R005,S007,52,4500,0.15,198900,59670,218790,208845
00322,10-06-2024,17-06-2024,P003,C010,R006,S006,37,250,0.1,8325,2497.5,9157.5,8741.25
00323,10-06-2024,17-06-2024,P010,C010,R007,S009,28,1200,0.05,31920,9576,35112,33516
00324,11-06-2024,18-06-2024,P006,C001,R006,S004,41,500,0.15,17425,5227.5,19167.5,18296.25
00325,11-06-2024,18-06-2024,P004,C008,R003,S009,34,4500,0,153000,45900,168300,160650
00326,12-06-2024,19-06-2024,P007,C002,R003,S006,77,3200,0.1,221760,66528,243936,232848
00327,12-06-2024,19-06-2024,P007,C009,R009,S005,24,4500,0,108000,32400,118800,113400
00328,13-06-2024,20-06-2024,P006,C005,R002,S001,18,1200,0.1,19440,5832,21384,20412
00329,13-06-2024,20-06-2024,P009,C010,R009,S004,35,1200,0.1,37800,11340,41580,39690
00330,14-06-2024,21-06-2024,P010,C008,R009,S004,13,4500,0.15,49725,14917.5,54697.5,52211.25
00331,14-06-2024,21-06-2024,P007,C002,R008,S002,99,3200,0.05,300960,90288,331056,316008
00332,15-06-2024,22-06-2024,P006,C008,R002,S005,57,4500,0.1,230850,69255,253935,242392.5
00333,15-06-2024,22-06-2024,P001,C009,R003,S004,22,500,0.05,10450,3135,11495,10972.5
00334,16-06-2024,23-06-2024,P008,C007,R001,S005,95,4500,0.05,406125,121837.5,446737.5,426431.25
00335,16-06-2024,23-06-2024,P004,C009,R001,S002,41,250,0,10250,3075,11275,10762.5
00336,17-06-2024,24-06-2024,P010,C005,R008,S001,24,3200,0.05,72960,21888,80256,76608
00337,17-06-2024,24-06-2024,P002,C007,R001,S001,19,500,0.05,9025,2707.5,9927.5,9476.25
00338,18-06-2024,25-06-2024,P008,C007,R003,S010,47,250,0.1,10575,3172.5,11632.5,11103.75
00339,18-06-2024,25-06-2024,P001,C008,R006,S009,34,4500,0.15,130050,39015,143055,136552.5
00340,19-06-2024,26-06-2024,P010,C004,R007,S003,59,1200,0.15,60180,18054,66198,63189
00341,19-06-2024,26-06-2024,P008,C005,R010,S007,81,1200,0,97200,29160,106920,102060
00342,20-06-2024,27-06-2024,P007,C005,R007,S002,7,250,0.1,1575,472.5,1732.5,1653.75
00343,20-06-2024,27-06-2024,P001,C001,R003,S010,97,250,0,24250,7275,26675,25462.5
00344,21-06-2024,28-06-2024,P007,C005,R007,S002,27,500,0.15,11475,3442.5,12622.5,12048.75
00345,21-06-2024,28-06-2024,P001,C008,R002,S003,45,3200,0,144000,43200,158400,151200
00346,22-06-2024,29-06-2024,P001,C008,R002,S006,12,500,0,6000,1800,6600,6300
00347,22-06-2024,29-06-2024,P004,C006,R006,S008,5,4500,0,22500,6750,24750,23625
00348,23-06-2024,30-06-2024,P008,C004,R008,S004,96,4500,0.05,410400,123120,451440,430920
00349,23-06-2024,30-06-2024,P001,C007,R009,S003,39,250,0.1,8775,2632.5,9652.5,9213.75
00350,24-06-2024,01-07-2024,P008,C007,R004,S002,34,3200,0.05,103360,31008,113696,108528
00351,24-06-2024,01-07-2024,P001,C001,R010,S010,84,4500,0.05,359100,107730,395010,377055
00352,25-06-2024,02-07-2024,P006,C006,R010,S008,85,3200,0,272000,81600,299200,285600
00353,25-06-2024,02-07-2024,P005,C003,R002,S004,70,3200,0.1,201600,60480,221760,211680
00354,26-06-2024,03-07-2024,P003,C007,R010,S006,65,500,0.15,27625,8287.5,30387.5,29006.25
00355,26-06-2024,03-07-2024,P006,C003,R007,S003,92,4500,0.05,393300,117990,432630,412965
00356,27-06-2024,04-07-2024,P008,C004,R007,S006,64,1200,0,76800,23040,84480,80640
00357,27-06-2024,04-07-2024,P006,C008,R005,S005,97,3200,0.1,279360,83808,307296,293328
00358,28-06-2024,05-07-2024,P006,C003,R007,S004,19,3200,0.15,51680,15504,56848,54264
00359,28-06-2024,05-07-2024,P005,C005,R003,S004,91,4500,0.1,368550,110565,405405,386977.5
00360,29-06-2024,06-07-2024,P007,C003,R010,S008,98,3200,0.05,297920,89376,327712,312816
00361,29-06-2024,06-07-2024,P007,C010,R006,S010,26,4500,0.1,105300,31590,115830,110565
00362,30-06-2024,07-07-2024,P008,C003,R004,S007,84,4500,0.1,340200,102060,374220,357210
00363,30-06-2024,07-07-2024,P001,C002,R002,S010,18,1200,0.05,20520,6156,22572,21546
00364,01-07-2024,08-07-2024,P001,C002,R001,S002,6,1200,0.05,6840,2052,7524,7182
00365,01-07-2024,08-07-2024,P010,C009,R002,S005,91,3200,0.15,247520,74256,272272,259896
00366,02-07-2024,09-07-2024,P006,C001,R009,S005,22,250,0.1,4950,1485,5445,5197.5
00367,02-07-2024,09-07-2024,P005,C001,R003,S003,54,500,0.15,22950,6885,25245,24097.5
00368,03-07-2024,10-07-2024,P007,C002,R002,S007,100,250,0.1,22500,6750,24750,23625
00369,03-07-2024,10-07-2024,P001,C007,R007,S005,14,3200,0,44800,13440,49280,47040
00370,04-07-2024,11-07-2024,P001,C005,R003,S005,32,250,0.05,7600,2280,8360,7980
00371,04-07-2024,11-07-2024,P009,C003,R008,S005,76,3200,0.05,231040,69312,254144,242592
00372,05-07-2024,12-07-2024,P006,C001,R009,S010,62,3200,0.15,168640,50592,185504,177072
00373,05-07-2024,12-07-2024,P002,C004,R003,S002,66,3200,0.1,190080,57024,209088,199584
00374,06-07-2024,13-07-2024,P005,C009,R003,S001,25,4500,0.15,95625,28687.5,105187.5,100406.25
00375,06-07-2024,13-07-2024,P002,C003,R009,S006,71,250,0.15,15087.5,4526.25,16596.25,15841.875
00376,07-07-2024,14-07-2024,P006,C001,R010,S008,50,250,0.05,11875,3562.5,13062.5,12468.75
00377,07-07-2024,14-07-2024,P007,C004,R009,S010,44,500,0.05,20900,6270,22990,21945
00378,08-07-2024,15-07-2024,P005,C008,R002,S007,8,4500,0,36000,10800,39600,37800
00379,08-07-2024,15-07-2024,P004,C005,R001,S006,68,500,0.1,30600,9180,33660,32130
00380,09-07-2024,16-07-2024,P006,C002,R002,S003,78,250,0,19500,5850,21450,20475
00381,09-07-2024,16-07-2024,P008,C003,R008,S002,68,500,0.15,28900,8670,31790,30345
00382,10-07-2024,17-07-2024,P004,C007,R002,S010,98,4500,0.15,374850,112455,412335,393592.5
00383,10-07-2024,17-07-2024,P008,C007,R006,S002,33,500,0.1,14850,4455,16335,15592.5
00384,11-07-2024,18-07-2024,P006,C010,R008,S007,39,500,0.05,18525,5557.5,20377.5,19451.25
00385,11-07-2024,18-07-2024,P003,C005,R008,S008,90,250,0,22500,6750,24750,23625
00386,12-07-2024,19-07-2024,P001,C007,R008,S008,86,3200,0,275200,82560,302720,288960
00387,12-07-2024,19-07-2024,P003,C005,R002,S002,81,1200,0.15,82620,24786,90882,86751
00388,13-07-2024,20-07-2024,P002,C002,R004,S009,15,250,0,3750,1125,4125,3937.5
00389,13-07-2024,20-07-2024,P003,C005,R001,S008,5,1200,0.1,5400,1620,5940,5670
00390,14-07-2024,21-07-2024,P008,C006,R009,S007,59,1200,0.15,60180,18054,66198,63189
00391,14-07-2024,21-07-2024,P001,C008,R007,S005,61,4500,0.1,247050,74115,271755,259402.5
00392,15-07-2024,22-07-2024,P003,C003,R003,S001,27,500,0.1,12150,3645,13365,12757.5
00393,15-07-2024,22-07-2024,P007,C005,R001,S002,26,3200,0,83200,24960,91520,87360
00394,16-07-2024,23-07-2024,P005,C005,R001,S008,78,1200,0,93600,28080,102960,98280
00395,16-07-2024,23-07-2024,P005,C005,R006,S005,7,3200,0.15,19040,5712,20944,19992
00396,17-07-2024,24-07-2024,P008,C004,R004,S004,17,3200,0.1,48960,14688,53856,51408
00397,17-07-2024,24-07-2024,P001,C010,R003,S007,63,4500,0,283500,85050,311850,297675
00398,18-07-2024,25-07-2024,P007,C005,R003,S006,56,4500,0.1,226800,68040,249480,238140
00399,18-07-2024,25-07-2024,P005,C003,R008,S007,26,3200,0.15,70720,21216,77792,74256
00400,19-07-2024,26-07-2024,P004,C006,R005,S010,74,3200,0,236800,71040,260480,248640
00401,19-07-2024,26-07-2024,P009,C010,R005,S009,79,1200,0.15,80580,24174,88638,84609
00402,20-07-2024,27-07-2024,P004,C002,R005,S003,90,1200,0.15,91800,27540,100980,96390
00403,20-07-2024,27-07-2024,P005,C001,R010,S001,42,250,0.05,9975,2992.5,10972.5,10473.75
00404,21-07-2024,28-07-2024,P002,C004,R008,S001,14,500,0.1,6300,1890,6930,6615
00405,21-07-2024,28-07-2024,P002,C006,R001,S001,80,3200,0.05,243200,72960,267520,255360
00406,22-07-2024,29-07-2024,P003,C002,R003,S002,26,3200,0.1,74880,22464,82368,78624
00407,22-07-2024,29-07-2024,P009,C005,R007,S007,55,1200,0.15,56100,16830,61710,58905
00408,23-07-2024,30-07-2024,P002,C009,R002,S004,13,3200,0.1,37440,11232,41184,39312
00409,23-07-2024,30-07-2024,P001,C009,R009,S010,98,1200,0.1,105840,31752,116424,111132
00410,24-07-2024,31-07-2024,P010,C009,R002,S001,24,4500,0.1,97200,29160,106920,102060
00411,24-07-2024,31-07-2024,P001,C008,R008,S006,47,250,0.15,9987.5,2996.25,10986.25,10486.875
00412,25-07-2024,01-08-2024,P006,C001,R001,S005,42,4500,0.15,160650,48195,176715,168682.5
00413,25-07-2024,01-08-2024,P003,C006,R010,S010,55,1200,0,66000,19800,72600,69300
00414,26-07-2024,02-08-2024,P008,C006,R009,S002,90,500,0.1,40500,12150,44550,42525
00415,26-07-2024,02-08-2024,P007,C007,R005,S010,23,250,0.05,5462.5,1638.75,6008.75,5735.625
00416,27-07-2024,03-08-2024,P003,C007,R001,S001,95,250,0.05,22562.5,6768.75,24818.75,23690.625
00417,27-07-2024,03-08-2024,P004,C004,R007,S004,62,1200,0.1,66960,20088,73656,70308
00418,28-07-2024,04-08-2024,P010,C001,R008,S010,21,1200,0.15,21420,6426,23562,22491
00419,28-07-2024,04-08-2024,P003,C005,R001,S010,89,250,0.15,18912.5,5673.75,20803.75,19858.125
00420,29-07-2024,05-08-2024,P001,C007,R005,S004,17,4500,0,76500,22950,84150,80325
00421,29-07-2024,05-08-2024,P003,C004,R001,S008,82,1200,0,98400,29520,108240,103320
00422,30-07-2024,06-08-2024,P010,C009,R009,S005,32,250,0.1,7200,2160,7920,7560
00423,30-07-2024,06-08-2024,P005,C003,R002,S006,68,1200,0.15,69360,20808,76296,72828
00424,31-07-2024,07-08-2024,P009,C006,R004,S002,78,500,0.1,35100,10530,38610,36855
00425,31-07-2024,07-08-2024,P001,C010,R006,S005,58,500,0.15,24650,7395,27115,25882.5
00426,01-08-2024,08-08-2024,P006,C005,R003,S010,57,4500,0.1,230850,69255,253935,242392.5
00427,01-08-2024,08-08-2024,P005,C003,R010,S006,29,500,0.05,13775,4132.5,15152.5,14463.75
00428,02-08-2024,09-08-2024,P005,C008,R005,S008,52,4500,0.1,210600,63180,231660,221130
00429,02-08-2024,09-08-2024,P006,C010,R005,S008,67,4500,0.1,271350,81405,298485,284917.5
00430,03-08-2024,10-08-2024,P007,C007,R002,S008,45,1200,0.05,51300,15390,56430,53865
00431,03-08-2024,10-08-2024,P010,C003,R004,S004,72,3200,0.1,207360,62208,228096,217728
00432,04-08-2024,11-08-2024,P002,C006,R007,S005,48,1200,0.05,54720,16416,60192,57456
00433,04-08-2024,11-08-2024,P007,C003,R007,S009,14,4500,0.05,59850,17955,65835,62842.5
00434,05-08-2024,12-08-2024,P004,C009,R008,S004,44,4500,0.05,188100,56430,206910,197505
00435,05-08-2024,12-08-2024,P007,C003,R001,S001,65,3200,0.1,187200,56160,205920,196560
00436,06-08-2024,13-08-2024,P004,C007,R006,S008,71,3200,0.15,193120,57936,212432,202776
00437,06-08-2024,13-08-2024,P005,C003,R010,S008,29,4500,0.1,117450,35235,129195,123322.5
00438,07-08-2024,14-08-2024,P009,C001,R001,S005,74,250,0.15,15725,4717.5,17297.5,16511.25
00439,07-08-2024,14-08-2024,P008,C004,R001,S004,12,4500,0.1,48600,14580,53460,51030
00440,08-08-2024,15-08-2024,P010,C006,R003,S008,91,4500,0.15,348075,104422.5,382882.5,365478.75
00441,08-08-2024,15-08-2024,P005,C007,R010,S006,57,4500,0.1,230850,69255,253935,242392.5
00442,09-08-2024,16-08-2024,P006,C010,R004,S008,44,250,0.1,9900,2970,10890,10395
00443,09-08-2024,16-08-2024,P006,C007,R009,S006,86,500,0.15,36550,10965,40205,38377.5
00444,10-08-2024,17-08-2024,P003,C002,R004,S002,50,3200,0.05,152000,45600,167200,159600
00445,10-08-2024,17-08-2024,P003,C009,R009,S006,22,500,0,11000,3300,12100,11550
00446,11-08-2024,18-08-2024,P002,C002,R002,S006,5,4500,0,22500,6750,24750,23625
00447,11-08-2024,18-08-2024,P006,C003,R006,S003,22,500,0,11000,3300,12100,11550
00448,12-08-2024,19-08-2024,P006,C007,R006,S007,29,500,0.1,13050,3915,14355,13702.5
00449,12-08-2024,19-08-2024,P008,C005,R006,S010,36,250,0.1,8100,2430,8910,8505
00450,13-08-2024,20-08-2024,P006,C004,R005,S003,91,3200,0,291200,87360,320320,305760
00451,13-08-2024,20-08-2024,P009,C004,R010,S009,47,250,0.15,9987.5,2996.25,10986.25,10486.875
00452,14-08-2024,21-08-2024,P003,C004,R003,S009,44,250,0.15,9350,2805,10285,9817.5
00453,14-08-2024,21-08-2024,P005,C007,R003,S002,98,1200,0.1,105840,31752,116424,111132
00454,15-08-2024,22-08-2024,P003,C004,R006,S003,98,3200,0.15,266560,79968,293216,279888
00455,15-08-2024,22-08-2024,P008,C004,R005,S010,37,1200,0.15,37740,11322,41514,39627
00456,16-08-2024,23-08-2024,P009,C004,R008,S008,84,4500,0.05,359100,107730,395010,377055
00457,16-08-2024,23-08-2024,P004,C003,R004,S008,18,3200,0.1,51840,15552,57024,54432
00458,17-08-2024,24-08-2024,P005,C009,R009,S010,88,1200,0.05,100320,30096,110352,105336
00459,17-08-2024,24-08-2024,P002,C008,R004,S009,66,1200,0.05,75240,22572,82764,79002
00460,18-08-2024,25-08-2024,P008,C003,R010,S005,77,3200,0.15,209440,62832,230384,219912
00461,18-08-2024,25-08-2024,P008,C008,R010,S010,87,250,0.05,20662.5,6198.75,22728.75,21695.625
00462,19-08-2024,26-08-2024,P008,C008,R006,S005,66,3200,0.05,200640,60192,220704,210672
00463,19-08-2024,26-08-2024,P001,C001,R005,S001,18,3200,0.1,51840,15552,57024,54432
00464,20-08-2024,27-08-2024,P005,C004,R009,S005,92,250,0,23000,6900,25300,24150
00465,20-08-2024,27-08-2024,P006,C005,R003,S007,54,3200,0,172800,51840,190080,181440
00466,21-08-2024,28-08-2024,P008,C009,R010,S002,55,4500,0.1,222750,66825,245025,233887.5
00467,21-08-2024,28-08-2024,P001,C003,R002,S006,74,3200,0.1,213120,63936,234432,223776
00468,22-08-2024,29-08-2024,P010,C001,R003,S005,59,1200,0.1,63720,19116,70092,66906
00469,22-08-2024,29-08-2024,P005,C008,R010,S002,78,3200,0,249600,74880,274560,262080
00470,23-08-2024,30-08-2024,P005,C005,R010,S005,43,3200,0.15,116960,35088,128656,122808
00471,23-08-2024,30-08-2024,P009,C008,R001,S001,41,250,0,10250,3075,11275,10762.5
00472,24-08-2024,31-08-2024,P008,C008,R007,S002,19,1200,0.05,21660,6498,23826,22743
00473,24-08-2024,31-08-2024,P007,C010,R008,S004,49,250,0.1,11025,3307.5,12127.5,11576.25
00474,25-08-2024,01-09-2024,P004,C009,R002,S001,85,3200,0.15,231200,69360,254320,242760
00475,25-08-2024,01-09-2024,P006,C003,R004,S002,33,250,0.05,7837.5,2351.25,8621.25,8229.375
00476,26-08-2024,02-09-2024,P002,C001,R009,S006,16,4500,0.15,61200,18360,67320,64260
00477,26-08-2024,02-09-2024,P006,C006,R005,S001,46,3200,0.15,125120,37536,137632,131376
00478,27-08-2024,03-09-2024,P007,C002,R002,S004,44,250,0,11000,3300,12100,11550
00479,27-08-2024,03-09-2024,P006,C007,R003,S007,73,4500,0.15,279225,83767.5,307147.5,293186.25
00480,28-08-2024,04-09-2024,P004,C006,R008,S006,99,4500,0.1,400950,120285,441045,420997.5
00481,28-08-2024,04-09-2024,P009,C004,R005,S007,95,1200,0.05,108300,32490,119130,113715
00482,29-08-2024,05-09-2024,P005,C005,R009,S008,82,500,0.1,36900,11070,40590,38745
00483,29-08-2024,05-09-2024,P006,C006,R002,S008,7,4500,0.1,28350,8505,31185,29767.5
00484,30-08-2024,06-09-2024,P010,C010,R010,S005,49,4500,0.05,209475,62842.5,230422.5,219948.75
00485,30-08-2024,06-09-2024,P001,C007,R008,S003,41,250,0,10250,3075,11275,10762.5
00486,31-08-2024,07-09-2024,P005,C002,R003,S003,67,250,0.15,14237.5,4271.25,15661.25,14949.375
00487,31-08-2024,07-09-2024,P007,C001,R007,S009,87,1200,0.05,99180,29754,109098,104139
00488,01-09-2024,08-09-2024,P008,C007,R008,S009,97,4500,0,436500,130950,480150,458325
00489,01-09-2024,08-09-2024,P006,C002,R006,S007,29,3200,0.15,78880,23664,86768,82824
00490,02-09-2024,09-09-2024,P006,C003,R010,S006,27,4500,0.1,109350,32805,120285,114817.5
00491,02-09-2024,09-09-2024,P009,C002,R009,S002,66,250,0.05,15675,4702.5,17242.5,16458.75
00492,03-09-2024,10-09-2024,P002,C009,R004,S010,87,1200,0.1,93960,28188,103356,98658
00493,03-09-2024,10-09-2024,P010,C001,R009,S008,75,500,0.1,33750,10125,37125,35437.5
00494,04-09-2024,11-09-2024,P010,C005,R008,S005,45,4500,0.05,192375,57712.5,211612.5,201993.75
00495,04-09-2024,11-09-2024,P008,C001,R009,S007,15,1200,0.15,15300,4590,16830,16065
00496,05-09-2024,12-09-2024,P010,C010,R006,S002,38,1200,0,45600,13680,50160,47880
00497,05-09-2024,12-09-2024,P002,C004,R009,S003,61,250,0.05,14487.5,4346.25,15936.25,15211.875
00498,06-09-2024,13-09-2024,P006,C006,R002,S004,62,1200,0,74400,22320,81840,78120
00499,06-09-2024,13-09-2024,P002,C010,R005,S003,51,500,0,25500,7650,28050,26775
00500,07-09-2024,14-09-2024,P007,C009,R002,S008,87,500,0.15,36975,11092.5,40672.5,38823.75
00501,07-09-2024,14-09-2024,P010,C008,R007,S004,56,4500,0.1,226800,68040,249480,238140
00502,08-09-2024,15-09-2024,P009,C005,R005,S001,85,1200,0.1,91800,27540,100980,96390
00503,08-09-2024,15-09-2024,P010,C008,R007,S002,58,1200,0.15,59160,17748,65076,62118
00504,09-09-2024,16-09-2024,P003,C008,R005,S007,71,250,0,17750,5325,19525,18637.5
00505,09-09-2024,16-09-2024,P004,C003,R005,S009,45,250,0.1,10125,3037.5,11137.5,10631.25
00506,10-09-2024,17-09-2024,P006,C001,R008,S001,99,3200,0.05,300960,90288,331056,316008
00507,10-09-2024,17-09-2024,P003,C007,R002,S007,59,250,0.05,14012.5,4203.75,15413.75,14713.125
00508,11-09-2024,18-09-2024,P008,C009,R007,S008,43,4500,0.15,164475,49342.5,180922.5,172698.75
00509,11-09-2024,18-09-2024,P004,C002,R009,S010,88,3200,0.15,239360,71808,263296,251328
00510,12-09-2024,19-09-2024,P001,C009,R010,S008,92,4500,0.1,372600,111780,409860,391230
00511,12-09-2024,19-09-2024,P005,C007,R007,S009,60,500,0.15,25500,7650,28050,26775
00512,13-09-2024,20-09-2024,P009,C003,R006,S002,75,4500,0.05,320625,96187.5,352687.5,336656.25
00513,13-09-2024,20-09-2024,P005,C010,R007,S004,40,250,0.1,9000,2700,9900,9450
00514,14-09-2024,21-09-2024,P007,C007,R004,S002,58,4500,0,261000,78300,287100,274050
00515,14-09-2024,21-09-2024,P009,C006,R004,S004,40,250,0.1,9000,2700,9900,9450
00516,15-09-2024,22-09-2024,P005,C001,R009,S008,59,1200,0.05,67260,20178,73986,70623
00517,15-09-2024,22-09-2024,P005,C005,R004,S006,12,3200,0.1,34560,10368,38016,36288
00518,16-09-2024,23-09-2024,P004,C006,R001,S002,34,1200,0.05,38760,11628,42636,40698
00519,16-09-2024,23-09-2024,P005,C008,R003,S002,58,500,0.1,26100,7830,28710,27405
00520,17-09-2024,24-09-2024,P003,C006,R003,S003,66,500,0.1,29700,8910,32670,31185
00521,17-09-2024,24-09-2024,P003,C010,R004,S003,33,250,0.1,7425,2227.5,8167.5,7796.25
00522,18-09-2024,25-09-2024,P009,C002,R003,S002,33,1200,0.1,35640,10692,39204,37422
00523,18-09-2024,25-09-2024,P004,C009,R007,S003,98,500,0.05,46550,13965,51205,48877.5
00524,19-09-2024,26-09-2024,P001,C001,R001,S005,61,250,0,15250,4575,16775,16012.5
00525,19-09-2024,26-09-2024,P008,C004,R003,S004,45,4500,0.05,192375,57712.5,211612.5,201993.75
00526,20-09-2024,27-09-2024,P006,C005,R009,S008,87,1200,0.15,88740,26622,97614,93177
00527,20-09-2024,27-09-2024,P002,C010,R002,S003,90,4500,0.1,364500,109350,400950,382725
00528,21-09-2024,28-09-2024,P002,C002,R009,S006,79,250,0,19750,5925,21725,20737.5
00529,21-09-2024,28-09-2024,P008,C001,R003,S004,95,3200,0.1,273600,82080,300960,287280
00530,22-09-2024,29-09-2024,P006,C009,R006,S009,40,250,0.05,9500,2850,10450,9975
00531,22-09-2024,29-09-2024,P004,C005,R010,S010,53,500,0.1,23850,7155,26235,25042.5
00532,23-09-2024,30-09-2024,P003,C010,R008,S003,12,3200,0,38400,11520,42240,40320
00533,23-09-2024,30-09-2024,P004,C009,R005,S004,31,1200,0.15,31620,9486,34782,33201
00534,24-09-2024,01-10-2024,P009,C006,R004,S006,72,1200,0.15,73440,22032,80784,77112
00535,24-09-2024,01-10-2024,P007,C008,R008,S005,87,500,0.15,36975,11092.5,40672.5,38823.75
00536,25-09-2024,02-10-2024,P005,C004,R007,S006,23,3200,0.15,62560,18768,68816,65688
00537,25-09-2024,02-10-2024,P001,C001,R009,S004,85,250,0,21250,6375,23375,22312.5
00538,26-09-2024,03-10-2024,P004,C003,R006,S004,70,4500,0,315000,94500,346500,330750
00539,26-09-2024,03-10-2024,P004,C004,R010,S004,67,500,0.1,30150,9045,33165,31657.5
00540,27-09-2024,04-10-2024,P007,C002,R002,S005,54,1200,0.1,58320,17496,64152,61236
00541,27-09-2024,04-10-2024,P003,C009,R001,S002,57,500,0.1,25650,7695,28215,26932.5
00542,28-09-2024,05-10-2024,P002,C008,R010,S008,83,1200,0,99600,29880,109560,104580
00543,28-09-2024,05-10-2024,P009,C007,R001,S005,81,1200,0,97200,29160,106920,102060
00544,29-09-2024,06-10-2024,P006,C006,R010,S009,34,250,0.05,8075,2422.5,8882.5,8478.75
00545,29-09-2024,06-10-2024,P003,C003,R006,S004,43,500,0.05,20425,6127.5,22467.5,21446.25
00546,30-09-2024,07-10-2024,P008,C004,R005,S005,96,500,0.05,45600,13680,50160,47880
00547,30-09-2024,07-10-2024,P003,C010,R010,S010,68,1200,0.1,73440,22032,80784,77112
00548,01-10-2024,08-10-2024,P009,C005,R005,S004,48,500,0.05,22800,6840,25080,23940
00549,01-10-2024,08-10-2024,P006,C001,R006,S005,29,500,0.1,13050,3915,14355,13702.5
00550,02-10-2024,09-10-2024,P005,C010,R010,S007,20,500,0.05,9500,2850,10450,9975
00551,02-10-2024,09-10-2024,P002,C005,R006,S010,14,1200,0.1,15120,4536,16632,15876
00552,03-10-2024,10-10-2024,P007,C002,R009,S009,13,250,0.1,2925,877.5,3217.5,3071.25
00553,03-10-2024,10-10-2024,P007,C005,R006,S005,90,250,0.05,21375,6412.5,23512.5,22443.75
00554,04-10-2024,11-10-2024,P003,C002,R003,S003,43,500,0.1,19350,5805,21285,20317.5
00555,04-10-2024,11-10-2024,P009,C002,R009,S007,83,4500,0.15,317475,95242.5,349222.5,333348.75
00556,05-10-2024,12-10-2024,P002,C007,R008,S010,30,250,0.05,7125,2137.5,7837.5,7481.25
00557,05-10-2024,12-10-2024,P008,C001,R010,S001,64,250,0.15,13600,4080,14960,14280
00558,06-10-2024,13-10-2024,P004,C004,R003,S006,27,250,0.1,6075,1822.5,6682.5,6378.75
00559,06-10-2024,13-10-2024,P003,C004,R001,S003,63,3200,0.1,181440,54432,199584,190512
00560,07-10-2024,14-10-2024,P001,C009,R004,S001,8,1200,0,9600,2880,10560,10080
00561,07-10-2024,14-10-2024,P009,C007,R004,S005,83,250,0.15,17637.5,5291.25,19401.25,18519.375
00562,08-10-2024,15-10-2024,P004,C007,R002,S005,73,250,0.15,15512.5,4653.75,17063.75,16288.125
00563,08-10-2024,15-10-2024,P008,C010,R003,S007,28,4500,0.15,107100,32130,117810,112455
00564,09-10-2024,16-10-2024,P006,C010,R009,S010,45,3200,0.15,122400,36720,134640,128520
00565,09-10-2024,16-10-2024,P004,C001,R002,S006,9,1200,0.1,9720,2916,10692,10206
00566,10-10-2024,17-10-2024,P010,C005,R008,S007,60,3200,0.15,163200,48960,179520,171360
00567,10-10-2024,17-10-2024,P009,C004,R006,S007,60,500,0.1,27000,8100,29700,28350
00568,11-10-2024,18-10-2024,P006,C006,R008,S005,93,1200,0.1,100440,30132,110484,105462
00569,11-10-2024,18-10-2024,P010,C006,R009,S004,53,1200,0,63600,19080,69960,66780
00570,12-10-2024,19-10-2024,P002,C004,R009,S005,8,3200,0.05,24320,7296,26752,25536
00571,12-10-2024,19-10-2024,P007,C002,R005,S007,45,250,0.05,10687.5,3206.25,11756.25,11221.875
00572,13-10-2024,20-10-2024,P003,C001,R002,S009,33,1200,0.05,37620,11286,41382,39501
00573,13-10-2024,20-10-2024,P007,C008,R006,S009,17,1200,0,20400,6120,22440,21420
00574,14-10-2024,21-10-2024,P003,C001,R007,S009,78,1200,0.05,88920,26676,97812,93366
00575,14-10-2024,21-10-2024,P007,C006,R002,S002,37,1200,0,44400,13320,48840,46620
00576,15-10-2024,22-10-2024,P006,C003,R010,S009,10,250,0.05,2375,712.5,2612.5,2493.75
00577,15-10-2024,22-10-2024,P007,C003,R009,S009,16,500,0.05,7600,2280,8360,7980
00578,16-10-2024,23-10-2024,P003,C005,R006,S008,16,3200,0.1,46080,13824,50688,48384
00579,16-10-2024,23-10-2024,P006,C008,R002,S010,50,4500,0.1,202500,60750,222750,212625
00580,17-10-2024,24-10-2024,P003,C005,R007,S005,96,4500,0.15,367200,110160,403920,385560
00581,17-10-2024,24-10-2024,P009,C004,R005,S004,67,3200,0,214400,64320,235840,225120
00582,18-10-2024,25-10-2024,P002,C001,R006,S001,29,4500,0,130500,39150,143550,137025
00583,18-10-2024,25-10-2024,P004,C008,R010,S008,69,3200,0.05,209760,62928,230736,220248
00584,19-10-2024,26-10-2024,P005,C008,R004,S007,74,250,0.1,16650,4995,18315,17482.5
00585,19-10-2024,26-10-2024,P005,C009,R009,S007,95,4500,0.05,406125,121837.5,446737.5,426431.25
00586,20-10-2024,27-10-2024,P010,C003,R003,S007,58,250,0,14500,4350,15950,15225
00587,20-10-2024,27-10-2024,P003,C007,R010,S007,43,500,0.1,19350,5805,21285,20317.5
00588,21-10-2024,28-10-2024,P001,C008,R001,S004,88,500,0,44000,13200,48400,46200
00589,21-10-2024,28-10-2024,P003,C010,R004,S007,86,1200,0,103200,30960,113520,108360
00590,22-10-2024,29-10-2024,P009,C004,R007,S001,13,4500,0.05,55575,16672.5,61132.5,58353.75
00591,22-10-2024,29-10-2024,P002,C006,R004,S005,54,1200,0.1,58320,17496,64152,61236
00592,23-10-2024,30-10-2024,P002,C002,R006,S003,57,250,0,14250,4275,15675,14962.5
00593,23-10-2024,30-10-2024,P007,C001,R009,S001,49,500,0,24500,7350,26950,25725
00594,24-10-2024,31-10-2024,P006,C009,R001,S005,46,4500,0.1,186300,55890,204930,195615
00595,24-10-2024,31-10-2024,P005,C005,R002,S006,45,500,0.15,19125,5737.5,21037.5,20081.25
00596,25-10-2024,01-11-2024,P003,C002,R004,S009,93,250,0.1,20925,6277.5,23017.5,21971.25
00597,25-10-2024,01-11-2024,P008,C004,R008,S010,96,3200,0.1,276480,82944,304128,290304
00598,26-10-2024,02-11-2024,P005,C010,R005,S006,88,250,0.1,19800,5940,21780,20790
00599,26-10-2024,02-11-2024,P008,C006,R006,S003,37,1200,0.1,39960,11988,43956,41958
00600,27-10-2024,03-11-2024,P009,C009,R001,S009,77,250,0.1,17325,5197.5,19057.5,18191.25
00601,27-10-2024,03-11-2024,P007,C001,R002,S006,54,4500,0.1,218700,65610,240570,229635
00602,28-10-2024,04-11-2024,P003,C003,R004,S002,79,500,0.05,37525,11257.5,41277.5,39401.25
00603,28-10-2024,04-11-2024,P001,C010,R003,S008,100,3200,0.15,272000,81600,299200,285600
00604,29-10-2024,05-11-2024,P004,C007,R005,S002,31,4500,0.05,132525,39757.5,145777.5,139151.25
00605,29-10-2024,05-11-2024,P010,C001,R006,S004,14,1200,0,16800,5040,18480,17640
00606,30-10-2024,06-11-2024,P010,C006,R008,S010,73,3200,0.1,210240,63072,231264,220752
00607,30-10-2024,06-11-2024,P002,C005,R006,S005,49,3200,0,156800,47040,172480,164640
00608,31-10-2024,07-11-2024,P007,C003,R009,S007,7,4500,0.05,29925,8977.5,32917.5,31421.25
00609,31-10-2024,07-11-2024,P006,C006,R003,S009,28,3200,0.05,85120,25536,93632,89376
00610,01-11-2024,08-11-2024,P001,C007,R008,S006,56,1200,0.05,63840,19152,70224,67032
00611,01-11-2024,08-11-2024,P001,C007,R001,S005,52,3200,0,166400,49920,183040,174720
00612,02-11-2024,09-11-2024,P002,C001,R003,S007,92,250,0.05,21850,6555,24035,22942.5
00613,02-11-2024,09-11-2024,P003,C008,R006,S006,18,500,0.05,8550,2565,9405,8977.5
00614,03-11-2024,10-11-2024,P001,C005,R007,S003,48,500,0.15,20400,6120,22440,21420
00615,03-11-2024,10-11-2024,P005,C005,R004,S004,20,250,0.1,4500,1350,4950,4725
00616,04-11-2024,11-11-2024,P007,C008,R009,S009,88,4500,0.1,356400,106920,392040,374220
00617,04-11-2024,11-11-2024,P010,C004,R008,S003,30,250,0,7500,2250,8250,7875
00618,05-11-2024,12-11-2024,P004,C001,R002,S004,73,4500,0,328500,98550,361350,344925
00619,05-11-2024,12-11-2024,P007,C005,R004,S009,99,1200,0.1,106920,32076,117612,112266
00620,06-11-2024,13-11-2024,P010,C007,R001,S008,47,4500,0.1,190350,57105,209385,199867.5
00621,06-11-2024,13-11-2024,P002,C004,R009,S003,22,1200,0.15,22440,6732,24684,23562
00622,07-11-2024,14-11-2024,P006,C002,R008,S007,27,3200,0,86400,25920,95040,90720
00623,07-11-2024,14-11-2024,P010,C004,R006,S002,81,4500,0.1,328050,98415,360855,344452.5
00624,08-11-2024,15-11-2024,P007,C010,R007,S005,38,250,0.15,8075,2422.5,8882.5,8478.75
00625,08-11-2024,15-11-2024,P006,C004,R003,S004,71,3200,0,227200,68160,249920,238560
00626,09-11-2024,16-11-2024,P007,C007,R007,S006,52,500,0.15,22100,6630,24310,23205
00627,09-11-2024,16-11-2024,P009,C009,R010,S010,99,4500,0.1,400950,120285,441045,420997.5
00628,10-11-2024,17-11-2024,P001,C010,R002,S007,56,4500,0.15,214200,64260,235620,224910
00629,10-11-2024,17-11-2024,P001,C005,R007,S003,74,4500,0.15,283050,84915,311355,297202.5
00630,11-11-2024,18-11-2024,P002,C001,R005,S003,86,3200,0,275200,82560,302720,288960
00631,11-11-2024,18-11-2024,P003,C009,R008,S003,53,3200,0.05,161120,48336,177232,169176
00632,12-11-2024,19-11-2024,P010,C002,R009,S009,48,4500,0.1,194400,58320,213840,204120
00633,12-11-2024,19-11-2024,P010,C001,R010,S002,28,1200,0.05,31920,9576,35112,33516
00634,13-11-2024,20-11-2024,P009,C009,R002,S007,10,250,0,2500,750,2750,2625
00635,13-11-2024,20-11-2024,P007,C009,R006,S003,27,500,0.1,12150,3645,13365,12757.5
00636,14-11-2024,21-11-2024,P006,C009,R001,S005,25,4500,0.1,101250,30375,111375,106312.5
00637,14-11-2024,21-11-2024,P010,C003,R005,S008,48,4500,0.1,194400,58320,213840,204120
00638,15-11-2024,22-11-2024,P004,C007,R007,S003,18,500,0.05,8550,2565,9405,8977.5
00639,15-11-2024,22-11-2024,P008,C007,R002,S007,79,3200,0.05,240160,72048,264176,252168
00640,16-11-2024,23-11-2024,P009,C010,R004,S007,5,1200,0,6000,1800,6600,6300
00641,16-11-2024,23-11-2024,P005,C002,R001,S001,84,1200,0.1,90720,27216,99792,95256
00642,17-11-2024,24-11-2024,P008,C007,R001,S002,88,250,0.05,20900,6270,22990,21945
00643,17-11-2024,24-11-2024,P003,C010,R001,S004,25,500,0.05,11875,3562.5,13062.5,12468.75
00644,18-11-2024,25-11-2024,P006,C001,R005,S001,76,250,0.15,16150,4845,17765,16957.5
00645,18-11-2024,25-11-2024,P002,C005,R010,S009,89,1200,0.05,101460,30438,111606,106533
00646,19-11-2024,26-11-2024,P006,C007,R005,S001,59,4500,0.15,225675,67702.5,248242.5,236958.75
00647,19-11-2024,26-11-2024,P010,C005,R008,S005,78,1200,0.05,88920,26676,97812,93366
00648,20-11-2024,27-11-2024,P006,C001,R008,S007,25,3200,0.15,68000,20400,74800,71400
00649,20-11-2024,27-11-2024,P008,C002,R004,S002,52,250,0,13000,3900,14300,13650
00650,21-11-2024,28-11-2024,P008,C004,R007,S008,30,500,0,15000,4500,16500,15750
00651,21-11-2024,28-11-2024,P009,C001,R010,S009,97,1200,0.15,98940,29682,108834,103887
00652,22-11-2024,29-11-2024,P003,C009,R004,S006,13,1200,0.15,13260,3978,14586,13923
00653,22-11-2024,29-11-2024,P001,C003,R001,S002,67,500,0.1,30150,9045,33165,31657.5
00654,23-11-2024,30-11-2024,P007,C004,R003,S006,49,1200,0.1,52920,15876,58212,55566
00655,23-11-2024,30-11-2024,P010,C003,R009,S004,34,4500,0,153000,45900,168300,160650
00656,24-11-2024,01-12-2024,P009,C009,R005,S006,49,1200,0.05,55860,16758,61446,58653
00657,24-11-2024,01-12-2024,P001,C002,R010,S008,34,4500,0.15,130050,39015,143055,136552.5
00658,25-11-2024,02-12-2024,P002,C006,R002,S010,67,3200,0.05,203680,61104,224048,213864
00659,25-11-2024,02-12-2024,P008,C009,R006,S005,36,1200,0.15,36720,11016,40392,38556
00660,26-11-2024,03-12-2024,P007,C001,R003,S001,52,250,0.15,11050,3315,12155,11602.5
00661,26-11-2024,03-12-2024,P010,C003,R002,S010,40,4500,0.15,153000,45900,168300,160650
00662,27-11-2024,04-12-2024,P003,C005,R006,S005,41,500,0.15,17425,5227.5,19167.5,18296.25
00663,27-11-2024,04-12-2024,P002,C010,R010,S008,36,500,0,18000,5400,19800,18900
00664,28-11-2024,05-12-2024,P005,C003,R004,S009,29,3200,0,92800,27840,102080,97440
00665,28-11-2024,05-12-2024,P003,C008,R002,S008,9,1200,0.1,9720,2916,10692,10206
00666,29-11-2024,06-12-2024,P009,C006,R004,S005,69,3200,0,220800,66240,242880,231840
00667,29-11-2024,06-12-2024,P007,C008,R006,S008,25,3200,0.1,72000,21600,79200,75600
00668,30-11-2024,07-12-2024,P005,C009,R003,S010,75,3200,0.15,204000,61200,224400,214200
00669,30-11-2024,07-12-2024,P008,C009,R006,S006,14,4500,0.05,59850,17955,65835,62842.5
00670,01-12-2024,08-12-2024,P001,C005,R009,S003,87,4500,0.05,371925,111577.5,409117.5,390521.25
00671,01-12-2024,08-12-2024,P007,C004,R006,S005,93,250,0,23250,6975,25575,24412.5
00672,02-12-2024,09-12-2024,P008,C009,R010,S005,79,1200,0,94800,28440,104280,99540
00673,02-12-2024,09-12-2024,P007,C006,R009,S008,82,250,0,20500,6150,22550,21525
00674,03-12-2024,10-12-2024,P005,C006,R008,S005,86,3200,0.15,233920,70176,257312,245616
00675,03-12-2024,10-12-2024,P002,C009,R009,S005,39,500,0.05,18525,5557.5,20377.5,19451.25
00676,04-12-2024,11-12-2024,P010,C004,R007,S010,43,1200,0.05,49020,14706,53922,51471
00677,04-12-2024,11-12-2024,P003,C007,R009,S003,68,4500,0.05,290700,87210,319770,305235
00678,05-12-2024,12-12-2024,P002,C005,R008,S006,82,500,0.1,36900,11070,40590,38745
00679,05-12-2024,12-12-2024,P008,C009,R008,S010,33,1200,0.1,35640,10692,39204,37422
00680,06-12-2024,13-12-2024,P008,C010,R004,S003,17,3200,0.15,46240,13872,50864,48552
00681,06-12-2024,13-12-2024,P005,C004,R001,S001,7,500,0,3500,1050,3850,3675
00682,07-12-2024,14-12-2024,P006,C005,R007,S006,29,250,0.1,6525,1957.5,7177.5,6851.25
00683,07-12-2024,14-12-2024,P002,C010,R005,S001,8,3200,0,25600,7680,28160,26880
00684,08-12-2024,15-12-2024,P005,C010,R008,S008,18,250,0.15,3825,1147.5,4207.5,4016.25
00685,08-12-2024,15-12-2024,P002,C004,R007,S003,92,250,0.1,20700,6210,22770,21735
00686,09-12-2024,16-12-2024,P005,C006,R001,S007,14,250,0,3500,1050,3850,3675
00687,09-12-2024,16-12-2024,P006,C006,R009,S006,94,1200,0.05,107160,32148,117876,112518
00688,10-12-2024,17-12-2024,P009,C003,R010,S005,11,3200,0.1,31680,9504,34848,33264
00689,10-12-2024,17-12-2024,P010,C003,R005,S004,22,3200,0.05,66880,20064,73568,70224
00690,11-12-2024,18-12-2024,P001,C003,R008,S002,95,500,0,47500,14250,52250,49875
00691,11-12-2024,18-12-2024,P001,C008,R007,S001,72,4500,0,324000,97200,356400,340200
00692,12-12-2024,19-12-2024,P010,C010,R008,S001,20,250,0,5000,1500,5500,5250
00693,12-12-2024,19-12-2024,P008,C002,R007,S006,90,1200,0.1,97200,29160,106920,102060
00694,13-12-2024,20-12-2024,P005,C008,R009,S005,86,250,0.15,18275,5482.5,20102.5,19188.75
00695,13-12-2024,20-12-2024,P007,C007,R005,S010,40,250,0,10000,3000,11000,10500
00696,14-12-2024,21-12-2024,P004,C010,R001,S007,75,1200,0.1,81000,24300,89100,85050
00697,14-12-2024,21-12-2024,P008,C010,R009,S004,43,250,0.1,9675,2902.5,10642.5,10158.75
00698,15-12-2024,22-12-2024,P001,C007,R008,S001,90,250,0.1,20250,6075,22275,21262.5
00699,15-12-2024,22-12-2024,P001,C006,R009,S001,67,4500,0,301500,90450,331650,316575
00700,16-12-2024,23-12-2024,P005,C009,R007,S009,67,250,0.1,15075,4522.5,16582.5,15828.75
00701,16-12-2024,23-12-2024,P007,C003,R004,S004,27,3200,0,86400,25920,95040,90720
00702,17-12-2024,24-12-2024,P006,C006,R009,S007,95,250,0,23750,7125,26125,24937.5
00703,17-12-2024,24-12-2024,P007,C003,R010,S003,78,250,0.15,16575,4972.5,18232.5,17403.75
00704,18-12-2024,25-12-2024,P008,C005,R007,S010,23,4500,0.1,93150,27945,102465,97807.5
00705,18-12-2024,25-12-2024,P009,C001,R005,S006,95,1200,0,114000,34200,125400,119700
00706,19-12-2024,26-12-2024,P008,C010,R008,S009,72,500,0.15,30600,9180,33660,32130
00707,19-12-2024,26-12-2024,P002,C008,R010,S001,90,4500,0.15,344250,103275,378675,361462.5
00708,20-12-2024,27-12-2024,P002,C001,R003,S001,83,250,0.05,19712.5,5913.75,21683.75,20698.125
00709,20-12-2024,27-12-2024,P004,C008,R002,S003,56,500,0,28000,8400,30800,29400
00710,21-12-2024,28-12-2024,P004,C006,R008,S010,65,500,0,32500,9750,35750,34125
00711,21-12-2024,28-12-2024,P005,C002,R004,S002,45,4500,0,202500,60750,222750,212625
00712,22-12-2024,29-12-2024,P004,C009,R010,S004,68,3200,0.1,195840,58752,215424,205632
00713,22-12-2024,29-12-2024,P008,C010,R003,S009,66,4500,0.15,252450,75735,277695,265072.5
00714,23-12-2024,30-12-2024,P003,C006,R010,S007,65,500,0.05,30875,9262.5,33962.5,32418.75
00715,23-12-2024,30-12-2024,P004,C009,R008,S004,15,1200,0,18000,5400,19800,18900
00716,24-12-2024,31-12-2024,P001,C004,R002,S004,83,4500,0.05,354825,106447.5,390307.5,372566.25
00717,24-12-2024,31-12-2024,P010,C004,R001,S004,23,250,0,5750,1725,6325,6037.5
00718,25-12-2024,01-01-2025,P003,C007,R006,S006,94,3200,0.1,270720,81216,297792,284256
00719,25-12-2024,01-01-2025,P007,C007,R009,S007,32,1200,0,38400,11520,42240,40320
00720,26-12-2024,02-01-2025,P002,C005,R001,S010,74,3200,0.1,213120,63936,234432,223776
00721,26-12-2024,02-01-2025,P006,C006,R003,S005,32,3200,0,102400,30720,112640,107520
00722,27-12-2024,03-01-2025,P006,C002,R003,S010,24,1200,0.1,25920,7776,28512,27216
00723,27-12-2024,03-01-2025,P009,C004,R010,S001,36,3200,0.05,109440,32832,120384,114912
00724,28-12-2024,04-01-2025,P008,C006,R005,S010,74,3200,0.05,224960,67488,247456,236208
00725,28-12-2024,04-01-2025,P002,C010,R009,S009,78,1200,0,93600,28080,102960,98280
00726,29-12-2024,05-01-2025,P001,C009,R009,S007,88,1200,0,105600,31680,116160,110880
00727,29-12-2024,05-01-2025,P010,C007,R009,S001,8,1200,0.15,8160,2448,8976,8568
00728,30-12-2024,06-01-2025,P003,C007,R007,S005,62,4500,0.15,237150,71145,260865,249007.5
00729,30-12-2024,06-01-2025,P006,C008,R006,S007,26,500,0.1,11700,3510,12870,12285
00730,31-12-2024,07-01-2025,P010,C003,R008,S003,50,3200,0,160000,48000,176000,168000
00731,31-12-2024,07-01-2025,P010,C007,R005,S005,37,1200,0,44400,13320,48840,46620
00732,01-01-2025,08-01-2025,P010,C008,R004,S007,50,500,0.05,23750,7125,26125,24937.5
00733,01-01-2025,08-01-2025,P002,C005,R001,S007,96,500,0.1,43200,12960,47520,45360
00734,02-01-2025,09-01-2025,P010,C001,R004,S009,56,1200,0,67200,20160,73920,70560
00735,02-01-2025,09-01-2025,P005,C004,R006,S002,53,4500,0.1,214650,64395,236115,225382.5
00736,03-01-2025,10-01-2025,P010,C010,R002,S008,72,500,0.15,30600,9180,33660,32130
00737,03-01-2025,10-01-2025,P007,C009,R008,S010,69,500,0.1,31050,9315,34155,32602.5
00738,04-01-2025,11-01-2025,P009,C010,R002,S004,76,1200,0.1,82080,24624,90288,86184
00739,04-01-2025,11-01-2025,P001,C010,R006,S003,87,500,0.15,36975,11092.5,40672.5,38823.75
00740,05-01-2025,12-01-2025,P009,C004,R007,S008,80,4500,0.1,324000,97200,356400,340200
00741,05-01-2025,12-01-2025,P006,C009,R006,S005,67,4500,0,301500,90450,331650,316575
00742,06-01-2025,13-01-2025,P004,C002,R004,S002,39,4500,0.05,166725,50017.5,183397.5,175061.25
00743,06-01-2025,13-01-2025,P003,C004,R006,S009,11,250,0.1,2475,742.5,2722.5,2598.75
00744,07-01-2025,14-01-2025,P005,C010,R004,S007,64,250,0.05,15200,4560,16720,15960
00745,07-01-2025,14-01-2025,P009,C007,R002,S010,65,4500,0.1,263250,78975,289575,276412.5
00746,08-01-2025,15-01-2025,P004,C003,R007,S007,31,250,0,7750,2325,8525,8137.5
00747,08-01-2025,15-01-2025,P009,C004,R008,S001,71,250,0,17750,5325,19525,18637.5
00748,09-01-2025,16-01-2025,P001,C010,R006,S009,6,250,0.05,1425,427.5,1567.5,1496.25
00749,09-01-2025,16-01-2025,P004,C002,R006,S003,80,3200,0.15,217600,65280,239360,228480
00750,10-01-2025,17-01-2025,P010,C003,R005,S008,49,1200,0,58800,17640,64680,61740
00751,10-01-2025,17-01-2025,P003,C001,R007,S005,39,1200,0.15,39780,11934,43758,41769
00752,11-01-2025,18-01-2025,P006,C001,R007,S006,43,3200,0.15,116960,35088,128656,122808
00753,11-01-2025,18-01-2025,P007,C004,R003,S007,64,250,0.05,15200,4560,16720,15960
00754,12-01-2025,19-01-2025,P007,C009,R007,S001,65,1200,0.05,74100,22230,81510,77805
00755,12-01-2025,19-01-2025,P009,C001,R009,S002,78,4500,0.1,315900,94770,347490,331695
00756,13-01-2025,20-01-2025,P004,C008,R005,S002,58,3200,0.15,157760,47328,173536,165648
00757,13-01-2025,20-01-2025,P009,C002,R009,S003,88,250,0.05,20900,6270,22990,21945
00758,14-01-2025,21-01-2025,P001,C009,R007,S008,20,4500,0.05,85500,25650,94050,89775
00759,14-01-2025,21-01-2025,P007,C001,R008,S008,91,250,0.05,21612.5,6483.75,23773.75,22693.125
00760,15-01-2025,22-01-2025,P006,C009,R008,S001,66,500,0.05,31350,9405,34485,32917.5
00761,15-01-2025,22-01-2025,P004,C001,R003,S005,25,500,0.1,11250,3375,12375,11812.5
00762,16-01-2025,23-01-2025,P010,C009,R004,S010,23,500,0.05,10925,3277.5,12017.5,11471.25
00763,16-01-2025,23-01-2025,P007,C001,R001,S006,51,250,0,12750,3825,14025,13387.5
00764,17-01-2025,24-01-2025,P010,C007,R001,S003,95,250,0.1,21375,6412.5,23512.5,22443.75
00765,17-01-2025,24-01-2025,P008,C006,R008,S001,66,1200,0.05,75240,22572,82764,79002
00766,18-01-2025,25-01-2025,P003,C003,R001,S008,56,500,0.05,26600,7980,29260,27930
00767,18-01-2025,25-01-2025,P007,C007,R005,S005,57,500,0.1,25650,7695,28215,26932.5
00768,19-01-2025,26-01-2025,P007,C007,R009,S009,29,4500,0.05,123975,37192.5,136372.5,130173.75
00769,19-01-2025,26-01-2025,P007,C009,R002,S003,54,4500,0.05,230850,69255,253935,242392.5
00770,20-01-2025,27-01-2025,P008,C007,R004,S002,38,1200,0.15,38760,11628,42636,40698
00771,20-01-2025,27-01-2025,P009,C008,R003,S004,43,500,0,21500,6450,23650,22575
00772,21-01-2025,28-01-2025,P007,C005,R009,S004,87,250,0,21750,6525,23925,22837.5
00773,21-01-2025,28-01-2025,P005,C008,R003,S004,86,3200,0.1,247680,74304,272448,260064
00774,22-01-2025,29-01-2025,P010,C006,R009,S004,27,4500,0,121500,36450,133650,127575
00775,22-01-2025,29-01-2025,P004,C008,R001,S002,10,3200,0.05,30400,9120,33440,31920
00776,23-01-2025,30-01-2025,P001,C004,R010,S006,42,1200,0.1,45360,13608,49896,47628
00777,23-01-2025,30-01-2025,P008,C007,R006,S004,71,3200,0,227200,68160,249920,238560
00778,24-01-2025,31-01-2025,P008,C001,R006,S006,40,1200,0.15,40800,12240,44880,42840
00779,24-01-2025,31-01-2025,P009,C010,R004,S005,22,1200,0,26400,7920,29040,27720
00780,25-01-2025,01-02-2025,P009,C003,R003,S010,15,250,0.05,3562.5,1068.75,3918.75,3740.625
00781,25-01-2025,01-02-2025,P001,C006,R001,S008,51,3200,0,163200,48960,179520,171360
00782,26-01-2025,02-02-2025,P001,C005,R010,S002,65,4500,0.15,248625,74587.5,273487.5,261056.25
00783,26-01-2025,02-02-2025,P009,C004,R009,S002,30,1200,0.1,32400,9720,35640,34020
00784,27-01-2025,03-02-2025,P006,C001,R010,S007,21,3200,0.1,60480,18144,66528,63504
00785,27-01-2025,03-02-2025,P001,C005,R007,S009,12,3200,0,38400,11520,42240,40320
00786,28-01-2025,04-02-2025,P008,C004,R005,S001,34,250,0.15,7225,2167.5,7947.5,7586.25
00787,28-01-2025,04-02-2025,P002,C004,R005,S002,42,3200,0.05,127680,38304,140448,134064
00788,29-01-2025,05-02-2025,P003,C005,R005,S004,15,250,0,3750,1125,4125,3937.5
00789,29-01-2025,05-02-2025,P007,C004,R001,S010,80,4500,0.1,324000,97200,356400,340200
00790,30-01-2025,06-02-2025,P009,C004,R003,S004,35,500,0.1,15750,4725,17325,16537.5
00791,30-01-2025,06-02-2025,P002,C002,R001,S009,71,4500,0,319500,95850,351450,335475
00792,31-01-2025,07-02-2025,P008,C005,R006,S002,28,3200,0.05,85120,25536,93632,89376
00793,31-01-2025,07-02-2025,P010,C004,R010,S008,7,250,0.05,1662.5,498.75,1828.75,1745.625
00794,01-02-2025,08-02-2025,P010,C007,R009,S008,27,1200,0.05,30780,9234,33858,32319
00795,01-02-2025,08-02-2025,P004,C008,R006,S003,22,3200,0.1,63360,19008,69696,66528
00796,02-02-2025,09-02-2025,P003,C002,R009,S001,61,500,0,30500,9150,33550,32025
00797,02-02-2025,09-02-2025,P007,C005,R008,S001,42,250,0.1,9450,2835,10395,9922.5
00798,03-02-2025,10-02-2025,P009,C010,R002,S006,29,3200,0.15,78880,23664,86768,82824
00799,03-02-2025,10-02-2025,P010,C007,R004,S003,55,1200,0.1,59400,17820,65340,62370
00800,04-02-2025,11-02-2025,P008,C005,R010,S005,73,250,0.05,17337.5,5201.25,19071.25,18204.375
00801,04-02-2025,11-02-2025,P007,C008,R006,S010,21,4500,0.1,85050,25515,93555,89302.5
00802,05-02-2025,12-02-2025,P008,C001,R006,S001,100,4500,0.1,405000,121500,445500,425250
00803,05-02-2025,12-02-2025,P007,C003,R003,S009,22,250,0.05,5225,1567.5,5747.5,5486.25
00804,06-02-2025,13-02-2025,P008,C007,R006,S002,95,1200,0.1,102600,30780,112860,107730
00805,06-02-2025,13-02-2025,P007,C001,R005,S002,45,4500,0.1,182250,54675,200475,191362.5
00806,07-02-2025,14-02-2025,P007,C003,R005,S003,16,500,0.15,6800,2040,7480,7140
00807,07-02-2025,14-02-2025,P006,C010,R004,S003,25,250,0,6250,1875,6875,6562.5
00808,08-02-2025,15-02-2025,P005,C001,R009,S008,91,1200,0.1,98280,29484,108108,103194
00809,08-02-2025,15-02-2025,P002,C003,R006,S009,11,500,0.15,4675,1402.5,5142.5,4908.75
00810,09-02-2025,16-02-2025,P010,C005,R010,S006,45,1200,0.05,51300,15390,56430,53865
00811,09-02-2025,16-02-2025,P010,C005,R007,S003,49,3200,0.1,141120,42336,155232,148176
00812,10-02-2025,17-02-2025,P007,C002,R010,S008,32,4500,0.1,129600,38880,142560,136080
00813,10-02-2025,17-02-2025,P003,C007,R009,S010,52,3200,0,166400,49920,183040,174720
00814,11-02-2025,18-02-2025,P009,C010,R009,S003,59,500,0.15,25075,7522.5,27582.5,26328.75
00815,11-02-2025,18-02-2025,P001,C003,R003,S007,79,500,0.15,33575,10072.5,36932.5,35253.75
00816,12-02-2025,19-02-2025,P007,C007,R002,S008,98,1200,0.15,99960,29988,109956,104958
00817,12-02-2025,19-02-2025,P003,C005,R008,S005,54,250,0.1,12150,3645,13365,12757.5
00818,13-02-2025,20-02-2025,P008,C002,R008,S003,59,250,0,14750,4425,16225,15487.5
00819,13-02-2025,20-02-2025,P006,C010,R009,S006,67,3200,0,214400,64320,235840,225120
00820,14-02-2025,21-02-2025,P005,C006,R004,S001,25,3200,0.1,72000,21600,79200,75600
00821,14-02-2025,21-02-2025,P010,C007,R007,S007,37,3200,0.1,106560,31968,117216,111888
00822,15-02-2025,22-02-2025,P002,C010,R010,S007,30,500,0.1,13500,4050,14850,14175
00823,15-02-2025,22-02-2025,P009,C005,R006,S003,59,250,0.1,13275,3982.5,14602.5,13938.75
00824,16-02-2025,23-02-2025,P010,C002,R009,S001,55,1200,0.1,59400,17820,65340,62370
00825,16-02-2025,23-02-2025,P008,C006,R009,S007,32,250,0.05,7600,2280,8360,7980
00826,17-02-2025,24-02-2025,P005,C006,R010,S003,24,4500,0,108000,32400,118800,113400
00827,17-02-2025,24-02-2025,P006,C005,R009,S004,77,250,0.05,18287.5,5486.25,20116.25,19201.875
00828,18-02-2025,25-02-2025,P009,C004,R004,S006,18,500,0.15,7650,2295,8415,8032.5
00829,18-02-2025,25-02-2025,P006,C009,R003,S009,11,250,0.15,2337.5,701.25,2571.25,2454.375
00830,19-02-2025,26-02-2025,P005,C004,R003,S007,53,4500,0.05,226575,67972.5,249232.5,237903.75
00831,19-02-2025,26-02-2025,P010,C010,R002,S003,25,3200,0,80000,24000,88000,84000
00832,20-02-2025,27-02-2025,P004,C002,R004,S010,76,250,0.15,16150,4845,17765,16957.5
00833,20-02-2025,27-02-2025,P004,C009,R004,S003,15,500,0.1,6750,2025,7425,7087.5
00834,21-02-2025,28-02-2025,P010,C003,R008,S007,77,250,0.1,17325,5197.5,19057.5,18191.25
00835,21-02-2025,28-02-2025,P001,C010,R009,S003,61,500,0.1,27450,8235,30195,28822.5
00836,22-02-2025,01-03-2025,P007,C002,R007,S006,43,1200,0,51600,15480,56760,54180
00837,22-02-2025,01-03-2025,P009,C009,R003,S001,26,1200,0.15,26520,7956,29172,27846
00838,23-02-2025,02-03-2025,P010,C009,R003,S006,29,1200,0,34800,10440,38280,36540
00839,23-02-2025,02-03-2025,P003,C007,R002,S007,63,250,0.15,13387.5,4016.25,14726.25,14056.875
00840,24-02-2025,03-03-2025,P005,C007,R009,S009,98,3200,0.15,266560,79968,293216,279888
00841,24-02-2025,03-03-2025,P005,C001,R005,S003,10,3200,0.1,28800,8640,31680,30240
00842,25-02-2025,04-03-2025,P003,C001,R003,S009,76,4500,0.1,307800,92340,338580,323190
00843,25-02-2025,04-03-2025,P002,C005,R004,S008,22,3200,0.15,59840,17952,65824,62832
00844,26-02-2025,05-03-2025,P005,C001,R005,S006,43,1200,0.1,46440,13932,51084,48762
00845,26-02-2025,05-03-2025,P010,C010,R009,S005,41,500,0.15,17425,5227.5,19167.5,18296.25
00846,27-02-2025,06-03-2025,P001,C006,R004,S001,88,3200,0.1,253440,76032,278784,266112
00847,27-02-2025,06-03-2025,P002,C010,R001,S008,68,3200,0.05,206720,62016,227392,217056
00848,28-02-2025,07-03-2025,P008,C001,R004,S002,88,250,0.05,20900,6270,22990,21945
00849,28-02-2025,07-03-2025,P005,C002,R009,S009,65,500,0.1,29250,8775,32175,30712.5
00850,01-03-2025,08-03-2025,P007,C004,R006,S005,88,250,0.05,20900,6270,22990,21945
00851,01-03-2025,08-03-2025,P004,C006,R008,S007,27,3200,0,86400,25920,95040,90720
00852,02-03-2025,09-03-2025,P001,C008,R002,S007,92,4500,0.05,393300,117990,432630,412965
00853,02-03-2025,09-03-2025,P008,C003,R004,S002,60,500,0.05,28500,8550,31350,29925
00854,03-03-2025,10-03-2025,P005,C003,R006,S005,88,4500,0.15,336600,100980,370260,353430
00855,03-03-2025,10-03-2025,P005,C004,R009,S008,89,500,0.15,37825,11347.5,41607.5,39716.25
00856,04-03-2025,11-03-2025,P006,C001,R005,S009,23,250,0,5750,1725,6325,6037.5
00857,04-03-2025,11-03-2025,P006,C009,R006,S004,7,500,0.05,3325,997.5,3657.5,3491.25
00858,05-03-2025,12-03-2025,P005,C001,R002,S009,15,1200,0,18000,5400,19800,18900
00859,05-03-2025,12-03-2025,P004,C002,R005,S010,17,4500,0.05,72675,21802.5,79942.5,76308.75
00860,06-03-2025,13-03-2025,P010,C002,R001,S004,94,500,0.1,42300,12690,46530,44415
00861,06-03-2025,13-03-2025,P008,C008,R004,S002,84,3200,0.05,255360,76608,280896,268128
00862,07-03-2025,14-03-2025,P002,C003,R004,S008,15,500,0,7500,2250,8250,7875
00863,07-03-2025,14-03-2025,P006,C008,R008,S008,55,4500,0.1,222750,66825,245025,233887.5
00864,08-03-2025,15-03-2025,P009,C007,R002,S009,56,250,0.15,11900,3570,13090,12495
00865,08-03-2025,15-03-2025,P009,C003,R004,S005,24,1200,0.1,25920,7776,28512,27216
00866,09-03-2025,16-03-2025,P005,C005,R002,S007,40,250,0.05,9500,2850,10450,9975
00867,09-03-2025,16-03-2025,P008,C009,R005,S010,75,500,0.1,33750,10125,37125,35437.5
00868,10-03-2025,17-03-2025,P001,C007,R010,S007,83,500,0,41500,12450,45650,43575
00869,10-03-2025,17-03-2025,P010,C004,R006,S001,63,3200,0.1,181440,54432,199584,190512
00870,11-03-2025,18-03-2025,P001,C005,R010,S002,80,1200,0.1,86400,25920,95040,90720
00871,11-03-2025,18-03-2025,P001,C003,R006,S005,51,500,0.1,22950,6885,25245,24097.5
00872,12-03-2025,19-03-2025,P007,C009,R009,S008,29,500,0.05,13775,4132.5,15152.5,14463.75
00873,12-03-2025,19-03-2025,P001,C009,R002,S010,48,4500,0.05,205200,61560,225720,215460
00874,13-03-2025,20-03-2025,P010,C001,R003,S009,25,4500,0,112500,33750,123750,118125
00875,13-03-2025,20-03-2025,P006,C007,R004,S007,36,3200,0,115200,34560,126720,120960
00876,14-03-2025,21-03-2025,P003,C008,R004,S007,21,250,0,5250,1575,5775,5512.5
00877,14-03-2025,21-03-2025,P001,C009,R001,S005,52,3200,0,166400,49920,183040,174720
00878,15-03-2025,22-03-2025,P007,C006,R005,S010,83,500,0.1,37350,11205,41085,39217.5
00879,15-03-2025,22-03-2025,P007,C005,R008,S010,97,1200,0.05,110580,33174,121638,116109
00880,16-03-2025,23-03-2025,P004,C004,R007,S009,96,4500,0.15,367200,110160,403920,385560
00881,16-03-2025,23-03-2025,P006,C009,R002,S009,89,250,0.1,20025,6007.5,22027.5,21026.25
00882,17-03-2025,24-03-2025,P006,C005,R009,S009,61,3200,0.15,165920,49776,182512,174216
00883,17-03-2025,24-03-2025,P005,C007,R010,S004,35,250,0,8750,2625,9625,9187.5
00884,18-03-2025,25-03-2025,P006,C005,R009,S001,94,1200,0.15,95880,28764,105468,100674
00885,18-03-2025,25-03-2025,P009,C008,R009,S002,27,250,0.15,5737.5,1721.25,6311.25,6024.375
00886,19-03-2025,26-03-2025,P002,C009,R007,S008,16,1200,0.1,17280,5184,19008,18144
00887,19-03-2025,26-03-2025,P008,C003,R008,S004,32,3200,0.05,97280,29184,107008,102144
00888,20-03-2025,27-03-2025,P003,C005,R010,S005,28,250,0.15,5950,1785,6545,6247.5
00889,20-03-2025,27-03-2025,P008,C006,R008,S008,66,4500,0.15,252450,75735,277695,265072.5
00890,21-03-2025,28-03-2025,P007,C001,R003,S001,30,500,0.1,13500,4050,14850,14175
00891,21-03-2025,28-03-2025,P007,C002,R002,S004,12,500,0,6000,1800,6600,6300
00892,22-03-2025,29-03-2025,P007,C004,R003,S001,8,250,0.15,1700,510,1870,1785
00893,22-03-2025,29-03-2025,P008,C010,R001,S001,82,500,0,41000,12300,45100,43050
00894,23-03-2025,30-03-2025,P004,C008,R001,S007,53,500,0,26500,7950,29150,27825
00895,23-03-2025,30-03-2025,P005,C009,R001,S005,72,1200,0,86400,25920,95040,90720
00896,24-03-2025,31-03-2025,P007,C007,R001,S009,38,4500,0,171000,51300,188100,179550
00897,24-03-2025,31-03-2025,P003,C010,R004,S004,85,1200,0.1,91800,27540,100980,96390
00898,25-03-2025,01-04-2025,P005,C007,R006,S001,47,3200,0.15,127840,38352,140624,134232
00899,25-03-2025,01-04-2025,P005,C003,R005,S008,52,500,0.15,22100,6630,24310,23205
00900,26-03-2025,02-04-2025,P006,C003,R006,S006,26,1200,0.1,28080,8424,30888,29484
00901,26-03-2025,02-04-2025,P008,C001,R002,S005,49,4500,0.15,187425,56227.5,206167.5,196796.25
00902,27-03-2025,03-04-2025,P008,C007,R008,S001,91,3200,0.05,276640,82992,304304,290472
00903,27-03-2025,03-04-2025,P002,C007,R009,S002,49,250,0.15,10412.5,3123.75,11453.75,10933.125
00904,28-03-2025,04-04-2025,P003,C010,R004,S002,75,250,0.05,17812.5,5343.75,19593.75,18703.125
00905,28-03-2025,04-04-2025,P004,C006,R005,S006,86,4500,0.15,328950,98685,361845,345397.5
00906,29-03-2025,05-04-2025,P002,C005,R002,S007,65,500,0.15,27625,8287.5,30387.5,29006.25
00907,29-03-2025,05-04-2025,P009,C001,R006,S005,20,3200,0.15,54400,16320,59840,57120
00908,30-03-2025,06-04-2025,P007,C001,R005,S001,79,500,0.15,33575,10072.5,36932.5,35253.75
00909,30-03-2025,06-04-2025,P010,C004,R010,S009,50,3200,0.1,144000,43200,158400,151200
00910,31-03-2025,07-04-2025,P002,C003,R004,S002,25,500,0.15,10625,3187.5,11687.5,11156.25
00911,31-03-2025,07-04-2025,P009,C009,R006,S006,65,250,0.1,14625,4387.5,16087.5,15356.25
00912,01-04-2025,08-04-2025,P010,C001,R005,S003,46,4500,0.1,186300,55890,204930,195615
00913,01-04-2025,08-04-2025,P002,C004,R006,S007,58,1200,0,69600,20880,76560,73080
00914,02-04-2025,09-04-2025,P004,C009,R003,S001,49,3200,0.15,133280,39984,146608,139944
00915,02-04-2025,09-04-2025,P010,C005,R002,S006,18,3200,0.15,48960,14688,53856,51408
00916,03-04-2025,10-04-2025,P004,C005,R004,S003,73,3200,0,233600,70080,256960,245280
00917,03-04-2025,10-04-2025,P004,C009,R003,S007,30,500,0.15,12750,3825,14025,13387.5
00918,04-04-2025,11-04-2025,P010,C009,R002,S007,34,250,0.15,7225,2167.5,7947.5,7586.25
00919,04-04-2025,11-04-2025,P003,C005,R005,S005,47,1200,0,56400,16920,62040,59220
00920,05-04-2025,12-04-2025,P007,C002,R003,S005,85,3200,0.05,258400,77520,284240,271320
00921,05-04-2025,12-04-2025,P005,C001,R004,S009,50,1200,0.1,54000,16200,59400,56700
00922,06-04-2025,13-04-2025,P003,C002,R001,S002,10,3200,0.1,28800,8640,31680,30240
00923,06-04-2025,13-04-2025,P010,C005,R002,S004,35,500,0,17500,5250,19250,18375
00924,07-04-2025,14-04-2025,P003,C004,R009,S005,90,500,0.15,38250,11475,42075,40162.5
00925,07-04-2025,14-04-2025,P003,C009,R002,S001,19,500,0.05,9025,2707.5,9927.5,9476.25
00926,08-04-2025,15-04-2025,P006,C004,R010,S007,60,500,0.15,25500,7650,28050,26775
00927,08-04-2025,15-04-2025,P008,C010,R005,S005,52,250,0,13000,3900,14300,13650
00928,09-04-2025,16-04-2025,P002,C003,R004,S010,20,250,0.1,4500,1350,4950,4725
00929,09-04-2025,16-04-2025,P007,C007,R004,S002,86,250,0.05,20425,6127.5,22467.5,21446.25
00930,10-04-2025,17-04-2025,P004,C002,R003,S007,96,3200,0.1,276480,82944,304128,290304
00931,10-04-2025,17-04-2025,P010,C005,R006,S006,83,3200,0.1,239040,71712,262944,250992
00932,11-04-2025,18-04-2025,P009,C009,R008,S009,33,4500,0,148500,44550,163350,155925
00933,11-04-2025,18-04-2025,P004,C003,R008,S010,30,4500,0,135000,40500,148500,141750
00934,12-04-2025,19-04-2025,P005,C003,R002,S001,28,1200,0.05,31920,9576,35112,33516
00935,12-04-2025,19-04-2025,P010,C005,R003,S008,37,500,0.1,16650,4995,18315,17482.5
00936,13-04-2025,20-04-2025,P010,C001,R006,S010,89,4500,0.05,380475,114142.5,418522.5,399498.75
00937,13-04-2025,20-04-2025,P006,C008,R007,S007,10,4500,0,45000,13500,49500,47250
00938,14-04-2025,21-04-2025,P001,C003,R008,S007,26,4500,0.1,105300,31590,115830,110565
00939,14-04-2025,21-04-2025,P006,C008,R002,S007,20,1200,0.05,22800,6840,25080,23940
00940,15-04-2025,22-04-2025,P001,C004,R006,S009,46,250,0.1,10350,3105,11385,10867.5
00941,15-04-2025,22-04-2025,P009,C003,R009,S006,41,1200,0.1,44280,13284,48708,46494
00942,16-04-2025,23-04-2025,P008,C010,R002,S003,48,500,0.15,20400,6120,22440,21420
00943,16-04-2025,23-04-2025,P002,C010,R008,S007,54,1200,0.15,55080,16524,60588,57834
00944,17-04-2025,24-04-2025,P001,C001,R002,S004,20,500,0.1,9000,2700,9900,9450
00945,17-04-2025,24-04-2025,P007,C009,R004,S005,98,1200,0.1,105840,31752,116424,111132
00946,18-04-2025,25-04-2025,P001,C004,R007,S007,81,1200,0.05,92340,27702,101574,96957
00947,18-04-2025,25-04-2025,P007,C002,R010,S010,27,4500,0.05,115425,34627.5,126967.5,121196.25
00948,19-04-2025,26-04-2025,P002,C001,R007,S006,27,1200,0.05,30780,9234,33858,32319
00949,19-04-2025,26-04-2025,P001,C010,R005,S008,37,500,0,18500,5550,20350,19425
00950,20-04-2025,27-04-2025,P001,C010,R005,S006,79,3200,0.05,240160,72048,264176,252168
00951,20-04-2025,27-04-2025,P005,C006,R001,S010,68,1200,0.05,77520,23256,85272,81396
00952,21-04-2025,28-04-2025,P007,C001,R008,S007,15,500,0.15,6375,1912.5,7012.5,6693.75
00953,21-04-2025,28-04-2025,P009,C004,R001,S004,32,4500,0.05,136800,41040,150480,143640
00954,22-04-2025,29-04-2025,P006,C003,R008,S004,28,4500,0.05,119700,35910,131670,125685
00955,22-04-2025,29-04-2025,P002,C004,R002,S007,24,1200,0.15,24480,7344,26928,25704
00956,23-04-2025,30-04-2025,P002,C010,R002,S006,22,3200,0.05,66880,20064,73568,70224
00957,23-04-2025,30-04-2025,P005,C005,R005,S007,72,1200,0.15,73440,22032,80784,77112
00958,24-04-2025,01-05-2025,P009,C009,R003,S002,100,1200,0.05,114000,34200,125400,119700
00959,24-04-2025,01-05-2025,P008,C010,R007,S009,66,3200,0.15,179520,53856,197472,188496
00960,25-04-2025,02-05-2025,P009,C009,R005,S005,96,4500,0.1,388800,116640,427680,408240
00961,25-04-2025,02-05-2025,P003,C010,R005,S002,45,250,0.05,10687.5,3206.25,11756.25,11221.875
00962,26-04-2025,03-05-2025,P008,C001,R005,S009,40,3200,0,128000,38400,140800,134400
00963,26-04-2025,03-05-2025,P005,C006,R009,S007,96,1200,0,115200,34560,126720,120960
00964,27-04-2025,04-05-2025,P008,C003,R009,S002,19,250,0.15,4037.5,1211.25,4441.25,4239.375
00965,27-04-2025,04-05-2025,P003,C001,R010,S002,16,4500,0,72000,21600,79200,75600
00966,28-04-2025,05-05-2025,P004,C005,R004,S001,7,3200,0,22400,6720,24640,23520
00967,28-04-2025,05-05-2025,P009,C005,R004,S003,94,250,0.1,21150,6345,23265,22207.5
00968,29-04-2025,06-05-2025,P003,C010,R007,S007,9,500,0.1,4050,1215,4455,4252.5
00969,29-04-2025,06-05-2025,P002,C005,R009,S001,75,4500,0,337500,101250,371250,354375
00970,30-04-2025,07-05-2025,P005,C009,R003,S010,26,3200,0.1,74880,22464,82368,78624
00971,30-04-2025,07-05-2025,P002,C008,R008,S009,9,3200,0,28800,8640,31680,30240
00972,01-05-2025,08-05-2025,P010,C010,R006,S007,9,1200,0.15,9180,2754,10098,9639
00973,01-05-2025,08-05-2025,P007,C003,R008,S008,9,500,0.15,3825,1147.5,4207.5,4016.25
00974,02-05-2025,09-05-2025,P006,C006,R005,S001,14,1200,0.05,15960,4788,17556,16758
00975,02-05-2025,09-05-2025,P010,C007,R010,S010,83,500,0.05,39425,11827.5,43367.5,41396.25
00976,03-05-2025,10-05-2025,P001,C005,R007,S009,10,4500,0,45000,13500,49500,47250
00977,03-05-2025,10-05-2025,P008,C001,R007,S005,12,4500,0.15,45900,13770,50490,48195
00978,04-05-2025,11-05-2025,P003,C006,R009,S008,58,4500,0.15,221850,66555,244035,232942.5
00979,04-05-2025,11-05-2025,P006,C009,R001,S008,8,4500,0.05,34200,10260,37620,35910
00980,05-05-2025,12-05-2025,P004,C008,R005,S004,12,500,0,6000,1800,6600,6300
00981,05-05-2025,12-05-2025,P009,C004,R001,S001,71,1200,0.1,76680,23004,84348,80514
00982,06-05-2025,13-05-2025,P007,C001,R004,S003,10,1200,0.1,10800,3240,11880,11340
00983,06-05-2025,13-05-2025,P004,C006,R007,S008,34,1200,0,40800,12240,44880,42840
00984,07-05-2025,14-05-2025,P008,C005,R009,S002,69,4500,0.1,279450,83835,307395,293422.5
00985,07-05-2025,14-05-2025,P001,C003,R007,S002,52,250,0.15,11050,3315,12155,11602.5
00986,08-05-2025,15-05-2025,P002,C006,R007,S003,15,500,0.1,6750,2025,7425,7087.5
00987,08-05-2025,15-05-2025,P008,C005,R006,S005,90,500,0.1,40500,12150,44550,42525
00988,09-05-2025,16-05-2025,P006,C002,R007,S006,17,3200,0,54400,16320,59840,57120
00989,09-05-2025,16-05-2025,P004,C009,R009,S006,5,500,0,2500,750,2750,2625
00990,10-05-2025,17-05-2025,P003,C005,R002,S006,78,1200,0.05,88920,26676,97812,93366
00991,10-05-2025,17-05-2025,P001,C007,R005,S003,30,4500,0.1,121500,36450,133650,127575
00992,11-05-2025,18-05-2025,P004,C008,R005,S008,63,250,0.15,13387.5,4016.25,14726.25,14056.875
00993,11-05-2025,18-05-2025,P003,C009,R009,S001,43,1200,0.1,46440,13932,51084,48762
00994,12-05-2025,19-05-2025,P006,C001,R010,S007,58,1200,0.15,59160,17748,65076,62118
00995,12-05-2025,19-05-2025,P010,C006,R006,S004,81,500,0.05,38475,11542.5,42322.5,40398.75
00996,13-05-2025,20-05-2025,P006,C010,R001,S004,64,3200,0.1,184320,55296,202752,193536
00997,13-05-2025,20-05-2025,P006,C008,R010,S006,28,500,0.15,11900,3570,13090,12495
00998,14-05-2025,21-05-2025,P010,C004,R004,S010,95,250,0,23750,7125,26125,24937.5
00999,14-05-2025,21-05-2025,P007,C001,R006,S004,99,500,0.1,44550,13365,49005,46777.5
01000,15-05-2025,22-05-2025,P002,C002,R004,S003,52,1200,0.15,53040,15912,58344,55692
01001,15-05-2025,22-05-2025,P004,C007,R008,S003,62,1200,0.1,66960,20088,73656,70308
01002,16-05-2025,23-05-2025,P004,C005,R004,S003,26,1200,0.1,28080,8424,30888,29484
01003,16-05-2025,23-05-2025,P002,C008,R008,S006,28,250,0.1,6300,1890,6930,6615
01004,17-05-2025,24-05-2025,P010,C001,R002,S006,48,3200,0,153600,46080,168960,161280
01005,17-05-2025,24-05-2025,P002,C007,R002,S002,67,1200,0.1,72360,21708,79596,75978
01006,18-05-2025,25-05-2025,P006,C003,R009,S008,52,500,0.15,22100,6630,24310,23205
01007,18-05-2025,25-05-2025,P007,C005,R005,S006,35,500,0,17500,5250,19250,18375
01008,19-05-2025,26-05-2025,P008,C003,R008,S007,66,4500,0,297000,89100,326700,311850
01009,19-05-2025,26-05-2025,P004,C006,R009,S009,92,500,0.05,43700,13110,48070,45885
01010,20-05-2025,27-05-2025,P009,C001,R002,S004,100,250,0.15,21250,6375,23375,22312.5
01011,20-05-2025,27-05-2025,P006,C009,R008,S007,5,4500,0,22500,6750,24750,23625
01012,21-05-2025,28-05-2025,P002,C001,R006,S005,48,500,0.15,20400,6120,22440,21420
01013,21-05-2025,28-05-2025,P002,C006,R002,S007,76,250,0.15,16150,4845,17765,16957.5
01014,22-05-2025,29-05-2025,P010,C007,R009,S007,38,250,0.05,9025,2707.5,9927.5,9476.25
01015,22-05-2025,29-05-2025,P008,C005,R006,S009,70,250,0.15,14875,4462.5,16362.5,15618.75
01016,23-05-2025,30-05-2025,P008,C009,R008,S004,5,4500,0,22500,6750,24750,23625
01017,23-05-2025,30-05-2025,P005,C002,R003,S005,51,250,0.05,12112.5,3633.75,13323.75,12718.125
01018,24-05-2025,31-05-2025,P005,C002,R002,S002,38,3200,0.05,115520,34656,127072,121296
01019,24-05-2025,31-05-2025,P005,C003,R005,S008,27,4500,0.1,109350,32805,120285,114817.5
01020,25-05-2025,01-06-2025,P008,C009,R010,S004,13,4500,0.05,55575,16672.5,61132.5,58353.75
01021,25-05-2025,01-06-2025,P007,C002,R010,S010,41,4500,0.1,166050,49815,182655,174352.5
01022,26-05-2025,02-06-2025,P002,C002,R006,S006,85,1200,0.1,91800,27540,100980,96390
01023,26-05-2025,02-06-2025,P005,C006,R001,S007,75,500,0.1,33750,10125,37125,35437.5
01024,27-05-2025,03-06-2025,P003,C010,R004,S006,72,4500,0.05,307800,92340,338580,323190
01025,27-05-2025,03-06-2025,P008,C005,R009,S005,49,1200,0.05,55860,16758,61446,58653
01026,28-05-2025,04-06-2025,P001,C005,R007,S005,56,3200,0.05,170240,51072,187264,178752
01027,28-05-2025,04-06-2025,P002,C003,R003,S008,76,500,0,38000,11400,41800,39900
01028,29-05-2025,05-06-2025,P005,C002,R006,S003,96,1200,0.05,109440,32832,120384,114912
01029,29-05-2025,05-06-2025,P005,C006,R010,S002,78,3200,0.1,224640,67392,247104,235872
01030,30-05-2025,06-06-2025,P008,C002,R007,S005,42,1200,0.1,45360,13608,49896,47628
01031,30-05-2025,06-06-2025,P001,C007,R005,S010,87,500,0.15,36975,11092.5,40672.5,38823.75
01032,31-05-2025,07-06-2025,P002,C002,R003,S002,70,500,0,35000,10500,38500,36750
01033,31-05-2025,07-06-2025,P008,C004,R009,S004,98,500,0.15,41650,12495,45815,43732.5
01034,01-06-2025,08-06-2025,P010,C010,R009,S001,63,250,0.1,14175,4252.5,15592.5,14883.75
01035,01-06-2025,08-06-2025,P010,C004,R010,S006,9,4500,0,40500,12150,44550,42525
01036,02-06-2025,09-06-2025,P009,C005,R010,S005,89,1200,0.1,96120,28836,105732,100926
01037,02-06-2025,09-06-2025,P006,C002,R003,S009,95,250,0.15,20187.5,6056.25,22206.25,21196.875
01038,03-06-2025,10-06-2025,P001,C001,R004,S006,42,250,0.1,9450,2835,10395,9922.5
01039,03-06-2025,10-06-2025,P005,C003,R004,S006,68,4500,0.1,275400,82620,302940,289170
01040,04-06-2025,11-06-2025,P002,C007,R003,S006,53,3200,0.15,144160,43248,158576,151368
01041,04-06-2025,11-06-2025,P001,C008,R010,S002,62,250,0.1,13950,4185,15345,14647.5
01042,05-06-2025,12-06-2025,P009,C003,R005,S007,32,3200,0.05,97280,29184,107008,102144
01043,05-06-2025,12-06-2025,P003,C010,R001,S007,12,250,0.15,2550,765,2805,2677.5
01044,06-06-2025,13-06-2025,P003,C001,R005,S006,34,3200,0,108800,32640,119680,114240
01045,06-06-2025,13-06-2025,P002,C009,R001,S009,15,3200,0,48000,14400,52800,50400
01046,07-06-2025,14-06-2025,P007,C001,R009,S001,86,3200,0.1,247680,74304,272448,260064
01047,07-06-2025,14-06-2025,P010,C003,R002,S008,18,3200,0.05,54720,16416,60192,57456
01048,08-06-2025,15-06-2025,P009,C003,R009,S009,10,3200,0.1,28800,8640,31680,30240
01049,08-06-2025,15-06-2025,P009,C006,R003,S010,16,4500,0.15,61200,18360,67320,64260
01050,09-06-2025,16-06-2025,P001,C001,R005,S008,64,250,0,16000,4800,17600,16800
01051,09-06-2025,16-06-2025,P005,C010,R004,S005,49,3200,0.15,133280,39984,146608,139944
01052,10-06-2025,17-06-2025,P003,C003,R003,S008,49,1200,0.15,49980,14994,54978,52479
01053,10-06-2025,17-06-2025,P003,C008,R008,S001,90,3200,0.05,273600,82080,300960,287280
01054,11-06-2025,18-06-2025,P001,C005,R006,S004,85,500,0.15,36125,10837.5,39737.5,37931.25
01055,11-06-2025,18-06-2025,P003,C005,R009,S009,71,250,0.05,16862.5,5058.75,18548.75,17705.625
01056,12-06-2025,19-06-2025,P004,C008,R002,S005,15,500,0.05,7125,2137.5,7837.5,7481.25
01057,12-06-2025,19-06-2025,P002,C005,R001,S005,62,1200,0.05,70680,21204,77748,74214
01058,13-06-2025,20-06-2025,P008,C001,R001,S008,89,1200,0,106800,32040,117480,112140
01059,13-06-2025,20-06-2025,P009,C007,R008,S010,83,1200,0.1,89640,26892,98604,94122
01060,14-06-2025,21-06-2025,P010,C001,R005,S006,46,3200,0.1,132480,39744,145728,139104
01061,14-06-2025,21-06-2025,P003,C002,R005,S005,79,4500,0.05,337725,101317.5,371497.5,354611.25
01062,15-06-2025,22-06-2025,P004,C003,R002,S010,84,4500,0,378000,113400,415800,396900
01063,15-06-2025,22-06-2025,P005,C002,R007,S002,66,4500,0,297000,89100,326700,311850
01064,16-06-2025,23-06-2025,P005,C005,R003,S010,99,250,0.05,23512.5,7053.75,25863.75,24688.125
01065,16-06-2025,23-06-2025,P007,C006,R007,S004,63,250,0.1,14175,4252.5,15592.5,14883.75
01066,17-06-2025,24-06-2025,P003,C009,R002,S003,38,3200,0.15,103360,31008,113696,108528
01067,17-06-2025,24-06-2025,P003,C007,R003,S001,43,500,0.05,20425,6127.5,22467.5,21446.25
01068,18-06-2025,25-06-2025,P009,C010,R006,S009,59,4500,0,265500,79650,292050,278775
01069,18-06-2025,25-06-2025,P002,C009,R002,S007,92,4500,0.05,393300,117990,432630,412965
01070,19-06-2025,26-06-2025,P005,C008,R004,S007,11,1200,0.05,12540,3762,13794,13167
01071,19-06-2025,26-06-2025,P003,C006,R003,S010,43,250,0.1,9675,2902.5,10642.5,10158.75
01072,20-06-2025,27-06-2025,P003,C010,R009,S009,95,4500,0.1,384750,115425,423225,403987.5
01073,20-06-2025,27-06-2025,P004,C010,R002,S002,38,250,0.05,9025,2707.5,9927.5,9476.25
01074,21-06-2025,28-06-2025,P008,C010,R006,S003,88,1200,0,105600,31680,116160,110880
01075,21-06-2025,28-06-2025,P005,C008,R007,S001,67,4500,0.15,256275,76882.5,281902.5,269088.75
01076,22-06-2025,29-06-2025,P001,C010,R007,S003,52,4500,0.05,222300,66690,244530,233415
01077,22-06-2025,29-06-2025,P001,C010,R009,S009,65,3200,0.05,197600,59280,217360,207480
01078,23-06-2025,30-06-2025,P006,C003,R006,S003,25,500,0.15,10625,3187.5,11687.5,11156.25
01079,23-06-2025,30-06-2025,P006,C008,R007,S008,84,1200,0.15,85680,25704,94248,89964
01080,24-06-2025,01-07-2025,P009,C007,R002,S005,40,250,0,10000,3000,11000,10500
01081,24-06-2025,01-07-2025,P001,C008,R006,S002,87,500,0.05,41325,12397.5,45457.5,43391.25
01082,25-06-2025,02-07-2025,P004,C002,R009,S004,19,4500,0.1,76950,23085,84645,80797.5
01083,25-06-2025,02-07-2025,P006,C003,R010,S005,89,4500,0.1,360450,108135,396495,378472.5
01084,26-06-2025,03-07-2025,P006,C005,R010,S004,20,250,0,5000,1500,5500,5250
01085,26-06-2025,03-07-2025,P009,C008,R006,S002,13,4500,0.05,55575,16672.5,61132.5,58353.75
01086,27-06-2025,04-07-2025,P004,C004,R003,S002,94,500,0,47000,14100,51700,49350
01087,27-06-2025,04-07-2025,P010,C006,R005,S006,24,500,0.1,10800,3240,11880,11340
01088,28-06-2025,05-07-2025,P010,C002,R008,S002,10,250,0.05,2375,712.5,2612.5,2493.75
01089,28-06-2025,05-07-2025,P008,C009,R007,S008,22,4500,0.15,84150,25245,92565,88357.5
01090,29-06-2025,06-07-2025,P006,C006,R005,S004,92,1200,0.05,104880,31464,115368,110124
01091,29-06-2025,06-07-2025,P006,C009,R002,S003,27,500,0,13500,4050,14850,14175
01092,30-06-2025,07-07-2025,P002,C007,R009,S005,95,4500,0.1,384750,115425,423225,403987.5
01093,30-06-2025,07-07-2025,P004,C008,R004,S008,85,250,0,21250,6375,23375,22312.5
01094,01-07-2025,08-07-2025,P002,C001,R005,S010,90,250,0.05,21375,6412.5,23512.5,22443.75
01095,01-07-2025,08-07-2025,P008,C002,R008,S006,79,250,0.05,18762.5,5628.75,20638.75,19700.625
01096,02-07-2025,09-07-2025,P003,C008,R006,S001,97,1200,0.1,104760,31428,115236,109998
01097,02-07-2025,09-07-2025,P010,C003,R006,S005,42,250,0.15,8925,2677.5,9817.5,9371.25
01098,03-07-2025,10-07-2025,P003,C004,R004,S010,36,1200,0.1,38880,11664,42768,40824
01099,03-07-2025,10-07-2025,P001,C006,R007,S008,56,1200,0.05,63840,19152,70224,67032
01100,04-07-2025,11-07-2025,P006,C008,R002,S002,21,500,0.15,8925,2677.5,9817.5,9371.25
01101,04-07-2025,11-07-2025,P002,C007,R005,S001,68,250,0,17000,5100,18700,17850
01102,05-07-2025,12-07-2025,P008,C004,R003,S005,54,500,0,27000,8100,29700,28350
01103,05-07-2025,12-07-2025,P006,C007,R008,S005,91,250,0.05,21612.5,6483.75,23773.75,22693.125
01104,06-07-2025,13-07-2025,P010,C004,R008,S008,11,500,0.15,4675,1402.5,5142.5,4908.75
01105,06-07-2025,13-07-2025,P008,C010,R007,S004,85,1200,0,102000,30600,112200,107100
01106,07-07-2025,14-07-2025,P003,C006,R003,S004,38,1200,0,45600,13680,50160,47880
01107,07-07-2025,14-07-2025,P004,C005,R008,S001,20,500,0.1,9000,2700,9900,9450
01108,08-07-2025,15-07-2025,P004,C006,R005,S002,63,1200,0.15,64260,19278,70686,67473
01109,08-07-2025,15-07-2025,P002,C006,R006,S009,51,4500,0.1,206550,61965,227205,216877.5
01110,09-07-2025,16-07-2025,P007,C009,R001,S005,90,3200,0.05,273600,82080,300960,287280
01111,09-07-2025,16-07-2025,P009,C008,R008,S005,14,500,0.1,6300,1890,6930,6615
01112,10-07-2025,17-07-2025,P003,C008,R008,S003,98,4500,0.05,418950,125685,460845,439897.5
01113,10-07-2025,17-07-2025,P010,C009,R005,S009,51,3200,0.15,138720,41616,152592,145656
01114,11-07-2025,18-07-2025,P001,C004,R001,S003,28,3200,0.1,80640,24192,88704,84672
01115,11-07-2025,18-07-2025,P002,C008,R006,S001,61,1200,0.05,69540,20862,76494,73017
01116,12-07-2025,19-07-2025,P010,C010,R002,S001,9,1200,0.15,9180,2754,10098,9639
01117,12-07-2025,19-07-2025,P002,C006,R010,S010,47,500,0.05,22325,6697.5,24557.5,23441.25
01118,13-07-2025,20-07-2025,P004,C009,R007,S010,45,1200,0.15,45900,13770,50490,48195
01119,13-07-2025,20-07-2025,P001,C005,R010,S005,84,1200,0,100800,30240,110880,105840
01120,14-07-2025,21-07-2025,P010,C010,R008,S002,33,1200,0.1,35640,10692,39204,37422
01121,14-07-2025,21-07-2025,P001,C008,R010,S010,97,500,0,48500,14550,53350,50925
01122,15-07-2025,22-07-2025,P001,C007,R005,S005,91,3200,0.05,276640,82992,304304,290472
01123,15-07-2025,22-07-2025,P009,C008,R006,S008,88,3200,0,281600,84480,309760,295680
01124,16-07-2025,23-07-2025,P007,C001,R005,S009,69,3200,0.15,187680,56304,206448,197064
01125,16-07-2025,23-07-2025,P001,C001,R009,S006,68,4500,0.05,290700,87210,319770,305235
01126,17-07-2025,24-07-2025,P001,C010,R002,S005,32,4500,0.05,136800,41040,150480,143640
01127,17-07-2025,24-07-2025,P001,C008,R005,S004,33,3200,0.15,89760,26928,98736,94248
01128,18-07-2025,25-07-2025,P009,C001,R009,S002,44,250,0.15,9350,2805,10285,9817.5
01129,18-07-2025,25-07-2025,P002,C009,R009,S005,22,4500,0.1,89100,26730,98010,93555
01130,19-07-2025,26-07-2025,P005,C001,R002,S007,37,4500,0.15,141525,42457.5,155677.5,148601.25
01131,19-07-2025,26-07-2025,P006,C001,R005,S001,63,3200,0,201600,60480,221760,211680
01132,20-07-2025,27-07-2025,P006,C008,R001,S001,16,500,0,8000,2400,8800,8400
01133,20-07-2025,27-07-2025,P009,C001,R007,S001,56,1200,0.1,60480,18144,66528,63504
01134,21-07-2025,28-07-2025,P007,C010,R001,S005,16,1200,0.05,18240,5472,20064,19152
01135,21-07-2025,28-07-2025,P009,C001,R007,S004,14,4500,0.05,59850,17955,65835,62842.5
01136,22-07-2025,29-07-2025,P002,C001,R003,S002,75,4500,0.15,286875,86062.5,315562.5,301218.75
01137,22-07-2025,29-07-2025,P007,C002,R004,S001,28,1200,0.1,30240,9072,33264,31752
01138,23-07-2025,30-07-2025,P006,C001,R007,S009,63,1200,0.15,64260,19278,70686,67473
01139,23-07-2025,30-07-2025,P001,C010,R008,S009,22,250,0.1,4950,1485,5445,5197.5
01140,24-07-2025,31-07-2025,P001,C008,R010,S010,84,500,0.05,39900,11970,43890,41895
01141,24-07-2025,31-07-2025,P003,C002,R002,S002,74,1200,0.1,79920,23976,87912,83916
01142,25-07-2025,01-08-2025,P004,C004,R005,S002,98,4500,0.15,374850,112455,412335,393592.5
01143,25-07-2025,01-08-2025,P009,C004,R010,S003,48,1200,0.15,48960,14688,53856,51408
01144,26-07-2025,02-08-2025,P006,C008,R001,S001,49,250,0.1,11025,3307.5,12127.5,11576.25
01145,26-07-2025,02-08-2025,P001,C007,R010,S010,61,500,0.1,27450,8235,30195,28822.5
01146,27-07-2025,03-08-2025,P010,C006,R001,S006,88,1200,0.05,100320,30096,110352,105336
01147,27-07-2025,03-08-2025,P010,C003,R005,S008,30,3200,0.15,81600,24480,89760,85680
01148,28-07-2025,04-08-2025,P001,C005,R004,S009,85,250,0.1,19125,5737.5,21037.5,20081.25
01149,28-07-2025,04-08-2025,P006,C009,R002,S002,49,500,0.15,20825,6247.5,22907.5,21866.25
01150,29-07-2025,05-08-2025,P008,C005,R008,S002,44,3200,0.15,119680,35904,131648,125664
01151,29-07-2025,05-08-2025,P008,C005,R007,S003,79,1200,0.05,90060,27018,99066,94563
01152,30-07-2025,06-08-2025,P002,C001,R003,S008,77,250,0.05,18287.5,5486.25,20116.25,19201.875
01153,30-07-2025,06-08-2025,P008,C009,R006,S009,53,500,0,26500,7950,29150,27825
01154,31-07-2025,07-08-2025,P008,C002,R003,S010,56,1200,0.1,60480,18144,66528,63504
01155,31-07-2025,07-08-2025,P008,C010,R008,S001,36,500,0.15,15300,4590,16830,16065
01156,01-08-2025,08-08-2025,P002,C009,R010,S006,99,1200,0.1,106920,32076,117612,112266
01157,01-08-2025,08-08-2025,P002,C002,R006,S005,15,250,0,3750,1125,4125,3937.5
01158,02-08-2025,09-08-2025,P010,C007,R004,S001,71,4500,0,319500,95850,351450,335475
01159,02-08-2025,09-08-2025,P008,C004,R008,S002,92,3200,0.15,250240,75072,275264,262752
01160,03-08-2025,10-08-2025,P008,C009,R008,S002,32,250,0.05,7600,2280,8360,7980
01161,03-08-2025,10-08-2025,P006,C004,R001,S004,9,4500,0,40500,12150,44550,42525
01162,04-08-2025,11-08-2025,P008,C005,R008,S010,70,3200,0.1,201600,60480,221760,211680
01163,04-08-2025,11-08-2025,P010,C003,R005,S007,63,250,0.05,14962.5,4488.75,16458.75,15710.625
01164,05-08-2025,12-08-2025,P009,C002,R001,S008,10,3200,0.15,27200,8160,29920,28560
01165,05-08-2025,12-08-2025,P009,C003,R007,S004,66,250,0.05,15675,4702.5,17242.5,16458.75
01166,06-08-2025,13-08-2025,P004,C006,R007,S003,72,3200,0.15,195840,58752,215424,205632
01167,06-08-2025,13-08-2025,P009,C008,R007,S010,99,1200,0.1,106920,32076,117612,112266
01168,07-08-2025,14-08-2025,P005,C001,R003,S005,100,250,0.15,21250,6375,23375,22312.5
01169,07-08-2025,14-08-2025,P001,C003,R009,S001,73,3200,0.15,198560,59568,218416,208488
01170,08-08-2025,15-08-2025,P005,C010,R009,S005,99,500,0.15,42075,12622.5,46282.5,44178.75
01171,08-08-2025,15-08-2025,P005,C001,R005,S001,49,4500,0,220500,66150,242550,231525
01172,09-08-2025,16-08-2025,P005,C009,R003,S008,58,1200,0.15,59160,17748,65076,62118
01173,09-08-2025,16-08-2025,P003,C010,R010,S007,60,1200,0.15,61200,18360,67320,64260
01174,10-08-2025,17-08-2025,P006,C009,R001,S003,39,3200,0.05,118560,35568,130416,124488
01175,10-08-2025,17-08-2025,P001,C001,R006,S008,16,250,0.1,3600,1080,3960,3780
01176,11-08-2025,18-08-2025,P004,C001,R009,S004,17,3200,0,54400,16320,59840,57120
01177,11-08-2025,18-08-2025,P004,C008,R005,S005,80,500,0.05,38000,11400,41800,39900
01178,12-08-2025,19-08-2025,P006,C007,R001,S003,83,500,0,41500,12450,45650,43575
01179,12-08-2025,19-08-2025,P008,C009,R004,S005,68,500,0.05,32300,9690,35530,33915
01180,13-08-2025,20-08-2025,P006,C003,R008,S008,64,500,0.05,30400,9120,33440,31920
01181,13-08-2025,20-08-2025,P009,C005,R008,S003,95,500,0.15,40375,12112.5,44412.5,42393.75
01182,14-08-2025,21-08-2025,P001,C006,R009,S006,13,4500,0.05,55575,16672.5,61132.5,58353.75
01183,14-08-2025,21-08-2025,P001,C007,R010,S006,64,1200,0.1,69120,20736,76032,72576
01184,15-08-2025,22-08-2025,P006,C010,R005,S005,80,3200,0.05,243200,72960,267520,255360
01185,15-08-2025,22-08-2025,P001,C003,R002,S005,59,500,0,29500,8850,32450,30975
01186,16-08-2025,23-08-2025,P004,C005,R006,S006,98,3200,0.15,266560,79968,293216,279888
01187,16-08-2025,23-08-2025,P007,C009,R006,S009,86,4500,0.15,328950,98685,361845,345397.5
01188,17-08-2025,24-08-2025,P006,C002,R010,S004,63,500,0.15,26775,8032.5,29452.5,28113.75
01189,17-08-2025,24-08-2025,P006,C006,R004,S003,70,250,0.05,16625,4987.5,18287.5,17456.25
01190,18-08-2025,25-08-2025,P003,C010,R007,S004,43,1200,0.1,46440,13932,51084,48762
01191,18-08-2025,25-08-2025,P008,C005,R006,S004,96,3200,0.15,261120,78336,287232,274176
01192,19-08-2025,26-08-2025,P002,C008,R005,S009,14,4500,0,63000,18900,69300,66150
01193,19-08-2025,26-08-2025,P005,C006,R009,S001,41,500,0.1,18450,5535,20295,19372.5
01194,20-08-2025,27-08-2025,P008,C006,R002,S005,71,250,0.05,16862.5,5058.75,18548.75,17705.625
01195,20-08-2025,27-08-2025,P004,C008,R008,S009,29,500,0.05,13775,4132.5,15152.5,14463.75
01196,21-08-2025,28-08-2025,P002,C001,R009,S009,96,4500,0.1,388800,116640,427680,408240
01197,21-08-2025,28-08-2025,P005,C005,R003,S004,70,3200,0.1,201600,60480,221760,211680
01198,22-08-2025,29-08-2025,P003,C007,R009,S004,88,250,0.1,19800,5940,21780,20790
01199,22-08-2025,29-08-2025,P003,C010,R005,S002,81,250,0.05,19237.5,5771.25,21161.25,20199.375
01200,23-08-2025,30-08-2025,P009,C004,R007,S003,78,4500,0.1,315900,94770,347490,331695
01201,23-08-2025,30-08-2025,P004,C003,R007,S010,46,3200,0.15,125120,37536,137632,131376
01202,24-08-2025,31-08-2025,P004,C007,R010,S009,13,1200,0,15600,4680,17160,16380
01203,24-08-2025,31-08-2025,P001,C010,R001,S007,81,500,0.05,38475,11542.5,42322.5,40398.75
01204,25-08-2025,01-09-2025,P010,C008,R006,S010,45,3200,0.1,129600,38880,142560,136080
01205,25-08-2025,01-09-2025,P008,C008,R005,S008,83,1200,0.1,89640,26892,98604,94122
01206,26-08-2025,02-09-2025,P007,C003,R004,S007,39,250,0.15,8287.5,2486.25,9116.25,8701.875
01207,26-08-2025,02-09-2025,P001,C002,R003,S005,56,250,0.05,13300,3990,14630,13965
01208,27-08-2025,03-09-2025,P006,C006,R003,S004,10,4500,0.1,40500,12150,44550,42525
01209,27-08-2025,03-09-2025,P003,C001,R010,S003,100,3200,0.05,304000,91200,334400,319200
01210,28-08-2025,04-09-2025,P001,C005,R003,S006,41,1200,0.05,46740,14022,51414,49077
01211,28-08-2025,04-09-2025,P004,C002,R003,S002,18,500,0.1,8100,2430,8910,8505
01212,29-08-2025,05-09-2025,P008,C009,R003,S001,67,3200,0,214400,64320,235840,225120
01213,29-08-2025,05-09-2025,P007,C002,R005,S004,55,250,0,13750,4125,15125,14437.5
01214,30-08-2025,06-09-2025,P005,C002,R010,S009,30,500,0.15,12750,3825,14025,13387.5
01215,30-08-2025,06-09-2025,P002,C009,R009,S008,87,1200,0.05,99180,29754,109098,104139
01216,31-08-2025,07-09-2025,P010,C008,R008,S009,59,1200,0.15,60180,18054,66198,63189
01217,31-08-2025,07-09-2025,P007,C002,R001,S004,13,3200,0.1,37440,11232,41184,39312
01218,01-09-2025,08-09-2025,P001,C001,R010,S002,30,250,0,7500,2250,8250,7875
01219,01-09-2025,08-09-2025,P007,C004,R004,S005,74,500,0.1,33300,9990,36630,34965
01220,02-09-2025,09-09-2025,P004,C008,R003,S009,30,4500,0.1,121500,36450,133650,127575
01221,02-09-2025,09-09-2025,P005,C004,R002,S005,91,4500,0,409500,122850,450450,429975
01222,03-09-2025,10-09-2025,P002,C010,R006,S002,25,250,0.05,5937.5,1781.25,6531.25,6234.375
01223,03-09-2025,10-09-2025,P004,C004,R001,S003,31,4500,0.05,132525,39757.5,145777.5,139151.25
01224,04-09-2025,11-09-2025,P009,C004,R007,S005,90,3200,0.15,244800,73440,269280,257040
01225,04-09-2025,11-09-2025,P004,C004,R010,S008,29,500,0,14500,4350,15950,15225
01226,05-09-2025,12-09-2025,P010,C003,R009,S003,47,250,0.1,10575,3172.5,11632.5,11103.75
01227,05-09-2025,12-09-2025,P002,C006,R007,S001,32,1200,0.1,34560,10368,38016,36288
01228,06-09-2025,13-09-2025,P003,C006,R002,S010,50,250,0.15,10625,3187.5,11687.5,11156.25
01229,06-09-2025,13-09-2025,P009,C006,R004,S003,17,1200,0.05,19380,5814,21318,20349
01230,07-09-2025,14-09-2025,P006,C006,R009,S001,48,250,0,12000,3600,13200,12600
01231,07-09-2025,14-09-2025,P008,C001,R006,S001,88,500,0,44000,13200,48400,46200
01232,08-09-2025,15-09-2025,P006,C004,R003,S010,54,3200,0.05,164160,49248,180576,172368
01233,08-09-2025,15-09-2025,P002,C005,R001,S009,61,4500,0.05,260775,78232.5,286852.5,273813.75
01234,09-09-2025,16-09-2025,P004,C008,R007,S010,31,3200,0.05,94240,28272,103664,98952
01235,09-09-2025,16-09-2025,P009,C008,R003,S008,66,250,0.05,15675,4702.5,17242.5,16458.75
01236,10-09-2025,17-09-2025,P007,C001,R001,S010,36,250,0.1,8100,2430,8910,8505
01237,10-09-2025,17-09-2025,P003,C006,R004,S010,29,1200,0.05,33060,9918,36366,34713
01238,11-09-2025,18-09-2025,P005,C003,R007,S002,49,250,0,12250,3675,13475,12862.5
01239,11-09-2025,18-09-2025,P003,C008,R007,S004,56,3200,0.15,152320,45696,167552,159936
01240,12-09-2025,19-09-2025,P008,C006,R002,S010,65,4500,0.05,277875,83362.5,305662.5,291768.75
01241,12-09-2025,19-09-2025,P005,C009,R005,S007,40,500,0,20000,6000,22000,21000
01242,13-09-2025,20-09-2025,P007,C010,R005,S002,26,500,0.1,11700,3510,12870,12285
01243,13-09-2025,20-09-2025,P009,C004,R006,S007,37,3200,0.05,112480,33744,123728,118104
01244,14-09-2025,21-09-2025,P003,C006,R003,S006,97,3200,0.15,263840,79152,290224,277032
01245,14-09-2025,21-09-2025,P008,C005,R009,S002,11,4500,0.1,44550,13365,49005,46777.5
01246,15-09-2025,22-09-2025,P002,C007,R006,S006,28,3200,0.15,76160,22848,83776,79968
01247,15-09-2025,22-09-2025,P002,C010,R007,S004,51,500,0.1,22950,6885,25245,24097.5
01248,16-09-2025,23-09-2025,P005,C005,R003,S004,78,500,0.15,33150,9945,36465,34807.5
01249,16-09-2025,23-09-2025,P006,C009,R003,S008,47,4500,0.05,200925,60277.5,221017.5,210971.25
01250,17-09-2025,24-09-2025,P001,C006,R009,S003,74,250,0.1,16650,4995,18315,17482.5
01251,17-09-2025,24-09-2025,P003,C010,R010,S009,35,3200,0.1,100800,30240,110880,105840
01252,18-09-2025,25-09-2025,P002,C002,R007,S002,95,1200,0,114000,34200,125400,119700
01253,18-09-2025,25-09-2025,P006,C002,R007,S003,82,4500,0.15,313650,94095,345015,329332.5
01254,19-09-2025,26-09-2025,P003,C001,R007,S008,13,500,0.1,5850,1755,6435,6142.5
01255,19-09-2025,26-09-2025,P001,C004,R005,S002,22,4500,0.1,89100,26730,98010,93555
01256,20-09-2025,27-09-2025,P001,C007,R004,S005,68,4500,0.15,260100,78030,286110,273105
01257,20-09-2025,27-09-2025,P003,C007,R004,S006,91,1200,0,109200,32760,120120,114660
01258,21-09-2025,28-09-2025,P005,C010,R006,S005,46,3200,0,147200,44160,161920,154560
01259,21-09-2025,28-09-2025,P009,C007,R008,S006,36,250,0.15,7650,2295,8415,8032.5
01260,22-09-2025,29-09-2025,P004,C010,R006,S001,26,4500,0,117000,35100,128700,122850
01261,22-09-2025,29-09-2025,P002,C005,R007,S008,11,3200,0.1,31680,9504,34848,33264
01262,23-09-2025,30-09-2025,P010,C008,R004,S007,55,4500,0.05,235125,70537.5,258637.5,246881.25
01263,23-09-2025,30-09-2025,P002,C007,R009,S006,93,500,0,46500,13950,51150,48825
01264,24-09-2025,01-10-2025,P001,C005,R005,S003,6,1200,0.15,6120,1836,6732,6426
01265,24-09-2025,01-10-2025,P003,C005,R001,S009,71,250,0.15,15087.5,4526.25,16596.25,15841.875
01266,25-09-2025,02-10-2025,P009,C009,R001,S001,12,4500,0,54000,16200,59400,56700
01267,25-09-2025,02-10-2025,P006,C003,R005,S003,51,4500,0.15,195075,58522.5,214582.5,204828.75
01268,26-09-2025,03-10-2025,P006,C007,R003,S002,89,1200,0.05,101460,30438,111606,106533
01269,26-09-2025,03-10-2025,P001,C003,R008,S005,73,4500,0.15,279225,83767.5,307147.5,293186.25
01270,27-09-2025,04-10-2025,P009,C004,R006,S002,49,1200,0.05,55860,16758,61446,58653
01271,27-09-2025,04-10-2025,P006,C008,R002,S004,62,500,0.15,26350,7905,28985,27667.5
01272,28-09-2025,05-10-2025,P008,C004,R006,S010,67,3200,0.05,203680,61104,224048,213864
01273,28-09-2025,05-10-2025,P008,C001,R003,S005,50,4500,0.1,202500,60750,222750,212625
01274,29-09-2025,06-10-2025,P007,C001,R004,S008,40,1200,0.1,43200,12960,47520,45360
01275,29-09-2025,06-10-2025,P009,C001,R002,S007,42,1200,0.15,42840,12852,47124,44982
01276,30-09-2025,07-10-2025,P008,C004,R007,S005,66,500,0.1,29700,8910,32670,31185
01277,30-09-2025,07-10-2025,P008,C003,R002,S010,57,3200,0.1,164160,49248,180576,172368
01278,01-10-2025,08-10-2025,P010,C003,R004,S006,51,1200,0.15,52020,15606,57222,54621
01279,01-10-2025,08-10-2025,P010,C001,R010,S009,71,3200,0.15,193120,57936,212432,202776
01280,02-10-2025,09-10-2025,P004,C002,R007,S001,42,1200,0.05,47880,14364,52668,50274
01281,02-10-2025,09-10-2025,P001,C001,R003,S001,93,1200,0,111600,33480,122760,117180
01282,03-10-2025,10-10-2025,P001,C009,R002,S006,22,250,0.15,4675,1402.5,5142.5,4908.75
01283,03-10-2025,10-10-2025,P001,C008,R001,S009,18,250,0.05,4275,1282.5,4702.5,4488.75
01284,04-10-2025,11-10-2025,P004,C001,R007,S004,18,500,0.15,7650,2295,8415,8032.5
01285,04-10-2025,11-10-2025,P005,C007,R001,S007,55,500,0.05,26125,7837.5,28737.5,27431.25
01286,05-10-2025,12-10-2025,P002,C010,R009,S005,29,500,0.15,12325,3697.5,13557.5,12941.25
01287,05-10-2025,12-10-2025,P007,C002,R002,S002,75,500,0.1,33750,10125,37125,35437.5
01288,06-10-2025,13-10-2025,P009,C002,R005,S005,16,250,0.05,3800,1140,4180,3990
01289,06-10-2025,13-10-2025,P002,C001,R004,S001,72,500,0.1,32400,9720,35640,34020
01290,07-10-2025,14-10-2025,P005,C002,R005,S001,83,4500,0.1,336150,100845,369765,352957.5
01291,07-10-2025,14-10-2025,P001,C001,R004,S008,51,3200,0.15,138720,41616,152592,145656
01292,08-10-2025,15-10-2025,P008,C001,R008,S002,10,4500,0.05,42750,12825,47025,44887.5
01293,08-10-2025,15-10-2025,P003,C002,R004,S009,27,500,0.05,12825,3847.5,14107.5,13466.25
01294,09-10-2025,16-10-2025,P004,C008,R001,S001,17,3200,0.05,51680,15504,56848,54264
01295,09-10-2025,16-10-2025,P002,C003,R001,S006,11,500,0,5500,1650,6050,5775
01296,10-10-2025,17-10-2025,P003,C008,R010,S009,66,500,0,33000,9900,36300,34650
01297,10-10-2025,17-10-2025,P009,C004,R003,S002,56,250,0.1,12600,3780,13860,13230
01298,11-10-2025,18-10-2025,P003,C002,R004,S001,14,500,0.15,5950,1785,6545,6247.5
01299,11-10-2025,18-10-2025,P009,C002,R003,S004,12,500,0.15,5100,1530,5610,5355
01300,12-10-2025,19-10-2025,P004,C009,R004,S005,50,1200,0.05,57000,17100,62700,59850
01301,12-10-2025,19-10-2025,P004,C001,R005,S002,58,500,0,29000,8700,31900,30450
01302,13-10-2025,20-10-2025,P009,C006,R008,S007,73,500,0,36500,10950,40150,38325
01303,13-10-2025,20-10-2025,P010,C003,R005,S002,61,500,0,30500,9150,33550,32025
01304,14-10-2025,21-10-2025,P009,C001,R009,S001,22,1200,0.05,25080,7524,27588,26334
01305,14-10-2025,21-10-2025,P008,C006,R004,S004,81,500,0.05,38475,11542.5,42322.5,40398.75
01306,15-10-2025,22-10-2025,P002,C003,R009,S003,100,3200,0.05,304000,91200,334400,319200
01307,15-10-2025,22-10-2025,P002,C007,R007,S003,32,1200,0,38400,11520,42240,40320
01308,16-10-2025,23-10-2025,P005,C001,R002,S004,76,1200,0.05,86640,25992,95304,90972
01309,16-10-2025,23-10-2025,P005,C004,R001,S002,72,500,0,36000,10800,39600,37800
01310,17-10-2025,24-10-2025,P005,C006,R002,S003,11,500,0.1,4950,1485,5445,5197.5
01311,17-10-2025,24-10-2025,P008,C008,R007,S001,16,250,0.1,3600,1080,3960,3780
01312,18-10-2025,25-10-2025,P007,C010,R009,S001,75,1200,0.15,76500,22950,84150,80325
01313,18-10-2025,25-10-2025,P007,C003,R006,S001,26,250,0.1,5850,1755,6435,6142.5
01314,19-10-2025,26-10-2025,P008,C001,R001,S006,51,3200,0,163200,48960,179520,171360
01315,19-10-2025,26-10-2025,P008,C009,R006,S006,55,3200,0.1,158400,47520,174240,166320
01316,20-10-2025,27-10-2025,P009,C005,R003,S003,89,4500,0.05,380475,114142.5,418522.5,399498.75
01317,20-10-2025,27-10-2025,P002,C004,R003,S008,41,500,0.1,18450,5535,20295,19372.5
01318,21-10-2025,28-10-2025,P002,C010,R008,S007,28,250,0,7000,2100,7700,7350
01319,21-10-2025,28-10-2025,P003,C004,R004,S004,11,3200,0.1,31680,9504,34848,33264
01320,22-10-2025,29-10-2025,P002,C010,R005,S001,84,4500,0,378000,113400,415800,396900
01321,22-10-2025,29-10-2025,P002,C003,R004,S010,23,4500,0.05,98325,29497.5,108157.5,103241.25
01322,23-10-2025,30-10-2025,P008,C010,R010,S005,89,250,0.05,21137.5,6341.25,23251.25,22194.375
01323,23-10-2025,30-10-2025,P005,C006,R001,S003,25,3200,0.05,76000,22800,83600,79800
01324,24-10-2025,31-10-2025,P010,C005,R001,S001,68,4500,0,306000,91800,336600,321300
01325,24-10-2025,31-10-2025,P002,C003,R003,S010,83,3200,0.1,239040,71712,262944,250992
01326,25-10-2025,01-11-2025,P005,C009,R004,S006,60,500,0.1,27000,8100,29700,28350
01327,25-10-2025,01-11-2025,P004,C005,R006,S007,73,250,0.15,15512.5,4653.75,17063.75,16288.125
01328,26-10-2025,02-11-2025,P007,C007,R001,S002,96,3200,0,307200,92160,337920,322560
01329,26-10-2025,02-11-2025,P005,C004,R004,S001,72,3200,0.05,218880,65664,240768,229824
01330,27-10-2025,03-11-2025,P001,C006,R007,S003,33,500,0.1,14850,4455,16335,15592.5
01331,27-10-2025,03-11-2025,P003,C009,R004,S002,72,3200,0.15,195840,58752,215424,205632
01332,28-10-2025,04-11-2025,P002,C007,R007,S007,34,250,0,8500,2550,9350,8925
01333,28-10-2025,04-11-2025,P007,C005,R010,S002,40,1200,0.15,40800,12240,44880,42840
01334,29-10-2025,05-11-2025,P009,C004,R006,S010,36,1200,0,43200,12960,47520,45360
01335,29-10-2025,05-11-2025,P003,C006,R007,S004,89,1200,0.15,90780,27234,99858,95319
01336,30-10-2025,06-11-2025,P008,C004,R001,S006,100,4500,0.15,382500,114750,420750,401625
01337,30-10-2025,06-11-2025,P006,C004,R010,S004,74,1200,0,88800,26640,97680,93240
01338,31-10-2025,07-11-2025,P002,C003,R001,S004,66,4500,0.1,267300,80190,294030,280665
01339,31-10-2025,07-11-2025,P007,C010,R009,S003,28,500,0.1,12600,3780,13860,13230
01340,01-11-2025,08-11-2025,P001,C010,R005,S002,65,3200,0.1,187200,56160,205920,196560
01341,01-11-2025,08-11-2025,P002,C005,R006,S007,72,3200,0.05,218880,65664,240768,229824
01342,02-11-2025,09-11-2025,P008,C005,R008,S007,86,3200,0.15,233920,70176,257312,245616
01343,02-11-2025,09-11-2025,P001,C010,R002,S008,57,250,0.1,12825,3847.5,14107.5,13466.25
01344,03-11-2025,10-11-2025,P006,C004,R003,S002,19,500,0.1,8550,2565,9405,8977.5
01345,03-11-2025,10-11-2025,P010,C005,R010,S004,42,1200,0.15,42840,12852,47124,44982
01346,04-11-2025,11-11-2025,P007,C003,R008,S007,80,1200,0,96000,28800,105600,100800
01347,04-11-2025,11-11-2025,P009,C009,R003,S010,32,1200,0.15,32640,9792,35904,34272
01348,05-11-2025,12-11-2025,P006,C006,R001,S006,44,3200,0.1,126720,38016,139392,133056
01349,05-11-2025,12-11-2025,P006,C007,R002,S003,12,1200,0.1,12960,3888,14256,13608
01350,06-11-2025,13-11-2025,P009,C006,R009,S003,75,500,0.05,35625,10687.5,39187.5,37406.25
01351,06-11-2025,13-11-2025,P003,C006,R009,S006,7,4500,0.15,26775,8032.5,29452.5,28113.75
01352,07-11-2025,14-11-2025,P002,C006,R006,S002,74,500,0.15,31450,9435,34595,33022.5
01353,07-11-2025,14-11-2025,P001,C006,R008,S009,98,4500,0.15,374850,112455,412335,393592.5
01354,08-11-2025,15-11-2025,P006,C001,R004,S008,21,250,0.1,4725,1417.5,5197.5,4961.25
01355,08-11-2025,15-11-2025,P008,C010,R001,S010,33,500,0.15,14025,4207.5,15427.5,14726.25
01356,09-11-2025,16-11-2025,P007,C009,R003,S008,100,250,0,25000,7500,27500,26250
01357,09-11-2025,16-11-2025,P005,C009,R010,S010,77,250,0.1,17325,5197.5,19057.5,18191.25
01358,10-11-2025,17-11-2025,P002,C006,R002,S008,96,4500,0,432000,129600,475200,453600
01359,10-11-2025,17-11-2025,P010,C010,R009,S005,83,250,0,20750,6225,22825,21787.5
01360,11-11-2025,18-11-2025,P003,C009,R002,S001,20,1200,0.15,20400,6120,22440,21420
01361,11-11-2025,18-11-2025,P009,C005,R004,S004,71,3200,0.1,204480,61344,224928,214704
01362,12-11-2025,19-11-2025,P002,C006,R008,S010,50,1200,0.1,54000,16200,59400,56700
01363,12-11-2025,19-11-2025,P004,C010,R009,S007,83,1200,0.05,94620,28386,104082,99351
01364,13-11-2025,20-11-2025,P003,C007,R008,S009,18,4500,0,81000,24300,89100,85050
01365,13-11-2025,20-11-2025,P004,C008,R006,S001,46,500,0,23000,6900,25300,24150
01366,14-11-2025,21-11-2025,P003,C008,R008,S007,91,3200,0.05,276640,82992,304304,290472
01367,14-11-2025,21-11-2025,P002,C004,R004,S009,33,250,0.1,7425,2227.5,8167.5,7796.25
01368,15-11-2025,22-11-2025,P006,C002,R010,S007,48,250,0.1,10800,3240,11880,11340
01369,15-11-2025,22-11-2025,P003,C005,R010,S003,100,3200,0.1,288000,86400,316800,302400
01370,16-11-2025,23-11-2025,P010,C001,R007,S008,12,500,0.15,5100,1530,5610,5355
01371,16-11-2025,23-11-2025,P008,C010,R002,S005,49,500,0.15,20825,6247.5,22907.5,21866.25
01372,17-11-2025,24-11-2025,P009,C004,R010,S004,68,3200,0.1,195840,58752,215424,205632
01373,17-11-2025,24-11-2025,P007,C003,R008,S002,38,250,0.15,8075,2422.5,8882.5,8478.75
01374,18-11-2025,25-11-2025,P001,C010,R003,S004,6,500,0,3000,900,3300,3150
01375,18-11-2025,25-11-2025,P002,C001,R002,S004,17,500,0.1,7650,2295,8415,8032.5
01376,19-11-2025,26-11-2025,P004,C005,R010,S006,91,500,0.1,40950,12285,45045,42997.5
01377,19-11-2025,26-11-2025,P007,C005,R007,S002,26,1200,0.15,26520,7956,29172,27846
01378,20-11-2025,27-11-2025,P005,C002,R003,S006,88,1200,0.05,100320,30096,110352,105336
01379,20-11-2025,27-11-2025,P009,C010,R003,S003,69,3200,0,220800,66240,242880,231840
01380,21-11-2025,28-11-2025,P006,C009,R008,S010,60,3200,0.15,163200,48960,179520,171360
01381,21-11-2025,28-11-2025,P006,C009,R007,S002,46,4500,0.05,196650,58995,216315,206482.5
01382,22-11-2025,29-11-2025,P004,C004,R009,S003,68,4500,0.15,260100,78030,286110,273105
01383,22-11-2025,29-11-2025,P009,C008,R004,S001,53,3200,0.05,161120,48336,177232,169176
01384,23-11-2025,30-11-2025,P009,C001,R005,S004,88,4500,0,396000,118800,435600,415800
01385,23-11-2025,30-11-2025,P007,C004,R005,S008,66,1200,0.15,67320,20196,74052,70686
01386,24-11-2025,01-12-2025,P008,C006,R009,S007,81,500,0,40500,12150,44550,42525
01387,24-11-2025,01-12-2025,P002,C002,R009,S006,99,4500,0.1,400950,120285,441045,420997.5
01388,25-11-2025,02-12-2025,P006,C007,R007,S005,23,250,0.15,4887.5,1466.25,5376.25,5131.875
01389,25-11-2025,02-12-2025,P009,C005,R010,S007,63,4500,0.1,255150,76545,280665,267907.5
01390,26-11-2025,03-12-2025,P003,C010,R006,S008,8,3200,0.15,21760,6528,23936,22848
01391,26-11-2025,03-12-2025,P006,C003,R010,S004,46,250,0.05,10925,3277.5,12017.5,11471.25
01392,27-11-2025,04-12-2025,P001,C001,R001,S001,96,4500,0.15,367200,110160,403920,385560
01393,27-11-2025,04-12-2025,P010,C001,R002,S003,64,1200,0.15,65280,19584,71808,68544
01394,28-11-2025,05-12-2025,P008,C003,R002,S001,10,250,0.1,2250,675,2475,2362.5
01395,28-11-2025,05-12-2025,P006,C005,R009,S001,55,4500,0,247500,74250,272250,259875
01396,29-11-2025,06-12-2025,P007,C002,R002,S001,31,3200,0.05,94240,28272,103664,98952
01397,29-11-2025,06-12-2025,P005,C004,R005,S010,100,250,0.1,22500,6750,24750,23625
01398,30-11-2025,07-12-2025,P007,C007,R010,S005,22,3200,0.05,66880,20064,73568,70224
01399,30-11-2025,07-12-2025,P001,C009,R008,S003,43,500,0.1,19350,5805,21285,20317.5
01400,01-12-2025,08-12-2025,P008,C009,R003,S004,55,250,0,13750,4125,15125,14437.5
01401,01-12-2025,08-12-2025,P004,C007,R005,S008,46,4500,0.15,175950,52785,193545,184747.5
01402,02-12-2025,09-12-2025,P010,C006,R004,S010,8,250,0.05,1900,570,2090,1995
01403,02-12-2025,09-12-2025,P003,C009,R006,S003,83,1200,0.15,84660,25398,93126,88893
01404,03-12-2025,10-12-2025,P003,C010,R009,S008,23,500,0.1,10350,3105,11385,10867.5
01405,03-12-2025,10-12-2025,P004,C010,R007,S003,56,250,0,14000,4200,15400,14700
01406,04-12-2025,11-12-2025,P001,C007,R005,S002,17,250,0.15,3612.5,1083.75,3973.75,3793.125
01407,04-12-2025,11-12-2025,P009,C010,R005,S008,40,4500,0.15,153000,45900,168300,160650
01408,05-12-2025,12-12-2025,P008,C008,R001,S010,81,250,0.15,17212.5,5163.75,18933.75,18073.125
01409,05-12-2025,12-12-2025,P001,C003,R005,S002,21,250,0,5250,1575,5775,5512.5
01410,06-12-2025,13-12-2025,P006,C003,R008,S008,48,1200,0.1,51840,15552,57024,54432
01411,06-12-2025,13-12-2025,P010,C002,R007,S001,61,1200,0.05,69540,20862,76494,73017
01412,07-12-2025,14-12-2025,P002,C002,R007,S003,16,4500,0.15,61200,18360,67320,64260
01413,07-12-2025,14-12-2025,P006,C007,R008,S006,79,250,0,19750,5925,21725,20737.5
01414,08-12-2025,15-12-2025,P007,C003,R004,S006,53,500,0.15,22525,6757.5,24777.5,23651.25
01415,08-12-2025,15-12-2025,P004,C003,R003,S003,41,3200,0,131200,39360,144320,137760
01416,09-12-2025,16-12-2025,P001,C005,R004,S003,24,4500,0.1,97200,29160,106920,102060
01417,09-12-2025,16-12-2025,P010,C004,R002,S003,8,3200,0.1,23040,6912,25344,24192
01418,10-12-2025,17-12-2025,P008,C001,R001,S008,91,4500,0.15,348075,104422.5,382882.5,365478.75
01419,10-12-2025,17-12-2025,P007,C004,R002,S002,40,500,0,20000,6000,22000,21000
01420,11-12-2025,18-12-2025,P007,C002,R008,S007,64,1200,0.15,65280,19584,71808,68544
01421,11-12-2025,18-12-2025,P001,C008,R007,S002,52,3200,0.15,141440,42432,155584,148512
01422,12-12-2025,19-12-2025,P006,C009,R001,S004,46,4500,0,207000,62100,227700,217350
01423,12-12-2025,19-12-2025,P002,C009,R005,S005,22,250,0.15,4675,1402.5,5142.5,4908.75
01424,13-12-2025,20-12-2025,P004,C003,R004,S007,54,3200,0.15,146880,44064,161568,154224
01425,13-12-2025,20-12-2025,P004,C006,R009,S002,75,500,0.1,33750,10125,37125,35437.5
01426,14-12-2025,21-12-2025,P010,C007,R006,S007,15,1200,0.15,15300,4590,16830,16065
01427,14-12-2025,21-12-2025,P006,C009,R009,S002,7,500,0.05,3325,997.5,3657.5,3491.25
01428,15-12-2025,22-12-2025,P008,C002,R005,S010,42,500,0.15,17850,5355,19635,18742.5
01429,15-12-2025,22-12-2025,P007,C001,R003,S007,81,4500,0.15,309825,92947.5,340807.5,325316.25
01430,16-12-2025,23-12-2025,P003,C006,R007,S002,28,4500,0.1,113400,34020,124740,119070
01431,16-12-2025,23-12-2025,P008,C005,R008,S003,60,3200,0.1,172800,51840,190080,181440
01432,17-12-2025,24-12-2025,P007,C005,R003,S009,19,500,0.1,8550,2565,9405,8977.5
01433,17-12-2025,24-12-2025,P010,C004,R009,S009,87,3200,0.1,250560,75168,275616,263088
01434,18-12-2025,25-12-2025,P006,C005,R005,S009,23,4500,0.1,93150,27945,102465,97807.5
01435,18-12-2025,25-12-2025,P010,C008,R009,S006,83,3200,0.1,239040,71712,262944,250992
01436,19-12-2025,26-12-2025,P006,C008,R005,S009,60,4500,0,270000,81000,297000,283500
01437,19-12-2025,26-12-2025,P005,C009,R007,S003,27,250,0.05,6412.5,1923.75,7053.75,6733.125
01438,20-12-2025,27-12-2025,P010,C009,R008,S001,97,250,0.05,23037.5,6911.25,25341.25,24189.375
01439,20-12-2025,27-12-2025,P005,C010,R007,S005,50,1200,0.15,51000,15300,56100,53550
01440,21-12-2025,28-12-2025,P005,C005,R003,S003,41,4500,0.15,156825,47047.5,172507.5,164666.25
01441,21-12-2025,28-12-2025,P004,C008,R002,S009,48,4500,0.1,194400,58320,213840,204120
01442,22-12-2025,29-12-2025,P002,C010,R002,S008,16,250,0.1,3600,1080,3960,3780
01443,22-12-2025,29-12-2025,P007,C006,R006,S001,13,1200,0.1,14040,4212,15444,14742
01444,23-12-2025,30-12-2025,P009,C002,R010,S004,91,250,0.15,19337.5,5801.25,21271.25,20304.375
01445,23-12-2025,30-12-2025,P009,C002,R004,S004,54,3200,0.15,146880,44064,161568,154224
01446,24-12-2025,31-12-2025,P004,C009,R002,S008,5,3200,0.15,13600,4080,14960,14280
01447,24-12-2025,31-12-2025,P002,C001,R001,S007,27,1200,0.15,27540,8262,30294,28917
01448,25-12-2025,01-01-2026,P010,C003,R001,S002,100,3200,0.05,304000,91200,334400,319200
01449,25-12-2025,01-01-2026,P003,C008,R005,S002,56,3200,0.05,170240,51072,187264,178752
01450,26-12-2025,02-01-2026,P005,C002,R007,S004,30,1200,0,36000,10800,39600,37800
01451,26-12-2025,02-01-2026,P002,C008,R007,S002,13,1200,0.1,14040,4212,15444,14742
01452,27-12-2025,03-01-2026,P010,C009,R009,S002,48,500,0.1,21600,6480,23760,22680
01453,27-12-2025,03-01-2026,P003,C002,R003,S001,15,500,0.1,6750,2025,7425,7087.5
01454,28-12-2025,04-01-2026,P008,C005,R002,S005,8,1200,0.1,8640,2592,9504,9072
01455,28-12-2025,04-01-2026,P002,C001,R007,S005,48,4500,0.1,194400,58320,213840,204120
01456,29-12-2025,05-01-2026,P004,C002,R001,S006,44,250,0.1,9900,2970,10890,10395
01457,29-12-2025,05-01-2026,P001,C010,R002,S005,22,250,0.1,4950,1485,5445,5197.5
01458,30-12-2025,06-01-2026,P006,C010,R007,S008,93,1200,0.1,100440,30132,110484,105462
01459,30-12-2025,06-01-2026,P004,C004,R002,S001,42,250,0.15,8925,2677.5,9817.5,9371.25
01460,31-12-2025,07-01-2026,P005,C005,R007,S002,22,250,0.1,4950,1485,5445,5197.5
01461,31-12-2025,07-01-2026,P006,C005,R006,S004,79,4500,0.1,319950,95985,351945,335947.5
01462,01-01-2026,08-01-2026,P007,C003,R006,S009,46,250,0.15,9775,2932.5,10752.5,10263.75
01463,01-01-2026,08-01-2026,P007,C009,R010,S008,95,500,0.05,45125,13537.5,49637.5,47381.25
01464,02-01-2026,09-01-2026,P006,C003,R009,S007,42,3200,0,134400,40320,147840,141120
01465,02-01-2026,09-01-2026,P001,C007,R007,S003,63,1200,0.1,68040,20412,74844,71442
01466,03-01-2026,10-01-2026,P010,C007,R009,S001,70,1200,0.1,75600,22680,83160,79380
01467,03-01-2026,10-01-2026,P005,C005,R008,S005,35,500,0,17500,5250,19250,18375
01468,04-01-2026,11-01-2026,P004,C004,R005,S002,32,4500,0.15,122400,36720,134640,128520
01469,04-01-2026,11-01-2026,P005,C002,R008,S002,40,4500,0.1,162000,48600,178200,170100
01470,05-01-2026,12-01-2026,P008,C008,R010,S008,10,4500,0.05,42750,12825,47025,44887.5
01471,05-01-2026,12-01-2026,P009,C003,R001,S009,46,1200,0,55200,16560,60720,57960
01472,06-01-2026,13-01-2026,P003,C001,R004,S010,81,3200,0.1,233280,69984,256608,244944
01473,06-01-2026,13-01-2026,P006,C009,R010,S005,27,250,0.15,5737.5,1721.25,6311.25,6024.375
01474,07-01-2026,14-01-2026,P003,C007,R002,S008,77,4500,0.15,294525,88357.5,323977.5,309251.25
01475,07-01-2026,14-01-2026,P007,C005,R001,S004,93,500,0.05,44175,13252.5,48592.5,46383.75
01476,08-01-2026,15-01-2026,P004,C007,R008,S009,9,500,0,4500,1350,4950,4725
01477,08-01-2026,15-01-2026,P001,C009,R003,S006,15,1200,0.1,16200,4860,17820,17010
01478,09-01-2026,16-01-2026,P010,C005,R006,S003,31,500,0.1,13950,4185,15345,14647.5
01479,09-01-2026,16-01-2026,P008,C005,R003,S006,87,500,0.15,36975,11092.5,40672.5,38823.75
01480,10-01-2026,17-01-2026,P003,C007,R005,S008,79,1200,0.15,80580,24174,88638,84609
01481,10-01-2026,17-01-2026,P008,C002,R009,S006,11,500,0,5500,1650,6050,5775
01482,11-01-2026,18-01-2026,P007,C010,R004,S002,52,4500,0.15,198900,59670,218790,208845
01483,11-01-2026,18-01-2026,P003,C001,R005,S010,29,4500,0.1,117450,35235,129195,123322.5
01484,12-01-2026,19-01-2026,P001,C003,R002,S010,82,500,0.1,36900,11070,40590,38745
01485,12-01-2026,19-01-2026,P004,C004,R002,S004,21,250,0.15,4462.5,1338.75,4908.75,4685.625
01486,13-01-2026,20-01-2026,P007,C009,R002,S005,43,250,0,10750,3225,11825,11287.5
01487,13-01-2026,20-01-2026,P004,C002,R009,S009,13,250,0.1,2925,877.5,3217.5,3071.25
01488,14-01-2026,21-01-2026,P001,C010,R001,S007,71,250,0.1,15975,4792.5,17572.5,16773.75
01489,14-01-2026,21-01-2026,P004,C007,R005,S008,54,250,0.05,12825,3847.5,14107.5,13466.25
01490,15-01-2026,22-01-2026,P007,C006,R009,S010,42,1200,0,50400,15120,55440,52920
01491,15-01-2026,22-01-2026,P008,C003,R005,S001,99,500,0,49500,14850,54450,51975
01492,16-01-2026,23-01-2026,P002,C004,R010,S005,98,500,0.15,41650,12495,45815,43732.5
01493,16-01-2026,23-01-2026,P010,C010,R010,S008,39,4500,0.1,157950,47385,173745,165847.5
01494,17-01-2026,24-01-2026,P004,C008,R008,S010,28,500,0,14000,4200,15400,14700
01495,17-01-2026,24-01-2026,P008,C007,R001,S007,10,1200,0,12000,3600,13200,12600
01496,18-01-2026,25-01-2026,P001,C003,R008,S010,32,3200,0.05,97280,29184,107008,102144
01497,18-01-2026,25-01-2026,P005,C001,R005,S001,93,500,0.15,39525,11857.5,43477.5,41501.25
01498,19-01-2026,26-01-2026,P002,C003,R008,S009,65,3200,0.15,176800,53040,194480,185640
01499,19-01-2026,26-01-2026,P009,C009,R001,S003,33,250,0,8250,2475,9075,8662.5
01500,20-01-2026,27-01-2026,P004,C010,R004,S002,29,1200,0.1,31320,9396,34452,32886
01501,20-01-2026,27-01-2026,P001,C010,R003,S010,33,500,0.15,14025,4207.5,15427.5,14726.25
01502,21-01-2026,28-01-2026,P003,C002,R001,S006,31,1200,0.1,33480,10044,36828,35154
01503,21-01-2026,28-01-2026,P010,C010,R003,S004,77,3200,0.05,234080,70224,257488,245784
01504,22-01-2026,29-01-2026,P001,C008,R002,S008,87,1200,0.05,99180,29754,109098,104139
01505,22-01-2026,29-01-2026,P005,C007,R008,S008,31,3200,0.15,84320,25296,92752,88536
01506,23-01-2026,30-01-2026,P009,C008,R005,S007,86,4500,0.05,367650,110295,404415,386032.5
01507,23-01-2026,30-01-2026,P005,C004,R003,S004,90,500,0,45000,13500,49500,47250
01508,24-01-2026,31-01-2026,P004,C003,R005,S003,39,4500,0,175500,52650,193050,184275
01509,24-01-2026,31-01-2026,P009,C007,R010,S003,58,3200,0.1,167040,50112,183744,175392
01510,25-01-2026,01-02-2026,P001,C003,R008,S010,87,3200,0,278400,83520,306240,292320
01511,25-01-2026,01-02-2026,P010,C002,R005,S009,69,1200,0.1,74520,22356,81972,78246
01512,26-01-2026,02-02-2026,P004,C002,R010,S006,44,3200,0,140800,42240,154880,147840
01513,26-01-2026,02-02-2026,P003,C007,R003,S007,16,1200,0.05,18240,5472,20064,19152
01514,27-01-2026,03-02-2026,P002,C008,R005,S007,85,3200,0.05,258400,77520,284240,271320
01515,27-01-2026,03-02-2026,P002,C006,R007,S007,30,4500,0,135000,40500,148500,141750
01516,28-01-2026,04-02-2026,P002,C006,R004,S001,10,1200,0,12000,3600,13200,12600
01517,28-01-2026,04-02-2026,P002,C010,R010,S009,21,500,0.1,9450,2835,10395,9922.5
01518,29-01-2026,05-02-2026,P008,C003,R004,S008,74,3200,0,236800,71040,260480,248640
01519,29-01-2026,05-02-2026,P004,C006,R010,S007,62,1200,0,74400,22320,81840,78120
01520,30-01-2026,06-02-2026,P009,C005,R010,S001,27,1200,0.15,27540,8262,30294,28917
01521,30-01-2026,06-02-2026,P003,C006,R008,S008,46,250,0,11500,3450,12650,12075
01522,31-01-2026,07-02-2026,P007,C008,R010,S006,27,4500,0.15,103275,30982.5,113602.5,108438.75
01523,31-01-2026,07-02-2026,P008,C001,R010,S005,67,3200,0.05,203680,61104,224048,213864
01524,01-02-2026,08-02-2026,P006,C009,R010,S003,50,3200,0,160000,48000,176000,168000
01525,01-02-2026,08-02-2026,P005,C002,R004,S005,49,250,0.05,11637.5,3491.25,12801.25,12219.375
01526,02-02-2026,09-02-2026,P006,C003,R004,S005,60,250,0.05,14250,4275,15675,14962.5
01527,02-02-2026,09-02-2026,P002,C007,R009,S005,67,250,0,16750,5025,18425,17587.5
01528,03-02-2026,10-02-2026,P001,C009,R001,S008,98,1200,0.1,105840,31752,116424,111132
01529,03-02-2026,10-02-2026,P009,C005,R003,S002,53,3200,0.05,161120,48336,177232,169176
01530,04-02-2026,11-02-2026,P009,C007,R003,S006,26,500,0.15,11050,3315,12155,11602.5
01531,04-02-2026,11-02-2026,P002,C007,R005,S005,28,1200,0,33600,10080,36960,35280
01532,05-02-2026,12-02-2026,P002,C009,R001,S005,58,1200,0.15,59160,17748,65076,62118
01533,05-02-2026,12-02-2026,P010,C010,R004,S008,90,1200,0.1,97200,29160,106920,102060
01534,06-02-2026,13-02-2026,P009,C007,R002,S008,57,3200,0.15,155040,46512,170544,162792
01535,06-02-2026,13-02-2026,P005,C010,R010,S004,26,250,0.15,5525,1657.5,6077.5,5801.25
01536,07-02-2026,14-02-2026,P009,C009,R005,S008,91,500,0.05,43225,12967.5,47547.5,45386.25
01537,07-02-2026,14-02-2026,P002,C003,R004,S004,28,3200,0.05,85120,25536,93632,89376
01538,08-02-2026,15-02-2026,P001,C010,R005,S006,48,250,0.1,10800,3240,11880,11340
01539,08-02-2026,15-02-2026,P006,C009,R007,S002,27,3200,0,86400,25920,95040,90720
01540,09-02-2026,16-02-2026,P001,C001,R001,S002,85,250,0.05,20187.5,6056.25,22206.25,21196.875
01541,09-02-2026,16-02-2026,P010,C008,R002,S002,10,250,0.05,2375,712.5,2612.5,2493.75
01542,10-02-2026,17-02-2026,P002,C006,R007,S009,62,500,0.1,27900,8370,30690,29295
01543,10-02-2026,17-02-2026,P010,C004,R002,S009,55,3200,0.05,167200,50160,183920,175560
01544,11-02-2026,18-02-2026,P007,C002,R001,S005,26,4500,0,117000,35100,128700,122850
01545,11-02-2026,18-02-2026,P009,C008,R010,S005,88,3200,0.15,239360,71808,263296,251328
01546,12-02-2026,19-02-2026,P006,C007,R003,S002,8,500,0.15,3400,1020,3740,3570
01547,12-02-2026,19-02-2026,P004,C007,R004,S004,92,1200,0.05,104880,31464,115368,110124
01548,13-02-2026,20-02-2026,P003,C010,R007,S005,84,3200,0.1,241920,72576,266112,254016
01549,13-02-2026,20-02-2026,P003,C005,R001,S005,42,4500,0.05,179550,53865,197505,188527.5
01550,14-02-2026,21-02-2026,P006,C004,R007,S003,9,500,0.1,4050,1215,4455,4252.5
01551,14-02-2026,21-02-2026,P002,C002,R008,S003,6,250,0.15,1275,382.5,1402.5,1338.75
01552,15-02-2026,22-02-2026,P001,C010,R001,S001,29,4500,0,130500,39150,143550,137025
01553,15-02-2026,22-02-2026,P008,C009,R006,S001,40,500,0.15,17000,5100,18700,17850
01554,16-02-2026,23-02-2026,P006,C001,R010,S006,5,250,0,1250,375,1375,1312.5
01555,16-02-2026,23-02-2026,P003,C005,R002,S003,47,250,0.1,10575,3172.5,11632.5,11103.75
01556,17-02-2026,24-02-2026,P007,C003,R003,S005,65,500,0.1,29250,8775,32175,30712.5
01557,17-02-2026,24-02-2026,P007,C001,R006,S005,59,3200,0,188800,56640,207680,198240
01558,18-02-2026,25-02-2026,P002,C009,R005,S005,75,250,0,18750,5625,20625,19687.5
01559,18-02-2026,25-02-2026,P008,C002,R004,S007,14,250,0,3500,1050,3850,3675
01560,19-02-2026,26-02-2026,P001,C008,R007,S008,70,250,0.05,16625,4987.5,18287.5,17456.25
01561,19-02-2026,26-02-2026,P008,C006,R009,S006,76,3200,0.1,218880,65664,240768,229824
01562,20-02-2026,27-02-2026,P007,C005,R003,S004,24,250,0.05,5700,1710,6270,5985
01563,20-02-2026,27-02-2026,P004,C010,R001,S007,41,4500,0.1,166050,49815,182655,174352.5
01564,21-02-2026,28-02-2026,P003,C009,R002,S007,46,1200,0.1,49680,14904,54648,52164
01565,21-02-2026,28-02-2026,P010,C002,R001,S010,35,500,0.05,16625,4987.5,18287.5,17456.25
01566,22-02-2026,01-03-2026,P004,C002,R004,S006,25,500,0.15,10625,3187.5,11687.5,11156.25
01567,22-02-2026,01-03-2026,P007,C007,R007,S006,36,250,0,9000,2700,9900,9450
01568,23-02-2026,02-03-2026,P006,C002,R006,S007,13,3200,0,41600,12480,45760,43680
01569,23-02-2026,02-03-2026,P005,C006,R010,S004,91,1200,0.1,98280,29484,108108,103194
01570,24-02-2026,03-03-2026,P008,C007,R007,S002,82,1200,0,98400,29520,108240,103320
01571,24-02-2026,03-03-2026,P005,C002,R007,S008,6,250,0.1,1350,405,1485,1417.5
01572,25-02-2026,04-03-2026,P009,C008,R010,S009,84,1200,0.1,90720,27216,99792,95256
01573,25-02-2026,04-03-2026,P001,C004,R009,S010,69,500,0.05,32775,9832.5,36052.5,34413.75
01574,26-02-2026,05-03-2026,P004,C007,R006,S005,88,500,0.1,39600,11880,43560,41580
01575,26-02-2026,05-03-2026,P007,C006,R002,S009,25,1200,0.1,27000,8100,29700,28350
01576,27-02-2026,06-03-2026,P010,C001,R003,S010,95,3200,0.15,258400,77520,284240,271320
01577,27-02-2026,06-03-2026,P001,C008,R006,S006,93,500,0.05,44175,13252.5,48592.5,46383.75
01578,28-02-2026,07-03-2026,P008,C004,R010,S001,93,3200,0.05,282720,84816,310992,296856
01579,28-02-2026,07-03-2026,P003,C010,R003,S008,84,250,0.1,18900,5670,20790,19845
01580,01-03-2026,08-03-2026,P004,C002,R003,S010,94,250,0.05,22325,6697.5,24557.5,23441.25
01581,01-03-2026,08-03-2026,P003,C009,R005,S007,73,500,0.15,31025,9307.5,34127.5,32576.25
01582,02-03-2026,09-03-2026,P004,C002,R006,S004,97,250,0.1,21825,6547.5,24007.5,22916.25
01583,02-03-2026,09-03-2026,P003,C010,R002,S005,13,250,0.15,2762.5,828.75,3038.75,2900.625
01584,03-03-2026,10-03-2026,P004,C009,R002,S006,74,1200,0.1,79920,23976,87912,83916
01585,03-03-2026,10-03-2026,P009,C006,R009,S001,37,500,0.05,17575,5272.5,19332.5,18453.75
01586,04-03-2026,11-03-2026,P002,C007,R006,S005,41,4500,0.1,166050,49815,182655,174352.5
01587,04-03-2026,11-03-2026,P009,C008,R010,S003,90,3200,0.05,273600,82080,300960,287280
01588,05-03-2026,12-03-2026,P010,C002,R005,S010,49,250,0.1,11025,3307.5,12127.5,11576.25
01589,05-03-2026,12-03-2026,P004,C008,R010,S005,20,3200,0,64000,19200,70400,67200
01590,06-03-2026,13-03-2026,P008,C010,R001,S006,59,3200,0.05,179360,53808,197296,188328
01591,06-03-2026,13-03-2026,P008,C009,R004,S009,76,1200,0.15,77520,23256,85272,81396
01592,07-03-2026,14-03-2026,P010,C010,R002,S002,74,3200,0,236800,71040,260480,248640
01593,07-03-2026,14-03-2026,P003,C001,R009,S006,83,1200,0.15,84660,25398,93126,88893
01594,08-03-2026,15-03-2026,P009,C001,R007,S005,64,500,0.05,30400,9120,33440,31920
01595,08-03-2026,15-03-2026,P003,C002,R006,S006,48,500,0,24000,7200,26400,25200
01596,09-03-2026,16-03-2026,P006,C001,R001,S010,53,3200,0.15,144160,43248,158576,151368
01597,09-03-2026,16-03-2026,P004,C006,R009,S007,13,3200,0.1,37440,11232,41184,39312
01598,10-03-2026,17-03-2026,P001,C010,R005,S001,100,500,0.1,45000,13500,49500,47250
01599,10-03-2026,17-03-2026,P002,C007,R003,S002,15,500,0,7500,2250,8250,7875
01600,11-03-2026,18-03-2026,P007,C010,R003,S005,64,3200,0.1,184320,55296,202752,193536
01601,11-03-2026,18-03-2026,P009,C004,R001,S003,32,1200,0.1,34560,10368,38016,36288
01602,12-03-2026,19-03-2026,P001,C001,R002,S001,62,4500,0.15,237150,71145,260865,249007.5
01603,12-03-2026,19-03-2026,P001,C009,R010,S008,36,4500,0.05,153900,46170,169290,161595
01604,13-03-2026,20-03-2026,P009,C003,R007,S005,73,4500,0.1,295650,88695,325215,310432.5
01605,13-03-2026,20-03-2026,P006,C008,R010,S002,62,4500,0,279000,83700,306900,292950
01606,14-03-2026,21-03-2026,P008,C002,R003,S010,14,4500,0.05,59850,17955,65835,62842.5
01607,14-03-2026,21-03-2026,P006,C003,R007,S006,33,1200,0,39600,11880,43560,41580
01608,15-03-2026,22-03-2026,P009,C007,R009,S009,6,3200,0.05,18240,5472,20064,19152
01609,15-03-2026,22-03-2026,P003,C002,R007,S006,70,3200,0.15,190400,57120,209440,199920
01610,16-03-2026,23-03-2026,P005,C005,R007,S008,59,4500,0.15,225675,67702.5,248242.5,236958.75
01611,16-03-2026,23-03-2026,P009,C003,R001,S007,36,3200,0.05,109440,32832,120384,114912
01612,17-03-2026,24-03-2026,P006,C001,R004,S010,99,1200,0.05,112860,33858,124146,118503
01613,17-03-2026,24-03-2026,P006,C001,R008,S006,65,500,0.05,30875,9262.5,33962.5,32418.75
01614,18-03-2026,25-03-2026,P004,C008,R010,S008,41,250,0.15,8712.5,2613.75,9583.75,9148.125
01615,18-03-2026,25-03-2026,P009,C002,R002,S001,15,4500,0.05,64125,19237.5,70537.5,67331.25
01616,19-03-2026,26-03-2026,P005,C004,R002,S002,32,4500,0.1,129600,38880,142560,136080
01617,19-03-2026,26-03-2026,P003,C005,R002,S009,52,250,0.05,12350,3705,13585,12967.5
01618,20-03-2026,27-03-2026,P005,C005,R003,S004,92,3200,0.05,279680,83904,307648,293664
01619,20-03-2026,27-03-2026,P003,C005,R006,S007,50,3200,0,160000,48000,176000,168000
01620,21-03-2026,28-03-2026,P010,C007,R007,S004,34,500,0,17000,5100,18700,17850
01621,21-03-2026,28-03-2026,P006,C007,R009,S002,53,3200,0.15,144160,43248,158576,151368
01622,22-03-2026,29-03-2026,P002,C010,R001,S005,94,3200,0,300800,90240,330880,315840
01623,22-03-2026,29-03-2026,P001,C001,R005,S001,52,3200,0.1,149760,44928,164736,157248
01624,23-03-2026,30-03-2026,P009,C009,R001,S006,49,4500,0.15,187425,56227.5,206167.5,196796.25
01625,23-03-2026,30-03-2026,P004,C007,R001,S002,44,500,0,22000,6600,24200,23100
01626,24-03-2026,31-03-2026,P003,C006,R001,S004,71,4500,0.1,287550,86265,316305,301927.5
01627,24-03-2026,31-03-2026,P007,C003,R007,S002,85,3200,0.05,258400,77520,284240,271320
01628,25-03-2026,01-04-2026,P003,C005,R006,S003,74,4500,0.05,316350,94905,347985,332167.5
01629,25-03-2026,01-04-2026,P003,C001,R003,S007,88,500,0.1,39600,11880,43560,41580
01630,26-03-2026,02-04-2026,P004,C008,R003,S008,100,4500,0.1,405000,121500,445500,425250
01631,26-03-2026,02-04-2026,P008,C010,R010,S003,7,250,0.15,1487.5,446.25,1636.25,1561.875
01632,27-03-2026,03-04-2026,P010,C001,R007,S005,99,3200,0,316800,95040,348480,332640
01633,27-03-2026,03-04-2026,P002,C009,R003,S010,90,250,0,22500,6750,24750,23625
01634,28-03-2026,04-04-2026,P003,C001,R003,S002,86,250,0.15,18275,5482.5,20102.5,19188.75
01635,28-03-2026,04-04-2026,P006,C009,R005,S001,58,500,0,29000,8700,31900,30450
01636,29-03-2026,05-04-2026,P007,C001,R006,S004,83,4500,0.15,317475,95242.5,349222.5,333348.75
01637,29-03-2026,05-04-2026,P006,C010,R001,S002,98,1200,0.1,105840,31752,116424,111132
01638,30-03-2026,06-04-2026,P003,C008,R003,S001,75,250,0.05,17812.5,5343.75,19593.75,18703.125
01639,30-03-2026,06-04-2026,P002,C003,R007,S007,14,250,0,3500,1050,3850,3675
01640,31-03-2026,07-04-2026,P005,C001,R007,S005,73,4500,0.15,279225,83767.5,307147.5,293186.25
01641,31-03-2026,07-04-2026,P004,C010,R008,S004,49,250,0.05,11637.5,3491.25,12801.25,12219.375
01642,01-04-2026,08-04-2026,P009,C009,R003,S004,13,4500,0.05,55575,16672.5,61132.5,58353.75
01643,01-04-2026,08-04-2026,P002,C007,R003,S003,14,3200,0.05,42560,12768,46816,44688
01644,02-04-2026,09-04-2026,P002,C003,R008,S010,38,250,0.05,9025,2707.5,9927.5,9476.25
01645,02-04-2026,09-04-2026,P009,C007,R009,S004,11,4500,0.1,44550,13365,49005,46777.5
01646,03-04-2026,10-04-2026,P005,C008,R007,S002,15,1200,0.1,16200,4860,17820,17010
01647,03-04-2026,10-04-2026,P002,C002,R006,S004,26,500,0.05,12350,3705,13585,12967.5
01648,04-04-2026,11-04-2026,P005,C008,R003,S009,7,250,0.05,1662.5,498.75,1828.75,1745.625
01649,04-04-2026,11-04-2026,P002,C003,R003,S005,75,4500,0,337500,101250,371250,354375
01650,05-04-2026,12-04-2026,P010,C010,R005,S003,82,250,0,20500,6150,22550,21525
01651,05-04-2026,12-04-2026,P010,C004,R010,S003,51,4500,0.05,218025,65407.5,239827.5,228926.25
01652,06-04-2026,13-04-2026,P006,C008,R009,S002,20,500,0.15,8500,2550,9350,8925
01653,06-04-2026,13-04-2026,P010,C005,R005,S007,84,250,0.1,18900,5670,20790,19845
01654,07-04-2026,14-04-2026,P006,C005,R010,S006,70,250,0.05,16625,4987.5,18287.5,17456.25
01655,07-04-2026,14-04-2026,P004,C004,R002,S002,26,4500,0.1,105300,31590,115830,110565
01656,08-04-2026,15-04-2026,P001,C002,R005,S001,40,500,0.1,18000,5400,19800,18900
01657,08-04-2026,15-04-2026,P008,C002,R003,S002,91,250,0,22750,6825,25025,23887.5
01658,09-04-2026,16-04-2026,P008,C003,R001,S006,100,4500,0.1,405000,121500,445500,425250
01659,09-04-2026,16-04-2026,P001,C006,R002,S003,53,4500,0,238500,71550,262350,250425
01660,10-04-2026,17-04-2026,P007,C009,R006,S007,99,250,0.15,21037.5,6311.25,23141.25,22089.375
01661,10-04-2026,17-04-2026,P004,C007,R003,S009,20,500,0,10000,3000,11000,10500
01662,11-04-2026,18-04-2026,P005,C002,R009,S003,11,4500,0.1,44550,13365,49005,46777.5
01663,11-04-2026,18-04-2026,P005,C010,R001,S010,21,1200,0.05,23940,7182,26334,25137
01664,12-04-2026,19-04-2026,P009,C009,R003,S003,76,4500,0.1,307800,92340,338580,323190
01665,12-04-2026,19-04-2026,P007,C010,R007,S008,45,1200,0.1,48600,14580,53460,51030
01666,13-04-2026,20-04-2026,P007,C008,R003,S007,99,3200,0.15,269280,80784,296208,282744
01667,13-04-2026,20-04-2026,P010,C001,R010,S005,85,1200,0.05,96900,29070,106590,101745
01668,14-04-2026,21-04-2026,P009,C004,R009,S009,63,500,0.05,29925,8977.5,32917.5,31421.25
01669,14-04-2026,21-04-2026,P006,C009,R002,S009,57,1200,0.05,64980,19494,71478,68229
01670,15-04-2026,22-04-2026,P004,C004,R010,S003,18,500,0,9000,2700,9900,9450
01671,15-04-2026,22-04-2026,P001,C007,R007,S005,98,1200,0.1,105840,31752,116424,111132
01672,16-04-2026,23-04-2026,P005,C006,R005,S004,88,3200,0,281600,84480,309760,295680
01673,16-04-2026,23-04-2026,P004,C003,R003,S009,70,1200,0.15,71400,21420,78540,74970
01674,17-04-2026,24-04-2026,P007,C005,R007,S003,95,4500,0,427500,128250,470250,448875
01675,17-04-2026,24-04-2026,P007,C001,R005,S006,58,3200,0.1,167040,50112,183744,175392
01676,18-04-2026,25-04-2026,P008,C002,R004,S005,78,250,0,19500,5850,21450,20475
01677,18-04-2026,25-04-2026,P010,C007,R010,S010,27,500,0.05,12825,3847.5,14107.5,13466.25
01678,19-04-2026,26-04-2026,P007,C004,R009,S005,11,500,0.1,4950,1485,5445,5197.5
01679,19-04-2026,26-04-2026,P010,C004,R007,S007,94,500,0.05,44650,13395,49115,46882.5
01680,20-04-2026,27-04-2026,P004,C002,R004,S004,49,4500,0,220500,66150,242550,231525
01681,20-04-2026,27-04-2026,P002,C009,R006,S005,99,1200,0.05,112860,33858,124146,118503
01682,21-04-2026,28-04-2026,P003,C002,R002,S005,30,4500,0.05,128250,38475,141075,134662.5
01683,21-04-2026,28-04-2026,P003,C003,R007,S003,78,1200,0.05,88920,26676,97812,93366
01684,22-04-2026,29-04-2026,P009,C010,R008,S007,50,3200,0,160000,48000,176000,168000
01685,22-04-2026,29-04-2026,P009,C009,R006,S001,51,500,0.1,22950,6885,25245,24097.5
01686,23-04-2026,30-04-2026,P008,C009,R002,S007,87,3200,0,278400,83520,306240,292320
01687,23-04-2026,30-04-2026,P004,C010,R008,S010,51,1200,0.15,52020,15606,57222,54621
01688,24-04-2026,01-05-2026,P007,C005,R006,S009,78,4500,0,351000,105300,386100,368550
01689,24-04-2026,01-05-2026,P004,C009,R005,S003,94,500,0,47000,14100,51700,49350
01690,25-04-2026,02-05-2026,P010,C002,R008,S008,20,3200,0.1,57600,17280,63360,60480
01691,25-04-2026,02-05-2026,P006,C008,R005,S007,98,3200,0.05,297920,89376,327712,312816
01692,26-04-2026,03-05-2026,P004,C005,R002,S001,52,250,0,13000,3900,14300,13650
01693,26-04-2026,03-05-2026,P002,C001,R010,S005,32,250,0,8000,2400,8800,8400
01694,27-04-2026,04-05-2026,P005,C004,R001,S004,70,3200,0,224000,67200,246400,235200
01695,27-04-2026,04-05-2026,P006,C005,R003,S006,24,1200,0.1,25920,7776,28512,27216
01696,28-04-2026,05-05-2026,P006,C009,R004,S003,86,1200,0.1,92880,27864,102168,97524
01697,28-04-2026,05-05-2026,P006,C004,R008,S008,37,3200,0,118400,35520,130240,124320
01698,29-04-2026,06-05-2026,P006,C002,R004,S005,11,3200,0.15,29920,8976,32912,31416
01699,29-04-2026,06-05-2026,P006,C007,R007,S010,47,3200,0,150400,45120,165440,157920
01700,30-04-2026,07-05-2026,P001,C004,R004,S001,100,1200,0,120000,36000,132000,126000
01701,30-04-2026,07-05-2026,P002,C001,R010,S003,14,3200,0.05,42560,12768,46816,44688
01702,01-05-2026,08-05-2026,P005,C006,R010,S008,81,4500,0.15,309825,92947.5,340807.5,325316.25
01703,01-05-2026,08-05-2026,P002,C010,R006,S007,96,500,0.15,40800,12240,44880,42840
01704,02-05-2026,09-05-2026,P004,C004,R010,S005,39,4500,0,175500,52650,193050,184275
01705,02-05-2026,09-05-2026,P003,C006,R008,S008,65,3200,0.15,176800,53040,194480,185640
01706,03-05-2026,10-05-2026,P006,C003,R008,S009,37,250,0.15,7862.5,2358.75,8648.75,8255.625
01707,03-05-2026,10-05-2026,P004,C005,R003,S004,95,4500,0.15,363375,109012.5,399712.5,381543.75
01708,04-05-2026,11-05-2026,P001,C002,R003,S002,13,500,0.1,5850,1755,6435,6142.5
01709,04-05-2026,11-05-2026,P009,C009,R002,S003,97,250,0.1,21825,6547.5,24007.5,22916.25
01710,05-05-2026,12-05-2026,P001,C002,R010,S007,26,1200,0.1,28080,8424,30888,29484
01711,05-05-2026,12-05-2026,P002,C006,R008,S002,89,4500,0.05,380475,114142.5,418522.5,399498.75
01712,06-05-2026,13-05-2026,P001,C002,R001,S005,54,4500,0.1,218700,65610,240570,229635
01713,06-05-2026,13-05-2026,P004,C003,R008,S008,59,3200,0.1,169920,50976,186912,178416
01714,07-05-2026,14-05-2026,P005,C005,R005,S007,100,3200,0.1,288000,86400,316800,302400
01715,07-05-2026,14-05-2026,P001,C009,R005,S006,67,3200,0.1,192960,57888,212256,202608
01716,08-05-2026,15-05-2026,P001,C006,R010,S001,38,1200,0.05,43320,12996,47652,45486
01717,08-05-2026,15-05-2026,P006,C002,R009,S002,54,1200,0.05,61560,18468,67716,64638
01718,09-05-2026,16-05-2026,P006,C002,R008,S008,93,4500,0.05,397575,119272.5,437332.5,417453.75
01719,09-05-2026,16-05-2026,P001,C010,R004,S003,10,4500,0.05,42750,12825,47025,44887.5
01720,10-05-2026,17-05-2026,P002,C007,R004,S009,47,3200,0.05,142880,42864,157168,150024
01721,10-05-2026,17-05-2026,P005,C009,R002,S008,39,3200,0,124800,37440,137280,131040
01722,11-05-2026,18-05-2026,P005,C007,R009,S010,34,1200,0.15,34680,10404,38148,36414
01723,11-05-2026,18-05-2026,P010,C008,R006,S007,57,1200,0,68400,20520,75240,71820
01724,12-05-2026,19-05-2026,P007,C001,R001,S004,95,500,0.15,40375,12112.5,44412.5,42393.75
01725,12-05-2026,19-05-2026,P006,C004,R008,S007,17,1200,0.1,18360,5508,20196,19278
01726,13-05-2026,20-05-2026,P007,C009,R007,S005,60,250,0.1,13500,4050,14850,14175
01727,13-05-2026,20-05-2026,P007,C003,R010,S004,84,1200,0.1,90720,27216,99792,95256
01728,14-05-2026,21-05-2026,P003,C006,R002,S003,81,3200,0.05,246240,73872,270864,258552
01729,14-05-2026,21-05-2026,P010,C003,R009,S007,27,3200,0.1,77760,23328,85536,81648
01730,15-05-2026,22-05-2026,P002,C005,R007,S010,53,4500,0.15,202725,60817.5,222997.5,212861.25
01731,15-05-2026,22-05-2026,P008,C007,R008,S002,29,3200,0.05,88160,26448,96976,92568
01732,16-05-2026,23-05-2026,P001,C006,R002,S006,49,3200,0,156800,47040,172480,164640
01733,16-05-2026,23-05-2026,P010,C007,R007,S002,27,4500,0.15,103275,30982.5,113602.5,108438.75
01734,17-05-2026,24-05-2026,P010,C008,R010,S004,52,4500,0.15,198900,59670,218790,208845
01735,17-05-2026,24-05-2026,P009,C009,R007,S010,33,500,0.1,14850,4455,16335,15592.5
01736,18-05-2026,25-05-2026,P007,C007,R008,S003,17,500,0.1,7650,2295,8415,8032.5
01737,18-05-2026,25-05-2026,P002,C001,R009,S005,20,1200,0.15,20400,6120,22440,21420
01738,19-05-2026,26-05-2026,P003,C005,R008,S007,50,500,0,25000,7500,27500,26250
01739,19-05-2026,26-05-2026,P003,C002,R008,S009,70,4500,0.15,267750,80325,294525,281137.5
01740,20-05-2026,27-05-2026,P010,C003,R008,S002,5,1200,0.15,5100,1530,5610,5355
01741,20-05-2026,27-05-2026,P009,C007,R004,S009,72,4500,0,324000,97200,356400,340200
01742,21-05-2026,28-05-2026,P005,C006,R008,S002,64,1200,0.05,72960,21888,80256,76608
01743,21-05-2026,28-05-2026,P010,C002,R005,S001,36,4500,0.05,153900,46170,169290,161595
01744,22-05-2026,29-05-2026,P010,C002,R008,S001,46,4500,0.15,175950,52785,193545,184747.5
01745,22-05-2026,29-05-2026,P005,C007,R008,S005,41,3200,0,131200,39360,144320,137760
01746,23-05-2026,30-05-2026,P008,C009,R001,S010,32,500,0.05,15200,4560,16720,15960
01747,23-05-2026,30-05-2026,P004,C005,R004,S006,9,1200,0.1,9720,2916,10692,10206
01748,24-05-2026,31-05-2026,P003,C004,R002,S009,48,3200,0,153600,46080,168960,161280
01749,24-05-2026,31-05-2026,P008,C004,R008,S008,73,500,0.1,32850,9855,36135,34492.5
01750,25-05-2026,01-06-2026,P009,C001,R008,S007,7,4500,0.1,28350,8505,31185,29767.5
01751,25-05-2026,01-06-2026,P004,C008,R005,S003,28,500,0.15,11900,3570,13090,12495
01752,26-05-2026,02-06-2026,P004,C005,R004,S009,99,3200,0.05,300960,90288,331056,316008
01753,26-05-2026,02-06-2026,P008,C004,R005,S005,7,3200,0,22400,6720,24640,23520
01754,27-05-2026,03-06-2026,P009,C004,R010,S008,29,4500,0.05,123975,37192.5,136372.5,130173.75
01755,27-05-2026,03-06-2026,P002,C005,R009,S001,37,500,0.15,15725,4717.5,17297.5,16511.25
01756,28-05-2026,04-06-2026,P006,C003,R009,S008,30,3200,0.1,86400,25920,95040,90720
01757,28-05-2026,04-06-2026,P003,C003,R006,S009,55,4500,0.05,235125,70537.5,258637.5,246881.25
01758,29-05-2026,05-06-2026,P003,C003,R004,S004,24,500,0.1,10800,3240,11880,11340
01759,29-05-2026,05-06-2026,P003,C010,R003,S004,21,3200,0,67200,20160,73920,70560
01760,30-05-2026,06-06-2026,P010,C007,R001,S003,45,500,0.05,21375,6412.5,23512.5,22443.75
01761,30-05-2026,06-06-2026,P003,C007,R010,S009,38,250,0.05,9025,2707.5,9927.5,9476.25
01762,31-05-2026,07-06-2026,P008,C009,R001,S006,79,250,0,19750,5925,21725,20737.5
01763,31-05-2026,07-06-2026,P009,C003,R005,S001,51,1200,0.15,52020,15606,57222,54621
01764,01-06-2026,08-06-2026,P009,C006,R009,S007,92,250,0,23000,6900,25300,24150
01765,01-06-2026,08-06-2026,P003,C008,R008,S006,6,250,0.05,1425,427.5,1567.5,1496.25
01766,02-06-2026,09-06-2026,P005,C001,R001,S005,28,1200,0.1,30240,9072,33264,31752
01767,02-06-2026,09-06-2026,P007,C003,R006,S004,62,1200,0.15,63240,18972,69564,66402
01768,03-06-2026,10-06-2026,P007,C003,R008,S009,85,4500,0.15,325125,97537.5,357637.5,341381.25
01769,03-06-2026,10-06-2026,P008,C010,R010,S007,37,500,0.05,17575,5272.5,19332.5,18453.75
01770,04-06-2026,11-06-2026,P009,C004,R010,S003,23,1200,0.1,24840,7452,27324,26082
01771,04-06-2026,11-06-2026,P009,C006,R003,S007,64,4500,0.1,259200,77760,285120,272160
01772,05-06-2026,12-06-2026,P002,C003,R001,S009,31,3200,0.05,94240,28272,103664,98952
01773,05-06-2026,12-06-2026,P009,C008,R001,S003,71,4500,0.15,271575,81472.5,298732.5,285153.75
01774,06-06-2026,13-06-2026,P009,C005,R005,S002,59,500,0.1,26550,7965,29205,27877.5
01775,06-06-2026,13-06-2026,P004,C003,R009,S005,33,1200,0.1,35640,10692,39204,37422
01776,07-06-2026,14-06-2026,P006,C002,R002,S005,26,500,0.05,12350,3705,13585,12967.5
01777,07-06-2026,14-06-2026,P003,C003,R003,S008,14,250,0.15,2975,892.5,3272.5,3123.75
01778,08-06-2026,15-06-2026,P003,C007,R010,S003,41,3200,0,131200,39360,144320,137760
01779,08-06-2026,15-06-2026,P007,C004,R009,S006,46,1200,0,55200,16560,60720,57960
01780,09-06-2026,16-06-2026,P006,C009,R002,S003,69,500,0,34500,10350,37950,36225
01781,09-06-2026,16-06-2026,P004,C006,R003,S003,44,500,0,22000,6600,24200,23100
01782,10-06-2026,17-06-2026,P001,C009,R009,S008,8,3200,0.1,23040,6912,25344,24192
01783,10-06-2026,17-06-2026,P006,C006,R007,S009,87,1200,0.05,99180,29754,109098,104139
01784,11-06-2026,18-06-2026,P001,C004,R004,S002,59,1200,0.15,60180,18054,66198,63189
01785,11-06-2026,18-06-2026,P009,C008,R006,S007,40,250,0.05,9500,2850,10450,9975
01786,12-06-2026,19-06-2026,P006,C003,R009,S009,81,4500,0.15,309825,92947.5,340807.5,325316.25
01787,12-06-2026,19-06-2026,P010,C010,R006,S005,86,3200,0,275200,82560,302720,288960
01788,13-06-2026,20-06-2026,P005,C002,R001,S008,25,250,0,6250,1875,6875,6562.5
01789,13-06-2026,20-06-2026,P010,C005,R004,S002,84,3200,0.1,241920,72576,266112,254016
01790,14-06-2026,21-06-2026,P009,C005,R001,S008,18,3200,0.1,51840,15552,57024,54432
01791,14-06-2026,21-06-2026,P010,C003,R010,S006,91,250,0.05,21612.5,6483.75,23773.75,22693.125
01792,15-06-2026,22-06-2026,P005,C001,R001,S003,32,4500,0.05,136800,41040,150480,143640
01793,15-06-2026,22-06-2026,P005,C004,R010,S009,38,3200,0.1,109440,32832,120384,114912
01794,16-06-2026,23-06-2026,P001,C003,R007,S003,54,250,0.05,12825,3847.5,14107.5,13466.25
01795,16-06-2026,23-06-2026,P006,C005,R005,S006,99,4500,0.05,423225,126967.5,465547.5,444386.25
01796,17-06-2026,24-06-2026,P008,C003,R005,S009,71,4500,0.15,271575,81472.5,298732.5,285153.75
01797,17-06-2026,24-06-2026,P002,C005,R001,S008,59,1200,0.15,60180,18054,66198,63189
01798,18-06-2026,25-06-2026,P004,C003,R005,S002,95,1200,0.05,108300,32490,119130,113715
01799,18-06-2026,25-06-2026,P008,C008,R010,S002,39,3200,0.05,118560,35568,130416,124488
01800,19-06-2026,26-06-2026,P002,C007,R008,S010,28,4500,0.05,119700,35910,131670,125685
01801,19-06-2026,26-06-2026,P007,C009,R005,S003,57,3200,0.1,164160,49248,180576,172368
01802,20-06-2026,27-06-2026,P009,C001,R005,S001,61,4500,0,274500,82350,301950,288225
01803,20-06-2026,27-06-2026,P006,C002,R002,S004,83,4500,0.15,317475,95242.5,349222.5,333348.75
01804,21-06-2026,28-06-2026,P007,C003,R002,S009,15,1200,0.05,17100,5130,18810,17955
01805,21-06-2026,28-06-2026,P009,C005,R010,S007,96,4500,0,432000,129600,475200,453600
01806,22-06-2026,29-06-2026,P003,C010,R007,S008,32,1200,0,38400,11520,42240,40320
01807,22-06-2026,29-06-2026,P006,C003,R005,S009,33,250,0.05,7837.5,2351.25,8621.25,8229.375
01808,23-06-2026,30-06-2026,P009,C002,R006,S008,13,3200,0.15,35360,10608,38896,37128
01809,23-06-2026,30-06-2026,P001,C001,R003,S003,58,4500,0,261000,78300,287100,274050
01810,24-06-2026,01-07-2026,P008,C006,R007,S005,27,250,0,6750,2025,7425,7087.5
01811,24-06-2026,01-07-2026,P006,C004,R001,S004,10,1200,0,12000,3600,13200,12600
01812,25-06-2026,02-07-2026,P009,C010,R008,S001,6,1200,0.15,6120,1836,6732,6426
01813,25-06-2026,02-07-2026,P007,C009,R007,S008,28,500,0,14000,4200,15400,14700
01814,26-06-2026,03-07-2026,P004,C004,R005,S006,48,500,0.1,21600,6480,23760,22680
01815,26-06-2026,03-07-2026,P010,C010,R010,S003,92,1200,0.1,99360,29808,109296,104328
01816,27-06-2026,04-07-2026,P007,C007,R009,S009,23,250,0.05,5462.5,1638.75,6008.75,5735.625
01817,27-06-2026,04-07-2026,P003,C006,R009,S006,87,500,0,43500,13050,47850,45675
01818,28-06-2026,05-07-2026,P005,C002,R009,S007,68,1200,0.1,73440,22032,80784,77112
01819,28-06-2026,05-07-2026,P004,C008,R003,S009,89,500,0.1,40050,12015,44055,42052.5
01820,29-06-2026,06-07-2026,P009,C005,R007,S006,77,250,0,19250,5775,21175,20212.5
01821,29-06-2026,06-07-2026,P004,C009,R005,S005,91,4500,0.05,389025,116707.5,427927.5,408476.25
01822,30-06-2026,07-07-2026,P004,C005,R007,S003,99,3200,0,316800,95040,348480,332640
01823,30-06-2026,07-07-2026,P010,C007,R008,S006,94,1200,0.05,107160,32148,117876,112518
01824,01-07-2026,08-07-2026,P005,C009,R009,S005,92,3200,0,294400,88320,323840,309120
01825,01-07-2026,08-07-2026,P006,C003,R003,S008,91,1200,0.15,92820,27846,102102,97461
01826,02-07-2026,09-07-2026,P003,C005,R004,S005,79,4500,0,355500,106650,391050,373275
01827,02-07-2026,09-07-2026,P007,C001,R002,S004,51,250,0.1,11475,3442.5,12622.5,12048.75
01828,03-07-2026,10-07-2026,P008,C003,R001,S001,79,3200,0.05,240160,72048,264176,252168
01829,03-07-2026,10-07-2026,P008,C002,R008,S001,32,3200,0.05,97280,29184,107008,102144
01830,04-07-2026,11-07-2026,P002,C007,R003,S009,83,4500,0.15,317475,95242.5,349222.5,333348.75
01831,04-07-2026,11-07-2026,P004,C002,R001,S010,67,3200,0.15,182240,54672,200464,191352
01832,05-07-2026,12-07-2026,P004,C010,R008,S005,76,250,0.15,16150,4845,17765,16957.5
01833,05-07-2026,12-07-2026,P006,C008,R001,S001,81,250,0.05,19237.5,5771.25,21161.25,20199.375
01834,06-07-2026,13-07-2026,P002,C007,R006,S006,75,4500,0.15,286875,86062.5,315562.5,301218.75
01835,06-07-2026,13-07-2026,P005,C008,R010,S008,85,250,0.1,19125,5737.5,21037.5,20081.25
01836,07-07-2026,14-07-2026,P005,C008,R003,S004,86,4500,0,387000,116100,425700,406350
01837,07-07-2026,14-07-2026,P008,C002,R007,S005,86,3200,0,275200,82560,302720,288960
01838,08-07-2026,15-07-2026,P001,C008,R006,S003,95,4500,0.15,363375,109012.5,399712.5,381543.75
01839,08-07-2026,15-07-2026,P010,C008,R010,S001,44,250,0.05,10450,3135,11495,10972.5
01840,09-07-2026,16-07-2026,P010,C010,R004,S003,79,1200,0,94800,28440,104280,99540
01841,09-07-2026,16-07-2026,P003,C002,R001,S010,64,250,0,16000,4800,17600,16800
01842,10-07-2026,17-07-2026,P007,C007,R009,S004,23,4500,0.05,98325,29497.5,108157.5,103241.25
01843,10-07-2026,17-07-2026,P007,C003,R004,S001,48,250,0.1,10800,3240,11880,11340
01844,11-07-2026,18-07-2026,P001,C006,R002,S006,58,250,0.05,13775,4132.5,15152.5,14463.75
01845,11-07-2026,18-07-2026,P007,C004,R006,S002,92,3200,0.15,250240,75072,275264,262752
01846,12-07-2026,19-07-2026,P007,C005,R004,S008,16,3200,0.15,43520,13056,47872,45696
01847,12-07-2026,19-07-2026,P007,C002,R009,S010,10,4500,0,45000,13500,49500,47250
01848,13-07-2026,20-07-2026,P003,C003,R010,S005,84,3200,0.05,255360,76608,280896,268128
01849,13-07-2026,20-07-2026,P010,C005,R010,S009,24,1200,0.05,27360,8208,30096,28728
01850,14-07-2026,21-07-2026,P002,C001,R010,S007,37,1200,0,44400,13320,48840,46620
01851,14-07-2026,21-07-2026,P006,C009,R007,S009,14,3200,0,44800,13440,49280,47040
01852,15-07-2026,22-07-2026,P007,C001,R009,S003,40,3200,0.15,108800,32640,119680,114240
01853,15-07-2026,22-07-2026,P005,C001,R010,S002,21,1200,0.15,21420,6426,23562,22491
01854,16-07-2026,23-07-2026,P001,C005,R001,S008,33,250,0.15,7012.5,2103.75,7713.75,7363.125
01855,16-07-2026,23-07-2026,P003,C009,R002,S001,93,500,0.15,39525,11857.5,43477.5,41501.25
01856,17-07-2026,24-07-2026,P008,C004,R003,S005,17,250,0.15,3612.5,1083.75,3973.75,3793.125
01857,17-07-2026,24-07-2026,P009,C006,R005,S002,96,250,0.05,22800,6840,25080,23940
01858,18-07-2026,25-07-2026,P009,C002,R008,S008,95,3200,0.1,273600,82080,300960,287280
01859,18-07-2026,25-07-2026,P009,C010,R009,S007,34,500,0.05,16150,4845,17765,16957.5
01860,19-07-2026,26-07-2026,P005,C005,R005,S005,36,1200,0.1,38880,11664,42768,40824
01861,19-07-2026,26-07-2026,P010,C004,R007,S002,23,3200,0.1,66240,19872,72864,69552
01862,20-07-2026,27-07-2026,P005,C009,R004,S003,71,500,0.15,30175,9052.5,33192.5,31683.75
01863,20-07-2026,27-07-2026,P003,C002,R007,S004,59,250,0,14750,4425,16225,15487.5
01864,21-07-2026,28-07-2026,P002,C006,R004,S002,25,1200,0.15,25500,7650,28050,26775
01865,21-07-2026,28-07-2026,P005,C001,R009,S001,77,250,0.15,16362.5,4908.75,17998.75,17180.625
01866,22-07-2026,29-07-2026,P004,C001,R008,S006,14,250,0,3500,1050,3850,3675
01867,22-07-2026,29-07-2026,P003,C004,R004,S001,69,4500,0.1,279450,83835,307395,293422.5
01868,23-07-2026,30-07-2026,P007,C004,R008,S004,80,4500,0.1,324000,97200,356400,340200
01869,23-07-2026,30-07-2026,P008,C009,R009,S007,77,4500,0.1,311850,93555,343035,327442.5
01870,24-07-2026,31-07-2026,P007,C010,R003,S004,92,3200,0.15,250240,75072,275264,262752
01871,24-07-2026,31-07-2026,P004,C003,R006,S005,42,4500,0,189000,56700,207900,198450
01872,25-07-2026,01-08-2026,P002,C002,R008,S007,87,250,0.15,18487.5,5546.25,20336.25,19411.875
01873,25-07-2026,01-08-2026,P006,C006,R010,S005,88,500,0,44000,13200,48400,46200
01874,26-07-2026,02-08-2026,P003,C006,R002,S006,54,500,0.1,24300,7290,26730,25515
01875,26-07-2026,02-08-2026,P002,C010,R009,S008,13,3200,0,41600,12480,45760,43680
01876,27-07-2026,03-08-2026,P007,C005,R004,S008,16,500,0,8000,2400,8800,8400
01877,27-07-2026,03-08-2026,P003,C010,R006,S010,9,1200,0.05,10260,3078,11286,10773
01878,28-07-2026,04-08-2026,P003,C003,R003,S001,90,3200,0.1,259200,77760,285120,272160
01879,28-07-2026,04-08-2026,P005,C003,R001,S003,39,1200,0.15,39780,11934,43758,41769
01880,29-07-2026,05-08-2026,P008,C010,R006,S007,23,3200,0,73600,22080,80960,77280
01881,29-07-2026,05-08-2026,P007,C002,R009,S007,76,4500,0.05,324900,97470,357390,341145
01882,30-07-2026,06-08-2026,P007,C009,R007,S004,77,1200,0.15,78540,23562,86394,82467
01883,30-07-2026,06-08-2026,P001,C006,R008,S006,53,500,0.1,23850,7155,26235,25042.5
01884,31-07-2026,07-08-2026,P003,C002,R007,S002,61,4500,0.1,247050,74115,271755,259402.5
01885,31-07-2026,07-08-2026,P006,C008,R010,S007,79,250,0.05,18762.5,5628.75,20638.75,19700.625
01886,01-08-2026,08-08-2026,P008,C004,R004,S005,75,3200,0.15,204000,61200,224400,214200
01887,01-08-2026,08-08-2026,P004,C010,R010,S008,45,4500,0.15,172125,51637.5,189337.5,180731.25
01888,02-08-2026,09-08-2026,P003,C007,R008,S003,94,4500,0.1,380700,114210,418770,399735
01889,02-08-2026,09-08-2026,P003,C006,R005,S005,75,250,0.05,17812.5,5343.75,19593.75,18703.125
01890,03-08-2026,10-08-2026,P006,C002,R008,S005,16,1200,0.15,16320,4896,17952,17136
01891,03-08-2026,10-08-2026,P004,C010,R001,S003,51,1200,0,61200,18360,67320,64260
01892,04-08-2026,11-08-2026,P007,C008,R001,S009,7,500,0.15,2975,892.5,3272.5,3123.75
01893,04-08-2026,11-08-2026,P007,C010,R005,S003,11,4500,0.15,42075,12622.5,46282.5,44178.75
01894,05-08-2026,12-08-2026,P010,C004,R006,S005,18,4500,0.1,72900,21870,80190,76545
01895,05-08-2026,12-08-2026,P005,C010,R009,S001,86,4500,0.1,348300,104490,383130,365715
01896,06-08-2026,13-08-2026,P002,C007,R010,S005,49,4500,0,220500,66150,242550,231525
01897,06-08-2026,13-08-2026,P008,C010,R009,S005,93,250,0.05,22087.5,6626.25,24296.25,23191.875
01898,07-08-2026,14-08-2026,P009,C010,R009,S010,27,1200,0.1,29160,8748,32076,30618
01899,07-08-2026,14-08-2026,P006,C005,R009,S008,53,1200,0.1,57240,17172,62964,60102
01900,08-08-2026,15-08-2026,P008,C005,R006,S005,82,1200,0,98400,29520,108240,103320
01901,08-08-2026,15-08-2026,P009,C001,R009,S002,12,3200,0.15,32640,9792,35904,34272
01902,09-08-2026,16-08-2026,P002,C001,R009,S009,77,250,0.15,16362.5,4908.75,17998.75,17180.625
01903,09-08-2026,16-08-2026,P008,C003,R002,S006,6,1200,0.05,6840,2052,7524,7182
01904,10-08-2026,17-08-2026,P010,C007,R010,S001,41,500,0.15,17425,5227.5,19167.5,18296.25
01905,10-08-2026,17-08-2026,P001,C008,R008,S010,95,1200,0,114000,34200,125400,119700
01906,11-08-2026,18-08-2026,P010,C008,R006,S001,99,3200,0,316800,95040,348480,332640
01907,11-08-2026,18-08-2026,P009,C010,R001,S007,95,3200,0.05,288800,86640,317680,303240
01908,12-08-2026,19-08-2026,P008,C005,R005,S001,38,500,0.15,16150,4845,17765,16957.5
01909,12-08-2026,19-08-2026,P009,C008,R006,S008,42,3200,0.1,120960,36288,133056,127008
01910,13-08-2026,20-08-2026,P008,C005,R010,S003,17,4500,0.1,68850,20655,75735,72292.5
01911,13-08-2026,20-08-2026,P007,C009,R003,S001,17,500,0,8500,2550,9350,8925
01912,14-08-2026,21-08-2026,P005,C008,R006,S005,33,4500,0.05,141075,42322.5,155182.5,148128.75
01913,14-08-2026,21-08-2026,P010,C002,R010,S001,65,4500,0.05,277875,83362.5,305662.5,291768.75
01914,15-08-2026,22-08-2026,P004,C007,R007,S003,23,1200,0.15,23460,7038,25806,24633
01915,15-08-2026,22-08-2026,P010,C009,R009,S002,86,250,0.1,19350,5805,21285,20317.5
01916,16-08-2026,23-08-2026,P006,C006,R002,S005,31,250,0,7750,2325,8525,8137.5
01917,16-08-2026,23-08-2026,P004,C006,R005,S008,43,500,0.15,18275,5482.5,20102.5,19188.75
01918,17-08-2026,24-08-2026,P010,C001,R005,S009,49,500,0.1,22050,6615,24255,23152.5
01919,17-08-2026,24-08-2026,P005,C010,R002,S008,81,4500,0,364500,109350,400950,382725
01920,18-08-2026,25-08-2026,P009,C004,R003,S002,30,1200,0.1,32400,9720,35640,34020
01921,18-08-2026,25-08-2026,P004,C004,R008,S007,70,250,0.1,15750,4725,17325,16537.5
01922,19-08-2026,26-08-2026,P009,C003,R002,S006,86,4500,0,387000,116100,425700,406350
01923,19-08-2026,26-08-2026,P009,C009,R002,S005,55,3200,0.15,149600,44880,164560,157080
01924,20-08-2026,27-08-2026,P003,C009,R004,S007,66,500,0.05,31350,9405,34485,32917.5
01925,20-08-2026,27-08-2026,P005,C004,R009,S006,70,4500,0,315000,94500,346500,330750
01926,21-08-2026,28-08-2026,P008,C008,R008,S006,96,1200,0.15,97920,29376,107712,102816
01927,21-08-2026,28-08-2026,P010,C002,R004,S010,19,1200,0.15,19380,5814,21318,20349
01928,22-08-2026,29-08-2026,P006,C005,R001,S009,92,500,0,46000,13800,50600,48300
01929,22-08-2026,29-08-2026,P008,C005,R001,S005,53,4500,0,238500,71550,262350,250425
01930,23-08-2026,30-08-2026,P006,C009,R001,S003,10,250,0.15,2125,637.5,2337.5,2231.25
01931,23-08-2026,30-08-2026,P008,C003,R006,S007,15,1200,0.05,17100,5130,18810,17955
01932,24-08-2026,31-08-2026,P002,C003,R004,S003,86,250,0.1,19350,5805,21285,20317.5
01933,24-08-2026,31-08-2026,P002,C004,R009,S002,7,250,0,1750,525,1925,1837.5
01934,25-08-2026,01-09-2026,P008,C007,R007,S008,45,4500,0,202500,60750,222750,212625
01935,25-08-2026,01-09-2026,P003,C008,R008,S009,30,250,0.15,6375,1912.5,7012.5,6693.75
01936,26-08-2026,02-09-2026,P004,C007,R001,S002,59,500,0.15,25075,7522.5,27582.5,26328.75
01937,26-08-2026,02-09-2026,P006,C003,R010,S005,46,250,0.05,10925,3277.5,12017.5,11471.25
01938,27-08-2026,03-09-2026,P008,C001,R001,S001,53,3200,0.1,152640,45792,167904,160272
01939,27-08-2026,03-09-2026,P005,C006,R007,S003,67,4500,0.05,286425,85927.5,315067.5,300746.25
01940,28-08-2026,04-09-2026,P010,C007,R005,S008,65,500,0.15,27625,8287.5,30387.5,29006.25
01941,28-08-2026,04-09-2026,P002,C008,R009,S002,10,500,0,5000,1500,5500,5250
01942,29-08-2026,05-09-2026,P001,C005,R004,S003,98,3200,0,313600,94080,344960,329280
01943,29-08-2026,05-09-2026,P006,C008,R006,S007,17,3200,0,54400,16320,59840,57120
01944,30-08-2026,06-09-2026,P001,C002,R010,S001,44,500,0,22000,6600,24200,23100
01945,30-08-2026,06-09-2026,P008,C010,R006,S007,10,250,0.15,2125,637.5,2337.5,2231.25
01946,31-08-2026,07-09-2026,P009,C003,R006,S004,59,4500,0.15,225675,67702.5,248242.5,236958.75
01947,31-08-2026,07-09-2026,P005,C004,R009,S009,96,500,0.15,40800,12240,44880,42840
01948,01-09-2026,08-09-2026,P005,C008,R005,S009,86,3200,0.05,261440,78432,287584,274512
01949,01-09-2026,08-09-2026,P010,C002,R002,S009,21,250,0.1,4725,1417.5,5197.5,4961.25
01950,02-09-2026,09-09-2026,P003,C003,R008,S009,12,4500,0.05,51300,15390,56430,53865
01951,02-09-2026,09-09-2026,P005,C003,R003,S002,26,3200,0.15,70720,21216,77792,74256
01952,03-09-2026,10-09-2026,P005,C002,R005,S003,96,4500,0,432000,129600,475200,453600
01953,03-09-2026,10-09-2026,P008,C005,R008,S008,84,1200,0.15,85680,25704,94248,89964
01954,04-09-2026,11-09-2026,P001,C003,R008,S005,39,4500,0,175500,52650,193050,184275
01955,04-09-2026,11-09-2026,P005,C004,R002,S001,84,3200,0,268800,80640,295680,282240
01956,05-09-2026,12-09-2026,P009,C008,R010,S001,20,4500,0.15,76500,22950,84150,80325
01957,05-09-2026,12-09-2026,P007,C002,R006,S001,63,4500,0.1,255150,76545,280665,267907.5
01958,06-09-2026,13-09-2026,P008,C010,R003,S004,85,4500,0,382500,114750,420750,401625
01959,06-09-2026,13-09-2026,P003,C004,R005,S006,53,4500,0,238500,71550,262350,250425
01960,07-09-2026,14-09-2026,P002,C008,R005,S007,22,1200,0.15,22440,6732,24684,23562
01961,07-09-2026,14-09-2026,P005,C009,R003,S004,84,3200,0.05,255360,76608,280896,268128
01962,08-09-2026,15-09-2026,P002,C001,R007,S005,53,4500,0.05,226575,67972.5,249232.5,237903.75
01963,08-09-2026,15-09-2026,P004,C001,R003,S008,63,4500,0.15,240975,72292.5,265072.5,253023.75
01964,09-09-2026,16-09-2026,P008,C005,R005,S006,86,500,0,43000,12900,47300,45150
01965,09-09-2026,16-09-2026,P009,C004,R006,S009,30,1200,0.05,34200,10260,37620,35910
01966,10-09-2026,17-09-2026,P010,C004,R010,S008,15,3200,0.15,40800,12240,44880,42840
01967,10-09-2026,17-09-2026,P005,C006,R005,S007,58,3200,0,185600,55680,204160,194880
01968,11-09-2026,18-09-2026,P001,C002,R007,S002,50,1200,0.05,57000,17100,62700,59850
01969,11-09-2026,18-09-2026,P004,C005,R010,S001,93,500,0.15,39525,11857.5,43477.5,41501.25
01970,12-09-2026,19-09-2026,P001,C008,R007,S001,84,3200,0,268800,80640,295680,282240
01971,12-09-2026,19-09-2026,P005,C003,R004,S008,41,250,0,10250,3075,11275,10762.5
01972,13-09-2026,20-09-2026,P008,C005,R004,S004,18,500,0.15,7650,2295,8415,8032.5
01973,13-09-2026,20-09-2026,P002,C009,R009,S002,25,500,0.05,11875,3562.5,13062.5,12468.75
01974,14-09-2026,21-09-2026,P008,C003,R001,S001,15,3200,0.1,43200,12960,47520,45360
01975,14-09-2026,21-09-2026,P003,C006,R004,S003,34,1200,0.05,38760,11628,42636,40698
01976,15-09-2026,22-09-2026,P007,C010,R008,S001,47,1200,0.15,47940,14382,52734,50337
01977,15-09-2026,22-09-2026,P001,C004,R008,S007,25,250,0.1,5625,1687.5,6187.5,5906.25
01978,16-09-2026,23-09-2026,P008,C005,R005,S009,45,3200,0.1,129600,38880,142560,136080
01979,16-09-2026,23-09-2026,P008,C003,R001,S006,6,1200,0.1,6480,1944,7128,6804
01980,17-09-2026,24-09-2026,P005,C010,R005,S003,8,3200,0.05,24320,7296,26752,25536
01981,17-09-2026,24-09-2026,P007,C005,R008,S008,62,3200,0.1,178560,53568,196416,187488
01982,18-09-2026,25-09-2026,P003,C004,R007,S003,15,500,0.1,6750,2025,7425,7087.5
01983,18-09-2026,25-09-2026,P007,C002,R008,S002,90,1200,0.05,102600,30780,112860,107730
01984,19-09-2026,26-09-2026,P007,C002,R003,S006,78,4500,0,351000,105300,386100,368550
01985,19-09-2026,26-09-2026,P005,C009,R004,S008,85,3200,0.1,244800,73440,269280,257040
01986,20-09-2026,27-09-2026,P009,C008,R005,S008,80,4500,0.1,324000,97200,356400,340200
01987,20-09-2026,27-09-2026,P009,C008,R004,S007,7,500,0.15,2975,892.5,3272.5,3123.75
01988,21-09-2026,28-09-2026,P008,C001,R005,S002,96,3200,0.15,261120,78336,287232,274176
01989,21-09-2026,28-09-2026,P010,C005,R009,S010,100,3200,0.15,272000,81600,299200,285600
01990,22-09-2026,29-09-2026,P007,C001,R001,S008,48,1200,0.15,48960,14688,53856,51408
01991,22-09-2026,29-09-2026,P002,C006,R002,S009,100,4500,0.15,382500,114750,420750,401625
01992,23-09-2026,30-09-2026,P003,C005,R007,S001,80,4500,0.05,342000,102600,376200,359100
01993,23-09-2026,30-09-2026,P002,C001,R002,S002,65,1200,0.15,66300,19890,72930,69615
01994,24-09-2026,01-10-2026,P008,C009,R008,S005,12,1200,0.1,12960,3888,14256,13608
01995,24-09-2026,01-10-2026,P001,C001,R002,S009,8,250,0,2000,600,2200,2100
01996,25-09-2026,02-10-2026,P005,C007,R007,S002,17,3200,0.05,51680,15504,56848,54264
01997,25-09-2026,02-10-2026,P004,C007,R009,S004,77,4500,0.15,294525,88357.5,323977.5,309251.25
01998,26-09-2026,03-10-2026,P004,C005,R004,S007,66,250,0.1,14850,4455,16335,15592.5
01999,26-09-2026,03-10-2026,P008,C002,R003,S003,55,4500,0.15,210375,63112.5,231412.5,220893.75
02000,27-09-2026,04-10-2026,P005,C003,R006,S001,72,3200,0.15,195840,58752,215424,205632
02001,27-09-2026,04-10-2026,P003,C001,R004,S009,6,4500,0,27000,8100,29700,28350
02002,28-09-2026,05-10-2026,P007,C004,R007,S002,74,250,0,18500,5550,20350,19425
02003,28-09-2026,05-10-2026,P003,C002,R002,S010,11,1200,0.05,12540,3762,13794,13167
02004,29-09-2026,06-10-2026,P002,C008,R008,S009,68,500,0.15,28900,8670,31790,30345
02005,29-09-2026,06-10-2026,P009,C005,R005,S007,77,1200,0.1,83160,24948,91476,87318
02006,30-09-2026,07-10-2026,P005,C003,R008,S008,85,3200,0,272000,81600,299200,285600
02007,30-09-2026,07-10-2026,P010,C001,R007,S010,76,1200,0.05,86640,25992,95304,90972
02008,01-10-2026,08-10-2026,P008,C005,R002,S010,65,1200,0.05,74100,22230,81510,77805
02009,01-10-2026,08-10-2026,P007,C003,R008,S004,14,3200,0.05,42560,12768,46816,44688
02010,02-10-2026,09-10-2026,P007,C002,R008,S004,12,3200,0.15,32640,9792,35904,34272
02011,02-10-2026,09-10-2026,P003,C010,R004,S007,30,3200,0,96000,28800,105600,100800
02012,03-10-2026,10-10-2026,P007,C005,R002,S008,31,3200,0.15,84320,25296,92752,88536
02013,03-10-2026,10-10-2026,P007,C010,R009,S002,19,3200,0.1,54720,16416,60192,57456
02014,04-10-2026,11-10-2026,P010,C007,R006,S001,21,500,0,10500,3150,11550,11025
02015,04-10-2026,11-10-2026,P001,C009,R010,S006,66,500,0.1,29700,8910,32670,31185
02016,05-10-2026,12-10-2026,P006,C003,R010,S002,42,250,0,10500,3150,11550,11025
02017,05-10-2026,12-10-2026,P006,C003,R001,S010,78,4500,0.15,298350,89505,328185,313267.5
02018,06-10-2026,13-10-2026,P006,C005,R004,S009,33,250,0.15,7012.5,2103.75,7713.75,7363.125
02019,06-10-2026,13-10-2026,P002,C010,R004,S010,75,500,0.15,31875,9562.5,35062.5,33468.75
02020,07-10-2026,14-10-2026,P008,C008,R008,S001,19,500,0.15,8075,2422.5,8882.5,8478.75
02021,07-10-2026,14-10-2026,P002,C001,R001,S009,5,250,0,1250,375,1375,1312.5
02022,08-10-2026,15-10-2026,P002,C009,R006,S005,45,1200,0,54000,16200,59400,56700
02023,08-10-2026,15-10-2026,P003,C001,R007,S008,97,250,0,24250,7275,26675,25462.5
02024,09-10-2026,16-10-2026,P005,C003,R005,S009,11,250,0,2750,825,3025,2887.5
02025,09-10-2026,16-10-2026,P006,C001,R007,S001,50,1200,0.15,51000,15300,56100,53550
02026,10-10-2026,17-10-2026,P007,C003,R008,S007,15,500,0.1,6750,2025,7425,7087.5
02027,10-10-2026,17-10-2026,P002,C002,R004,S006,55,1200,0.15,56100,16830,61710,58905
02028,11-10-2026,18-10-2026,P005,C002,R003,S008,93,3200,0.1,267840,80352,294624,281232
02029,11-10-2026,18-10-2026,P004,C003,R003,S003,62,3200,0.1,178560,53568,196416,187488
02030,12-10-2026,19-10-2026,P004,C002,R002,S010,76,250,0.05,18050,5415,19855,18952.5
02031,12-10-2026,19-10-2026,P007,C009,R004,S003,99,3200,0.1,285120,85536,313632,299376
02032,13-10-2026,20-10-2026,P010,C006,R009,S001,37,3200,0.05,112480,33744,123728,118104
02033,13-10-2026,20-10-2026,P010,C001,R002,S008,17,4500,0,76500,22950,84150,80325
02034,14-10-2026,21-10-2026,P008,C001,R004,S001,11,1200,0.1,11880,3564,13068,12474
02035,14-10-2026,21-10-2026,P008,C005,R005,S001,92,4500,0.15,351900,105570,387090,369495
02036,15-10-2026,22-10-2026,P001,C008,R007,S009,66,250,0.1,14850,4455,16335,15592.5
02037,15-10-2026,22-10-2026,P001,C001,R010,S006,73,4500,0,328500,98550,361350,344925
02038,16-10-2026,23-10-2026,P001,C009,R005,S002,44,500,0.05,20900,6270,22990,21945
02039,16-10-2026,23-10-2026,P006,C001,R009,S004,6,4500,0,27000,8100,29700,28350
02040,17-10-2026,24-10-2026,P010,C006,R009,S003,87,3200,0.1,250560,75168,275616,263088
02041,17-10-2026,24-10-2026,P009,C003,R001,S004,58,3200,0.05,176320,52896,193952,185136
02042,18-10-2026,25-10-2026,P004,C009,R005,S007,73,500,0.05,34675,10402.5,38142.5,36408.75
02043,18-10-2026,25-10-2026,P010,C010,R007,S004,16,4500,0.15,61200,18360,67320,64260
02044,19-10-2026,26-10-2026,P003,C002,R002,S007,60,1200,0,72000,21600,79200,75600
02045,19-10-2026,26-10-2026,P001,C005,R004,S006,93,3200,0.1,267840,80352,294624,281232
02046,20-10-2026,27-10-2026,P006,C005,R009,S003,20,4500,0,90000,27000,99000,94500
02047,20-10-2026,27-10-2026,P005,C009,R010,S002,91,500,0.05,43225,12967.5,47547.5,45386.25
02048,21-10-2026,28-10-2026,P005,C009,R002,S002,61,3200,0,195200,58560,214720,204960
02049,21-10-2026,28-10-2026,P002,C001,R003,S005,82,4500,0.15,313650,94095,345015,329332.5
02050,22-10-2026,29-10-2026,P002,C007,R006,S006,25,3200,0,80000,24000,88000,84000
02051,22-10-2026,29-10-2026,P005,C001,R010,S010,43,4500,0.05,183825,55147.5,202207.5,193016.25
02052,23-10-2026,30-10-2026,P002,C004,R003,S001,9,250,0.1,2025,607.5,2227.5,2126.25
02053,23-10-2026,30-10-2026,P002,C003,R002,S007,76,500,0.05,36100,10830,39710,37905
02054,24-10-2026,31-10-2026,P004,C006,R005,S003,22,250,0.15,4675,1402.5,5142.5,4908.75
02055,24-10-2026,31-10-2026,P002,C005,R001,S008,66,250,0.05,15675,4702.5,17242.5,16458.75
02056,25-10-2026,01-11-2026,P004,C009,R002,S009,95,3200,0.1,273600,82080,300960,287280
02057,25-10-2026,01-11-2026,P008,C006,R008,S002,93,3200,0.1,267840,80352,294624,281232
02058,26-10-2026,02-11-2026,P002,C002,R005,S009,61,3200,0.15,165920,49776,182512,174216
02059,26-10-2026,02-11-2026,P005,C004,R003,S008,39,4500,0.15,149175,44752.5,164092.5,156633.75
02060,27-10-2026,03-11-2026,P002,C001,R009,S010,40,4500,0.1,162000,48600,178200,170100
02061,27-10-2026,03-11-2026,P001,C008,R003,S005,78,500,0,39000,11700,42900,40950
02062,28-10-2026,04-11-2026,P005,C007,R002,S009,80,500,0,40000,12000,44000,42000
02063,28-10-2026,04-11-2026,P003,C001,R006,S001,12,1200,0.1,12960,3888,14256,13608
02064,29-10-2026,05-11-2026,P004,C004,R005,S008,65,4500,0.05,277875,83362.5,305662.5,291768.75
02065,29-10-2026,05-11-2026,P007,C004,R008,S008,59,500,0.15,25075,7522.5,27582.5,26328.75
02066,30-10-2026,06-11-2026,P010,C005,R009,S001,51,3200,0.15,138720,41616,152592,145656
02067,30-10-2026,06-11-2026,P003,C008,R006,S002,25,250,0.15,5312.5,1593.75,5843.75,5578.125
02068,31-10-2026,07-11-2026,P009,C001,R009,S005,63,1200,0.15,64260,19278,70686,67473
02069,31-10-2026,07-11-2026,P006,C009,R004,S009,65,4500,0,292500,87750,321750,307125
02070,01-11-2026,08-11-2026,P002,C004,R008,S005,98,500,0.1,44100,13230,48510,46305
02071,01-11-2026,08-11-2026,P010,C010,R008,S004,18,500,0.15,7650,2295,8415,8032.5
02072,02-11-2026,09-11-2026,P006,C010,R001,S004,82,4500,0.1,332100,99630,365310,348705
02073,02-11-2026,09-11-2026,P010,C009,R005,S008,88,4500,0.05,376200,112860,413820,395010
02074,03-11-2026,10-11-2026,P002,C006,R001,S005,47,1200,0.15,47940,14382,52734,50337
02075,03-11-2026,10-11-2026,P003,C009,R010,S010,71,250,0.05,16862.5,5058.75,18548.75,17705.625
02076,04-11-2026,11-11-2026,P003,C003,R006,S004,74,250,0,18500,5550,20350,19425
02077,04-11-2026,11-11-2026,P003,C008,R006,S004,20,3200,0,64000,19200,70400,67200
02078,05-11-2026,12-11-2026,P005,C004,R001,S001,38,1200,0,45600,13680,50160,47880
02079,05-11-2026,12-11-2026,P002,C004,R002,S007,61,4500,0.05,260775,78232.5,286852.5,273813.75
02080,06-11-2026,13-11-2026,P008,C010,R006,S007,94,3200,0.1,270720,81216,297792,284256
02081,06-11-2026,13-11-2026,P002,C005,R007,S002,55,3200,0.1,158400,47520,174240,166320
02082,07-11-2026,14-11-2026,P008,C007,R003,S001,72,1200,0,86400,25920,95040,90720
02083,07-11-2026,14-11-2026,P005,C004,R005,S001,81,500,0.05,38475,11542.5,42322.5,40398.75
02084,08-11-2026,15-11-2026,P007,C009,R004,S001,41,4500,0.05,175275,52582.5,192802.5,184038.75
02085,08-11-2026,15-11-2026,P007,C002,R002,S005,14,4500,0,63000,18900,69300,66150
02086,09-11-2026,16-11-2026,P009,C005,R004,S008,47,4500,0.1,190350,57105,209385,199867.5
02087,09-11-2026,16-11-2026,P003,C001,R003,S009,40,1200,0.05,45600,13680,50160,47880
02088,10-11-2026,17-11-2026,P007,C009,R007,S008,86,250,0.15,18275,5482.5,20102.5,19188.75
02089,10-11-2026,17-11-2026,P010,C004,R007,S010,89,250,0.05,21137.5,6341.25,23251.25,22194.375
02090,11-11-2026,18-11-2026,P007,C010,R004,S007,50,1200,0,60000,18000,66000,63000
02091,11-11-2026,18-11-2026,P007,C002,R001,S005,63,3200,0.05,191520,57456,210672,201096
02092,12-11-2026,19-11-2026,P007,C001,R006,S007,43,500,0,21500,6450,23650,22575
02093,12-11-2026,19-11-2026,P009,C007,R004,S005,11,3200,0.15,29920,8976,32912,31416
02094,13-11-2026,20-11-2026,P005,C002,R007,S002,76,1200,0,91200,27360,100320,95760
02095,13-11-2026,20-11-2026,P005,C008,R010,S001,49,250,0.1,11025,3307.5,12127.5,11576.25
02096,14-11-2026,21-11-2026,P002,C007,R007,S006,94,4500,0.1,380700,114210,418770,399735
02097,14-11-2026,21-11-2026,P010,C001,R010,S009,36,500,0.15,15300,4590,16830,16065
02098,15-11-2026,22-11-2026,P010,C002,R003,S005,39,500,0.1,17550,5265,19305,18427.5
02099,15-11-2026,22-11-2026,P004,C006,R001,S004,29,3200,0,92800,27840,102080,97440
02100,16-11-2026,23-11-2026,P003,C009,R008,S009,22,250,0.1,4950,1485,5445,5197.5
02101,16-11-2026,23-11-2026,P010,C005,R005,S005,75,250,0.15,15937.5,4781.25,17531.25,16734.375
02102,17-11-2026,24-11-2026,P001,C008,R004,S007,6,3200,0,19200,5760,21120,20160
02103,17-11-2026,24-11-2026,P009,C010,R004,S006,92,4500,0.1,372600,111780,409860,391230
02104,18-11-2026,25-11-2026,P001,C006,R009,S002,36,500,0.15,15300,4590,16830,16065
02105,18-11-2026,25-11-2026,P006,C005,R009,S010,78,3200,0.05,237120,71136,260832,248976
02106,19-11-2026,26-11-2026,P008,C009,R005,S005,93,3200,0.15,252960,75888,278256,265608
02107,19-11-2026,26-11-2026,P008,C010,R003,S001,97,4500,0.1,392850,117855,432135,412492.5
02108,20-11-2026,27-11-2026,P003,C002,R009,S005,27,250,0.05,6412.5,1923.75,7053.75,6733.125
02109,20-11-2026,27-11-2026,P007,C008,R003,S004,84,4500,0.1,340200,102060,374220,357210
02110,21-11-2026,28-11-2026,P008,C007,R005,S004,89,500,0.1,40050,12015,44055,42052.5
02111,21-11-2026,28-11-2026,P006,C006,R009,S007,32,250,0.15,6800,2040,7480,7140
02112,22-11-2026,29-11-2026,P003,C004,R004,S001,56,4500,0.1,226800,68040,249480,238140
02113,22-11-2026,29-11-2026,P005,C007,R004,S003,5,1200,0.05,5700,1710,6270,5985
02114,23-11-2026,30-11-2026,P002,C010,R008,S010,84,3200,0.15,228480,68544,251328,239904
02115,23-11-2026,30-11-2026,P005,C005,R009,S010,19,3200,0,60800,18240,66880,63840
02116,24-11-2026,01-12-2026,P004,C010,R004,S001,59,250,0,14750,4425,16225,15487.5
02117,24-11-2026,01-12-2026,P004,C004,R002,S009,43,3200,0.15,116960,35088,128656,122808
02118,25-11-2026,02-12-2026,P003,C007,R008,S008,24,1200,0.1,25920,7776,28512,27216
02119,25-11-2026,02-12-2026,P001,C005,R005,S002,12,250,0.05,2850,855,3135,2992.5
02120,26-11-2026,03-12-2026,P010,C002,R002,S010,43,500,0,21500,6450,23650,22575
02121,26-11-2026,03-12-2026,P005,C001,R006,S007,82,3200,0.1,236160,70848,259776,247968
02122,27-11-2026,04-12-2026,P006,C008,R007,S001,5,500,0.15,2125,637.5,2337.5,2231.25
02123,27-11-2026,04-12-2026,P001,C007,R008,S005,51,4500,0.05,218025,65407.5,239827.5,228926.25
02124,28-11-2026,05-12-2026,P002,C007,R007,S004,5,1200,0.1,5400,1620,5940,5670
02125,28-11-2026,05-12-2026,P002,C002,R008,S009,8,3200,0.05,24320,7296,26752,25536
02126,29-11-2026,06-12-2026,P010,C007,R007,S002,95,1200,0.1,102600,30780,112860,107730
02127,29-11-2026,06-12-2026,P002,C007,R002,S001,99,250,0.1,22275,6682.5,24502.5,23388.75
02128,30-11-2026,07-12-2026,P003,C009,R008,S005,66,4500,0,297000,89100,326700,311850
02129,30-11-2026,07-12-2026,P010,C006,R001,S007,92,4500,0.05,393300,117990,432630,412965
02130,01-12-2026,08-12-2026,P007,C009,R005,S006,80,4500,0,360000,108000,396000,378000
02131,01-12-2026,08-12-2026,P008,C010,R010,S006,86,4500,0.1,348300,104490,383130,365715
02132,02-12-2026,09-12-2026,P008,C005,R008,S001,57,250,0,14250,4275,15675,14962.5
02133,02-12-2026,09-12-2026,P002,C002,R004,S007,94,4500,0,423000,126900,465300,444150
02134,03-12-2026,10-12-2026,P008,C002,R003,S010,41,250,0,10250,3075,11275,10762.5
02135,03-12-2026,10-12-2026,P001,C003,R008,S007,54,250,0.05,12825,3847.5,14107.5,13466.25
02136,04-12-2026,11-12-2026,P001,C008,R003,S003,86,500,0.05,40850,12255,44935,42892.5
02137,04-12-2026,11-12-2026,P008,C001,R002,S010,91,1200,0,109200,32760,120120,114660
02138,05-12-2026,12-12-2026,P004,C002,R009,S003,70,250,0.05,16625,4987.5,18287.5,17456.25
02139,05-12-2026,12-12-2026,P006,C003,R005,S007,71,250,0.05,16862.5,5058.75,18548.75,17705.625
02140,06-12-2026,13-12-2026,P010,C006,R003,S001,20,4500,0.1,81000,24300,89100,85050
02141,06-12-2026,13-12-2026,P008,C007,R006,S010,79,500,0.15,33575,10072.5,36932.5,35253.75
02142,07-12-2026,14-12-2026,P009,C009,R004,S002,44,250,0.15,9350,2805,10285,9817.5
02143,07-12-2026,14-12-2026,P008,C007,R004,S001,61,250,0.15,12962.5,3888.75,14258.75,13610.625
02144,08-12-2026,15-12-2026,P004,C008,R004,S002,24,1200,0,28800,8640,31680,30240
02145,08-12-2026,15-12-2026,P005,C007,R008,S009,64,3200,0,204800,61440,225280,215040
02146,09-12-2026,16-12-2026,P009,C005,R005,S003,17,500,0.05,8075,2422.5,8882.5,8478.75
02147,09-12-2026,16-12-2026,P010,C004,R009,S008,7,3200,0,22400,6720,24640,23520
02148,10-12-2026,17-12-2026,P005,C010,R006,S008,77,250,0.15,16362.5,4908.75,17998.75,17180.625
02149,10-12-2026,17-12-2026,P007,C006,R002,S008,73,4500,0.15,279225,83767.5,307147.5,293186.25
02150,11-12-2026,18-12-2026,P002,C005,R004,S005,37,250,0.15,7862.5,2358.75,8648.75,8255.625
02151,11-12-2026,18-12-2026,P004,C004,R002,S003,34,500,0.15,14450,4335,15895,15172.5
02152,12-12-2026,19-12-2026,P005,C001,R004,S008,70,500,0.05,33250,9975,36575,34912.5
02153,12-12-2026,19-12-2026,P004,C003,R008,S009,45,4500,0,202500,60750,222750,212625
02154,13-12-2026,20-12-2026,P002,C002,R004,S007,11,3200,0.1,31680,9504,34848,33264
02155,13-12-2026,20-12-2026,P002,C008,R006,S004,74,250,0.05,17575,5272.5,19332.5,18453.75
02156,14-12-2026,21-12-2026,P001,C001,R004,S001,98,1200,0.15,99960,29988,109956,104958
02157,14-12-2026,21-12-2026,P010,C002,R005,S007,67,500,0.1,30150,9045,33165,31657.5
02158,15-12-2026,22-12-2026,P006,C007,R007,S005,84,3200,0,268800,80640,295680,282240
02159,15-12-2026,22-12-2026,P001,C006,R009,S006,23,3200,0.05,69920,20976,76912,73416
02160,16-12-2026,23-12-2026,P008,C010,R002,S003,99,250,0.1,22275,6682.5,24502.5,23388.75
02161,16-12-2026,23-12-2026,P007,C008,R003,S005,39,3200,0,124800,37440,137280,131040
02162,17-12-2026,24-12-2026,P010,C005,R007,S010,77,3200,0,246400,73920,271040,258720
02163,17-12-2026,24-12-2026,P010,C005,R002,S007,17,500,0.15,7225,2167.5,7947.5,7586.25
02164,18-12-2026,25-12-2026,P007,C001,R003,S001,59,250,0,14750,4425,16225,15487.5
02165,18-12-2026,25-12-2026,P002,C009,R001,S005,26,250,0.05,6175,1852.5,6792.5,6483.75
02166,19-12-2026,26-12-2026,P005,C008,R001,S003,36,500,0.15,15300,4590,16830,16065
02167,19-12-2026,26-12-2026,P005,C003,R006,S010,56,1200,0,67200,20160,73920,70560
02168,20-12-2026,27-12-2026,P001,C003,R007,S005,58,3200,0.05,176320,52896,193952,185136
02169,20-12-2026,27-12-2026,P007,C002,R006,S004,94,250,0.05,22325,6697.5,24557.5,23441.25
02170,21-12-2026,28-12-2026,P006,C002,R008,S007,29,4500,0.1,117450,35235,129195,123322.5
02171,21-12-2026,28-12-2026,P004,C003,R004,S010,40,250,0.1,9000,2700,9900,9450
02172,22-12-2026,29-12-2026,P008,C008,R006,S001,78,4500,0,351000,105300,386100,368550
02173,22-12-2026,29-12-2026,P003,C010,R006,S001,5,3200,0,16000,4800,17600,16800
02174,23-12-2026,30-12-2026,P001,C001,R010,S008,39,500,0.1,17550,5265,19305,18427.5
02175,23-12-2026,30-12-2026,P002,C003,R006,S008,78,250,0.05,18525,5557.5,20377.5,19451.25
02176,24-12-2026,31-12-2026,P004,C007,R007,S005,66,500,0,33000,9900,36300,34650
02177,24-12-2026,31-12-2026,P009,C003,R003,S006,31,500,0.15,13175,3952.5,14492.5,13833.75
02178,25-12-2026,01-01-2027,P004,C001,R004,S001,13,1200,0,15600,4680,17160,16380
02179,25-12-2026,01-01-2027,P008,C008,R007,S004,89,250,0.1,20025,6007.5,22027.5,21026.25
02180,26-12-2026,02-01-2027,P006,C007,R001,S001,88,3200,0.1,253440,76032,278784,266112
02181,26-12-2026,02-01-2027,P004,C004,R005,S007,27,500,0.1,12150,3645,13365,12757.5
02182,27-12-2026,03-01-2027,P006,C008,R007,S009,55,250,0,13750,4125,15125,14437.5
02183,27-12-2026,03-01-2027,P004,C002,R004,S004,47,3200,0.05,142880,42864,157168,150024
02184,28-12-2026,04-01-2027,P010,C003,R006,S002,94,1200,0,112800,33840,124080,118440
02185,28-12-2026,04-01-2027,P010,C009,R004,S005,74,4500,0.15,283050,84915,311355,297202.5
02186,29-12-2026,05-01-2027,P003,C008,R001,S005,40,1200,0.15,40800,12240,44880,42840
02187,29-12-2026,05-01-2027,P009,C003,R006,S009,50,4500,0.05,213750,64125,235125,224437.5
02188,30-12-2026,06-01-2027,P007,C007,R009,S001,5,500,0.1,2250,675,2475,2362.5
02189,30-12-2026,06-01-2027,P008,C001,R002,S010,5,250,0.15,1062.5,318.75,1168.75,1115.625
02190,31-12-2026,07-01-2027,P005,C004,R007,S007,78,1200,0.15,79560,23868,87516,83538
02191,31-12-2026,07-01-2027,P006,C005,R007,S010,26,500,0,13000,3900,14300,13650
02192,01-01-2027,08-01-2027,P001,C009,R002,S006,79,4500,0.15,302175,90652.5,332392.5,317283.75
02193,01-01-2027,08-01-2027,P004,C005,R002,S009,94,1200,0.1,101520,30456,111672,106596
02194,02-01-2027,09-01-2027,P003,C002,R002,S004,59,4500,0.1,238950,71685,262845,250897.5
02195,02-01-2027,09-01-2027,P003,C004,R002,S003,92,4500,0.1,372600,111780,409860,391230
02196,03-01-2027,10-01-2027,P007,C002,R010,S003,56,3200,0.15,152320,45696,167552,159936
02197,03-01-2027,10-01-2027,P008,C005,R008,S006,28,500,0.05,13300,3990,14630,13965
02198,04-01-2027,11-01-2027,P003,C004,R008,S008,100,250,0.15,21250,6375,23375,22312.5
02199,04-01-2027,11-01-2027,P006,C002,R006,S002,49,1200,0.1,52920,15876,58212,55566
02200,05-01-2027,12-01-2027,P006,C006,R006,S004,51,250,0.15,10837.5,3251.25,11921.25,11379.375
02201,05-01-2027,12-01-2027,P005,C005,R009,S010,58,4500,0.15,221850,66555,244035,232942.5
02202,06-01-2027,13-01-2027,P008,C001,R001,S001,29,4500,0,130500,39150,143550,137025
02203,06-01-2027,13-01-2027,P005,C005,R010,S001,77,4500,0.05,329175,98752.5,362092.5,345633.75
02204,07-01-2027,14-01-2027,P006,C004,R005,S008,65,3200,0.1,187200,56160,205920,196560
02205,07-01-2027,14-01-2027,P006,C008,R005,S003,14,3200,0.15,38080,11424,41888,39984
02206,08-01-2027,15-01-2027,P007,C003,R007,S004,11,1200,0.1,11880,3564,13068,12474
02207,08-01-2027,15-01-2027,P001,C008,R005,S005,28,4500,0.15,107100,32130,117810,112455
02208,09-01-2027,16-01-2027,P001,C004,R006,S001,12,1200,0.1,12960,3888,14256,13608
02209,09-01-2027,16-01-2027,P004,C006,R009,S003,10,500,0,5000,1500,5500,5250
02210,10-01-2027,17-01-2027,P003,C001,R006,S003,65,500,0.05,30875,9262.5,33962.5,32418.75
02211,10-01-2027,17-01-2027,P006,C009,R001,S007,72,500,0.15,30600,9180,33660,32130
02212,11-01-2027,18-01-2027,P010,C003,R006,S002,74,4500,0,333000,99900,366300,349650
02213,11-01-2027,18-01-2027,P008,C003,R003,S003,42,3200,0.1,120960,36288,133056,127008
02214,12-01-2027,19-01-2027,P009,C003,R004,S010,65,1200,0.15,66300,19890,72930,69615
02215,12-01-2027,19-01-2027,P007,C003,R004,S009,68,1200,0.1,73440,22032,80784,77112
02216,13-01-2027,20-01-2027,P007,C001,R007,S004,83,500,0.05,39425,11827.5,43367.5,41396.25
02217,13-01-2027,20-01-2027,P005,C002,R001,S001,32,4500,0.05,136800,41040,150480,143640
02218,14-01-2027,21-01-2027,P009,C005,R001,S003,30,500,0.15,12750,3825,14025,13387.5
02219,14-01-2027,21-01-2027,P010,C003,R008,S010,9,250,0.05,2137.5,641.25,2351.25,2244.375
02220,15-01-2027,22-01-2027,P007,C007,R005,S006,11,1200,0.1,11880,3564,13068,12474
02221,15-01-2027,22-01-2027,P001,C010,R007,S005,28,3200,0,89600,26880,98560,94080
02222,16-01-2027,23-01-2027,P006,C006,R006,S009,71,500,0,35500,10650,39050,37275
02223,16-01-2027,23-01-2027,P008,C010,R007,S003,46,4500,0.05,196650,58995,216315,206482.5
02224,17-01-2027,24-01-2027,P002,C005,R002,S005,56,250,0,14000,4200,15400,14700
02225,17-01-2027,24-01-2027,P005,C002,R006,S010,52,1200,0,62400,18720,68640,65520
02226,18-01-2027,25-01-2027,P003,C007,R005,S004,46,1200,0.05,52440,15732,57684,55062
02227,18-01-2027,25-01-2027,P009,C010,R003,S009,45,1200,0.1,48600,14580,53460,51030
02228,19-01-2027,26-01-2027,P008,C005,R001,S009,89,250,0.05,21137.5,6341.25,23251.25,22194.375
02229,19-01-2027,26-01-2027,P004,C001,R005,S001,9,250,0.15,1912.5,573.75,2103.75,2008.125
02230,20-01-2027,27-01-2027,P010,C003,R008,S007,88,1200,0.15,89760,26928,98736,94248
02231,20-01-2027,27-01-2027,P009,C003,R008,S007,50,1200,0.1,54000,16200,59400,56700
02232,21-01-2027,28-01-2027,P009,C005,R009,S001,97,1200,0.15,98940,29682,108834,103887
02233,21-01-2027,28-01-2027,P007,C001,R010,S005,23,3200,0.15,62560,18768,68816,65688
02234,22-01-2027,29-01-2027,P009,C004,R007,S007,61,3200,0,195200,58560,214720,204960
02235,22-01-2027,29-01-2027,P005,C008,R009,S001,91,500,0.15,38675,11602.5,42542.5,40608.75
02236,23-01-2027,30-01-2027,P009,C001,R004,S010,5,4500,0.05,21375,6412.5,23512.5,22443.75
02237,23-01-2027,30-01-2027,P001,C008,R003,S002,11,4500,0,49500,14850,54450,51975
02238,24-01-2027,31-01-2027,P008,C003,R006,S006,31,1200,0.1,33480,10044,36828,35154
02239,24-01-2027,31-01-2027,P004,C004,R003,S007,93,3200,0.15,252960,75888,278256,265608
02240,25-01-2027,01-02-2027,P007,C003,R008,S005,88,4500,0,396000,118800,435600,415800
02241,25-01-2027,01-02-2027,P007,C008,R001,S004,17,250,0.15,3612.5,1083.75,3973.75,3793.125
02242,26-01-2027,02-02-2027,P008,C005,R008,S001,73,500,0,36500,10950,40150,38325
02243,26-01-2027,02-02-2027,P005,C009,R001,S010,10,1200,0.05,11400,3420,12540,11970
02244,27-01-2027,03-02-2027,P003,C003,R003,S002,12,3200,0.1,34560,10368,38016,36288
02245,27-01-2027,03-02-2027,P010,C004,R004,S003,25,500,0,12500,3750,13750,13125
02246,28-01-2027,04-02-2027,P004,C002,R001,S007,24,1200,0,28800,8640,31680,30240
02247,28-01-2027,04-02-2027,P010,C007,R009,S008,88,500,0.05,41800,12540,45980,43890
02248,29-01-2027,05-02-2027,P005,C002,R010,S003,62,500,0.15,26350,7905,28985,27667.5
02249,29-01-2027,05-02-2027,P008,C001,R010,S007,89,1200,0.1,96120,28836,105732,100926
02250,30-01-2027,06-02-2027,P005,C006,R005,S002,63,1200,0.05,71820,21546,79002,75411
02251,30-01-2027,06-02-2027,P002,C006,R004,S001,26,4500,0,117000,35100,128700,122850
02252,31-01-2027,07-02-2027,P009,C010,R007,S005,53,500,0.05,25175,7552.5,27692.5,26433.75
02253,31-01-2027,07-02-2027,P003,C009,R010,S003,61,3200,0,195200,58560,214720,204960
02254,01-02-2027,08-02-2027,P008,C001,R003,S005,69,1200,0.05,78660,23598,86526,82593
02255,01-02-2027,08-02-2027,P008,C003,R001,S004,72,3200,0.05,218880,65664,240768,229824
02256,02-02-2027,09-02-2027,P005,C007,R009,S008,73,1200,0.05,83220,24966,91542,87381
02257,02-02-2027,09-02-2027,P003,C010,R005,S009,99,3200,0,316800,95040,348480,332640
02258,03-02-2027,10-02-2027,P007,C004,R003,S009,86,1200,0,103200,30960,113520,108360
02259,03-02-2027,10-02-2027,P003,C005,R001,S007,39,3200,0.05,118560,35568,130416,124488
02260,04-02-2027,11-02-2027,P003,C009,R006,S010,70,3200,0,224000,67200,246400,235200
02261,04-02-2027,11-02-2027,P007,C003,R005,S002,80,4500,0.05,342000,102600,376200,359100
02262,05-02-2027,12-02-2027,P002,C002,R008,S009,7,250,0.1,1575,472.5,1732.5,1653.75
02263,05-02-2027,12-02-2027,P002,C010,R006,S006,68,4500,0.05,290700,87210,319770,305235
02264,06-02-2027,13-02-2027,P009,C010,R010,S004,73,3200,0,233600,70080,256960,245280
02265,06-02-2027,13-02-2027,P008,C008,R001,S001,60,3200,0.15,163200,48960,179520,171360
02266,07-02-2027,14-02-2027,P005,C008,R007,S006,68,1200,0,81600,24480,89760,85680
02267,07-02-2027,14-02-2027,P009,C001,R005,S010,74,1200,0.1,79920,23976,87912,83916
02268,08-02-2027,15-02-2027,P010,C002,R009,S001,91,250,0.05,21612.5,6483.75,23773.75,22693.125
02269,08-02-2027,15-02-2027,P007,C003,R005,S002,23,4500,0.15,87975,26392.5,96772.5,92373.75
02270,09-02-2027,16-02-2027,P010,C009,R009,S006,87,500,0.05,41325,12397.5,45457.5,43391.25
02271,09-02-2027,16-02-2027,P008,C008,R001,S009,31,500,0.05,14725,4417.5,16197.5,15461.25
02272,10-02-2027,17-02-2027,P001,C009,R002,S001,97,250,0.05,23037.5,6911.25,25341.25,24189.375
02273,10-02-2027,17-02-2027,P005,C001,R009,S004,93,500,0.1,41850,12555,46035,43942.5
02274,11-02-2027,18-02-2027,P006,C007,R008,S009,92,250,0,23000,6900,25300,24150
02275,11-02-2027,18-02-2027,P010,C007,R006,S009,54,250,0.1,12150,3645,13365,12757.5
02276,12-02-2027,19-02-2027,P005,C007,R004,S002,38,250,0,9500,2850,10450,9975
02277,12-02-2027,19-02-2027,P002,C009,R010,S007,19,500,0.1,8550,2565,9405,8977.5
02278,13-02-2027,20-02-2027,P008,C009,R007,S007,44,3200,0,140800,42240,154880,147840
02279,13-02-2027,20-02-2027,P003,C002,R002,S009,51,500,0.15,21675,6502.5,23842.5,22758.75
02280,14-02-2027,21-02-2027,P010,C003,R002,S001,81,250,0.15,17212.5,5163.75,18933.75,18073.125
02281,14-02-2027,21-02-2027,P009,C001,R003,S008,96,4500,0,432000,129600,475200,453600
02282,15-02-2027,22-02-2027,P005,C007,R009,S008,23,250,0.05,5462.5,1638.75,6008.75,5735.625
02283,15-02-2027,22-02-2027,P007,C004,R003,S004,53,3200,0.15,144160,43248,158576,151368
02284,16-02-2027,23-02-2027,P005,C002,R008,S002,70,4500,0.1,283500,85050,311850,297675
02285,16-02-2027,23-02-2027,P002,C003,R010,S002,82,1200,0.1,88560,26568,97416,92988
02286,17-02-2027,24-02-2027,P004,C005,R007,S001,83,4500,0.15,317475,95242.5,349222.5,333348.75
02287,17-02-2027,24-02-2027,P002,C004,R004,S003,49,500,0,24500,7350,26950,25725
02288,18-02-2027,25-02-2027,P001,C003,R003,S010,48,500,0.15,20400,6120,22440,21420
02289,18-02-2027,25-02-2027,P008,C010,R001,S009,65,4500,0.05,277875,83362.5,305662.5,291768.75
02290,19-02-2027,26-02-2027,P006,C004,R002,S006,94,1200,0.15,95880,28764,105468,100674
02291,19-02-2027,26-02-2027,P004,C002,R007,S010,69,250,0.1,15525,4657.5,17077.5,16301.25
02292,20-02-2027,27-02-2027,P004,C010,R001,S004,49,4500,0.15,187425,56227.5,206167.5,196796.25
02293,20-02-2027,27-02-2027,P006,C007,R006,S010,79,500,0,39500,11850,43450,41475
02294,21-02-2027,28-02-2027,P006,C010,R001,S006,16,1200,0.1,17280,5184,19008,18144
02295,21-02-2027,28-02-2027,P001,C007,R001,S001,98,500,0,49000,14700,53900,51450
02296,22-02-2027,01-03-2027,P002,C005,R001,S007,84,250,0.05,19950,5985,21945,20947.5
02297,22-02-2027,01-03-2027,P004,C006,R007,S008,82,1200,0.05,93480,28044,102828,98154
02298,23-02-2027,02-03-2027,P010,C007,R005,S010,58,1200,0.15,59160,17748,65076,62118
02299,23-02-2027,02-03-2027,P008,C002,R008,S009,60,1200,0.15,61200,18360,67320,64260
02300,24-02-2027,03-03-2027,P006,C002,R001,S006,51,3200,0.05,155040,46512,170544,162792
02301,24-02-2027,03-03-2027,P010,C002,R010,S004,48,1200,0,57600,17280,63360,60480
02302,25-02-2027,04-03-2027,P008,C002,R004,S005,95,500,0,47500,14250,52250,49875
02303,25-02-2027,04-03-2027,P002,C007,R003,S005,80,1200,0.15,81600,24480,89760,85680
02304,26-02-2027,05-03-2027,P001,C006,R009,S001,31,250,0,7750,2325,8525,8137.5
02305,26-02-2027,05-03-2027,P004,C007,R001,S002,26,500,0.05,12350,3705,13585,12967.5
02306,27-02-2027,06-03-2027,P009,C004,R003,S008,57,500,0.05,27075,8122.5,29782.5,28428.75
02307,27-02-2027,06-03-2027,P006,C009,R010,S003,93,250,0,23250,6975,25575,24412.5
02308,28-02-2027,07-03-2027,P003,C002,R006,S003,67,250,0.15,14237.5,4271.25,15661.25,14949.375
02309,28-02-2027,07-03-2027,P003,C004,R004,S004,79,4500,0,355500,106650,391050,373275
02310,01-03-2027,08-03-2027,P004,C002,R005,S003,48,3200,0.15,130560,39168,143616,137088
02311,01-03-2027,08-03-2027,P007,C008,R005,S008,19,250,0.05,4512.5,1353.75,4963.75,4738.125
02312,02-03-2027,09-03-2027,P001,C007,R008,S010,75,4500,0.05,320625,96187.5,352687.5,336656.25
02313,02-03-2027,09-03-2027,P009,C009,R006,S002,99,3200,0,316800,95040,348480,332640
02314,03-03-2027,10-03-2027,P004,C005,R003,S004,51,3200,0.05,155040,46512,170544,162792
02315,03-03-2027,10-03-2027,P003,C004,R010,S009,51,4500,0.05,218025,65407.5,239827.5,228926.25
02316,04-03-2027,11-03-2027,P007,C009,R009,S006,20,500,0.15,8500,2550,9350,8925
02317,04-03-2027,11-03-2027,P004,C008,R009,S006,86,4500,0.15,328950,98685,361845,345397.5
02318,05-03-2027,12-03-2027,P010,C002,R003,S010,20,250,0,5000,1500,5500,5250
02319,05-03-2027,12-03-2027,P006,C006,R007,S009,92,250,0,23000,6900,25300,24150
02320,06-03-2027,13-03-2027,P008,C005,R003,S008,27,500,0,13500,4050,14850,14175
02321,06-03-2027,13-03-2027,P001,C010,R001,S002,10,4500,0.05,42750,12825,47025,44887.5
02322,07-03-2027,14-03-2027,P010,C003,R004,S005,85,3200,0.1,244800,73440,269280,257040
02323,07-03-2027,14-03-2027,P001,C003,R005,S007,5,4500,0.05,21375,6412.5,23512.5,22443.75
02324,08-03-2027,15-03-2027,P009,C008,R006,S007,6,250,0,1500,450,1650,1575
02325,08-03-2027,15-03-2027,P004,C009,R008,S002,52,1200,0,62400,18720,68640,65520
02326,09-03-2027,16-03-2027,P002,C009,R005,S002,36,1200,0.1,38880,11664,42768,40824
02327,09-03-2027,16-03-2027,P007,C006,R005,S005,97,4500,0.15,371025,111307.5,408127.5,389576.25
02328,10-03-2027,17-03-2027,P010,C010,R003,S007,37,500,0.1,16650,4995,18315,17482.5
02329,10-03-2027,17-03-2027,P007,C006,R006,S007,27,4500,0.05,115425,34627.5,126967.5,121196.25
02330,11-03-2027,18-03-2027,P009,C005,R004,S008,78,3200,0.15,212160,63648,233376,222768
02331,11-03-2027,18-03-2027,P009,C002,R002,S005,5,1200,0,6000,1800,6600,6300
02332,12-03-2027,19-03-2027,P002,C004,R002,S003,67,500,0,33500,10050,36850,35175
02333,12-03-2027,19-03-2027,P006,C004,R001,S008,19,250,0.15,4037.5,1211.25,4441.25,4239.375
02334,13-03-2027,20-03-2027,P009,C007,R008,S010,55,1200,0.05,62700,18810,68970,65835
02335,13-03-2027,20-03-2027,P002,C009,R001,S009,85,4500,0.1,344250,103275,378675,361462.5
02336,14-03-2027,21-03-2027,P003,C003,R003,S007,47,1200,0.15,47940,14382,52734,50337
02337,14-03-2027,21-03-2027,P007,C004,R004,S005,38,250,0,9500,2850,10450,9975
02338,15-03-2027,22-03-2027,P003,C004,R010,S010,8,500,0.05,3800,1140,4180,3990
02339,15-03-2027,22-03-2027,P007,C009,R001,S008,95,1200,0.1,102600,30780,112860,107730
02340,16-03-2027,23-03-2027,P010,C010,R006,S001,43,3200,0.15,116960,35088,128656,122808
02341,16-03-2027,23-03-2027,P005,C001,R001,S006,11,500,0,5500,1650,6050,5775
02342,17-03-2027,24-03-2027,P008,C005,R005,S003,64,4500,0.05,273600,82080,300960,287280
02343,17-03-2027,24-03-2027,P002,C008,R010,S002,64,500,0.15,27200,8160,29920,28560
02344,18-03-2027,25-03-2027,P008,C003,R004,S001,32,500,0,16000,4800,17600,16800
02345,18-03-2027,25-03-2027,P005,C008,R002,S009,49,4500,0.15,187425,56227.5,206167.5,196796.25
02346,19-03-2027,26-03-2027,P007,C003,R004,S008,70,4500,0.05,299250,89775,329175,314212.5
02347,19-03-2027,26-03-2027,P003,C005,R004,S005,55,250,0.15,11687.5,3506.25,12856.25,12271.875
02348,20-03-2027,27-03-2027,P005,C010,R005,S007,23,4500,0.05,98325,29497.5,108157.5,103241.25
02349,20-03-2027,27-03-2027,P002,C005,R004,S006,100,3200,0.1,288000,86400,316800,302400
02350,21-03-2027,28-03-2027,P010,C001,R009,S006,34,4500,0.05,145350,43605,159885,152617.5
02351,21-03-2027,28-03-2027,P010,C009,R008,S005,24,250,0.15,5100,1530,5610,5355
02352,22-03-2027,29-03-2027,P001,C002,R005,S001,6,1200,0,7200,2160,7920,7560
02353,22-03-2027,29-03-2027,P008,C005,R002,S005,72,3200,0,230400,69120,253440,241920
02354,23-03-2027,30-03-2027,P008,C006,R010,S004,27,1200,0.15,27540,8262,30294,28917
02355,23-03-2027,30-03-2027,P005,C003,R004,S007,14,3200,0.15,38080,11424,41888,39984
02356,24-03-2027,31-03-2027,P005,C002,R007,S007,86,500,0.1,38700,11610,42570,40635
02357,24-03-2027,31-03-2027,P008,C010,R004,S008,16,500,0,8000,2400,8800,8400
02358,25-03-2027,01-04-2027,P008,C008,R009,S001,17,250,0.05,4037.5,1211.25,4441.25,4239.375
02359,25-03-2027,01-04-2027,P005,C002,R008,S004,73,500,0.1,32850,9855,36135,34492.5
02360,26-03-2027,02-04-2027,P002,C001,R008,S003,56,500,0.15,23800,7140,26180,24990
02361,26-03-2027,02-04-2027,P001,C006,R004,S002,22,1200,0.05,25080,7524,27588,26334
02362,27-03-2027,03-04-2027,P002,C006,R006,S007,80,1200,0.05,91200,27360,100320,95760
02363,27-03-2027,03-04-2027,P007,C002,R003,S001,54,500,0.05,25650,7695,28215,26932.5
02364,28-03-2027,04-04-2027,P007,C007,R009,S007,22,500,0,11000,3300,12100,11550
02365,28-03-2027,04-04-2027,P004,C009,R008,S004,49,4500,0.05,209475,62842.5,230422.5,219948.75
02366,29-03-2027,05-04-2027,P001,C001,R008,S009,11,1200,0.1,11880,3564,13068,12474
02367,29-03-2027,05-04-2027,P004,C002,R002,S006,54,3200,0,172800,51840,190080,181440
02368,30-03-2027,06-04-2027,P008,C009,R001,S003,38,250,0,9500,2850,10450,9975
02369,30-03-2027,06-04-2027,P003,C004,R002,S009,25,250,0.15,5312.5,1593.75,5843.75,5578.125
02370,31-03-2027,07-04-2027,P008,C004,R010,S010,9,4500,0.15,34425,10327.5,37867.5,36146.25
02371,31-03-2027,07-04-2027,P001,C007,R004,S009,89,500,0,44500,13350,48950,46725
02372,01-04-2027,08-04-2027,P006,C003,R001,S001,13,500,0.15,5525,1657.5,6077.5,5801.25
02373,01-04-2027,08-04-2027,P008,C007,R008,S006,100,1200,0.15,102000,30600,112200,107100
02374,02-04-2027,09-04-2027,P005,C003,R005,S009,74,3200,0.15,201280,60384,221408,211344
02375,02-04-2027,09-04-2027,P007,C001,R006,S006,85,500,0.15,36125,10837.5,39737.5,37931.25
02376,03-04-2027,10-04-2027,P002,C008,R002,S001,58,1200,0,69600,20880,76560,73080
02377,03-04-2027,10-04-2027,P005,C010,R009,S006,9,250,0.1,2025,607.5,2227.5,2126.25
02378,04-04-2027,11-04-2027,P008,C001,R010,S003,84,1200,0,100800,30240,110880,105840
02379,04-04-2027,11-04-2027,P002,C010,R003,S002,43,250,0.05,10212.5,3063.75,11233.75,10723.125
02380,05-04-2027,12-04-2027,P003,C010,R004,S008,88,250,0,22000,6600,24200,23100
02381,05-04-2027,12-04-2027,P007,C004,R002,S001,53,3200,0.15,144160,43248,158576,151368
02382,06-04-2027,13-04-2027,P008,C009,R003,S002,98,250,0,24500,7350,26950,25725
02383,06-04-2027,13-04-2027,P003,C004,R002,S003,5,500,0.05,2375,712.5,2612.5,2493.75
02384,07-04-2027,14-04-2027,P008,C002,R001,S004,37,1200,0.05,42180,12654,46398,44289
02385,07-04-2027,14-04-2027,P009,C004,R006,S005,7,4500,0.05,29925,8977.5,32917.5,31421.25
02386,08-04-2027,15-04-2027,P005,C008,R002,S004,40,500,0.15,17000,5100,18700,17850
02387,08-04-2027,15-04-2027,P003,C007,R001,S009,90,500,0.1,40500,12150,44550,42525
02388,09-04-2027,16-04-2027,P005,C006,R005,S007,44,250,0.1,9900,2970,10890,10395
02389,09-04-2027,16-04-2027,P010,C008,R007,S010,32,4500,0.15,122400,36720,134640,128520
02390,10-04-2027,17-04-2027,P007,C007,R007,S004,21,4500,0.05,89775,26932.5,98752.5,94263.75
02391,10-04-2027,17-04-2027,P006,C007,R008,S008,95,1200,0.15,96900,29070,106590,101745
02392,11-04-2027,18-04-2027,P006,C008,R009,S010,18,500,0,9000,2700,9900,9450
02393,11-04-2027,18-04-2027,P004,C009,R009,S001,62,3200,0.15,168640,50592,185504,177072
02394,12-04-2027,19-04-2027,P005,C005,R003,S001,10,500,0.15,4250,1275,4675,4462.5
02395,12-04-2027,19-04-2027,P006,C005,R006,S009,51,250,0.05,12112.5,3633.75,13323.75,12718.125
02396,13-04-2027,20-04-2027,P003,C002,R010,S005,21,4500,0,94500,28350,103950,99225
02397,13-04-2027,20-04-2027,P009,C004,R008,S002,31,250,0.15,6587.5,1976.25,7246.25,6916.875
02398,14-04-2027,21-04-2027,P001,C006,R005,S006,43,500,0.05,20425,6127.5,22467.5,21446.25
02399,14-04-2027,21-04-2027,P007,C010,R006,S009,88,3200,0.05,267520,80256,294272,280896
02400,15-04-2027,22-04-2027,P005,C003,R010,S003,71,1200,0.05,80940,24282,89034,84987
02401,15-04-2027,22-04-2027,P005,C002,R009,S002,25,250,0.1,5625,1687.5,6187.5,5906.25
02402,16-04-2027,23-04-2027,P007,C002,R002,S010,61,250,0.1,13725,4117.5,15097.5,14411.25
02403,16-04-2027,23-04-2027,P004,C006,R008,S004,25,250,0.15,5312.5,1593.75,5843.75,5578.125
02404,17-04-2027,24-04-2027,P008,C005,R003,S010,49,250,0,12250,3675,13475,12862.5
02405,17-04-2027,24-04-2027,P004,C006,R009,S004,24,3200,0.15,65280,19584,71808,68544
02406,18-04-2027,25-04-2027,P006,C001,R002,S006,23,3200,0.05,69920,20976,76912,73416
02407,18-04-2027,25-04-2027,P002,C008,R007,S006,96,250,0.1,21600,6480,23760,22680
02408,19-04-2027,26-04-2027,P010,C009,R009,S008,28,250,0.05,6650,1995,7315,6982.5
02409,19-04-2027,26-04-2027,P004,C009,R001,S006,86,4500,0.1,348300,104490,383130,365715
02410,20-04-2027,27-04-2027,P005,C005,R008,S009,28,4500,0,126000,37800,138600,132300
02411,20-04-2027,27-04-2027,P001,C005,R004,S003,40,3200,0.15,108800,32640,119680,114240
02412,21-04-2027,28-04-2027,P004,C003,R003,S007,16,500,0,8000,2400,8800,8400
02413,21-04-2027,28-04-2027,P007,C007,R009,S005,19,1200,0.15,19380,5814,21318,20349
02414,22-04-2027,29-04-2027,P009,C008,R005,S005,66,250,0.1,14850,4455,16335,15592.5
02415,22-04-2027,29-04-2027,P009,C007,R009,S006,74,250,0,18500,5550,20350,19425
02416,23-04-2027,30-04-2027,P010,C008,R002,S010,5,3200,0.05,15200,4560,16720,15960
02417,23-04-2027,30-04-2027,P007,C004,R006,S002,63,500,0.1,28350,8505,31185,29767.5
02418,24-04-2027,01-05-2027,P001,C003,R003,S006,8,500,0,4000,1200,4400,4200
02419,24-04-2027,01-05-2027,P006,C006,R003,S005,73,500,0.15,31025,9307.5,34127.5,32576.25
02420,25-04-2027,02-05-2027,P003,C005,R003,S007,97,4500,0.1,392850,117855,432135,412492.5
02421,25-04-2027,02-05-2027,P009,C003,R010,S006,5,4500,0.15,19125,5737.5,21037.5,20081.25
02422,26-04-2027,03-05-2027,P006,C009,R007,S010,79,500,0,39500,11850,43450,41475
02423,26-04-2027,03-05-2027,P003,C002,R006,S009,98,250,0.05,23275,6982.5,25602.5,24438.75
02424,27-04-2027,04-05-2027,P002,C006,R004,S001,91,500,0,45500,13650,50050,47775
02425,27-04-2027,04-05-2027,P006,C010,R003,S004,49,500,0.15,20825,6247.5,22907.5,21866.25
02426,28-04-2027,05-05-2027,P001,C010,R003,S005,37,250,0.05,8787.5,2636.25,9666.25,9226.875
02427,28-04-2027,05-05-2027,P002,C005,R010,S004,87,4500,0.15,332775,99832.5,366052.5,349413.75
02428,29-04-2027,06-05-2027,P005,C010,R003,S001,65,1200,0.15,66300,19890,72930,69615
02429,29-04-2027,06-05-2027,P004,C009,R009,S010,85,4500,0.05,363375,109012.5,399712.5,381543.75
02430,30-04-2027,07-05-2027,P002,C003,R008,S009,58,1200,0,69600,20880,76560,73080
02431,30-04-2027,07-05-2027,P009,C008,R006,S008,75,500,0.05,35625,10687.5,39187.5,37406.25
02432,01-05-2027,08-05-2027,P004,C009,R002,S010,31,3200,0.15,84320,25296,92752,88536
02433,01-05-2027,08-05-2027,P008,C002,R010,S003,14,4500,0,63000,18900,69300,66150
02434,02-05-2027,09-05-2027,P004,C009,R003,S002,100,500,0.1,45000,13500,49500,47250
02435,02-05-2027,09-05-2027,P006,C009,R008,S010,5,4500,0.15,19125,5737.5,21037.5,20081.25
02436,03-05-2027,10-05-2027,P008,C003,R004,S010,74,1200,0.1,79920,23976,87912,83916
02437,03-05-2027,10-05-2027,P007,C003,R003,S001,13,4500,0,58500,17550,64350,61425
02438,04-05-2027,11-05-2027,P006,C005,R007,S008,51,4500,0.15,195075,58522.5,214582.5,204828.75
02439,04-05-2027,11-05-2027,P008,C009,R007,S008,27,1200,0.1,29160,8748,32076,30618
02440,05-05-2027,12-05-2027,P006,C006,R010,S007,40,250,0.15,8500,2550,9350,8925
02441,05-05-2027,12-05-2027,P009,C005,R004,S001,89,1200,0.15,90780,27234,99858,95319
02442,06-05-2027,13-05-2027,P004,C002,R005,S010,63,4500,0.15,240975,72292.5,265072.5,253023.75
02443,06-05-2027,13-05-2027,P009,C006,R001,S004,36,1200,0.1,38880,11664,42768,40824
02444,07-05-2027,14-05-2027,P006,C004,R005,S002,80,500,0.05,38000,11400,41800,39900
02445,07-05-2027,14-05-2027,P001,C004,R009,S005,82,1200,0.15,83640,25092,92004,87822
02446,08-05-2027,15-05-2027,P001,C005,R009,S005,80,250,0.15,17000,5100,18700,17850
02447,08-05-2027,15-05-2027,P009,C004,R002,S007,76,1200,0.15,77520,23256,85272,81396
02448,09-05-2027,16-05-2027,P006,C003,R008,S005,53,1200,0.05,60420,18126,66462,63441
02449,09-05-2027,16-05-2027,P004,C010,R003,S009,63,3200,0,201600,60480,221760,211680
02450,10-05-2027,17-05-2027,P010,C010,R003,S001,41,500,0.1,18450,5535,20295,19372.5
02451,10-05-2027,17-05-2027,P003,C001,R003,S005,19,500,0.15,8075,2422.5,8882.5,8478.75
02452,11-05-2027,18-05-2027,P004,C003,R002,S001,80,1200,0,96000,28800,105600,100800
02453,11-05-2027,18-05-2027,P008,C005,R009,S006,49,250,0,12250,3675,13475,12862.5
02454,12-05-2027,19-05-2027,P010,C007,R008,S005,44,500,0.15,18700,5610,20570,19635
02455,12-05-2027,19-05-2027,P006,C008,R002,S001,43,4500,0.15,164475,49342.5,180922.5,172698.75
02456,13-05-2027,20-05-2027,P008,C007,R008,S001,80,500,0.05,38000,11400,41800,39900
02457,13-05-2027,20-05-2027,P009,C006,R010,S001,21,3200,0,67200,20160,73920,70560
02458,14-05-2027,21-05-2027,P006,C009,R002,S010,46,4500,0.05,196650,58995,216315,206482.5
02459,14-05-2027,21-05-2027,P001,C010,R002,S008,6,4500,0.05,25650,7695,28215,26932.5
02460,15-05-2027,22-05-2027,P003,C004,R006,S010,36,250,0,9000,2700,9900,9450
02461,15-05-2027,22-05-2027,P001,C001,R001,S008,66,1200,0.05,75240,22572,82764,79002
02462,16-05-2027,23-05-2027,P001,C003,R004,S006,55,1200,0.05,62700,18810,68970,65835
02463,16-05-2027,23-05-2027,P002,C009,R007,S009,79,250,0.1,17775,5332.5,19552.5,18663.75
02464,17-05-2027,24-05-2027,P009,C008,R009,S003,78,3200,0.15,212160,63648,233376,222768
02465,17-05-2027,24-05-2027,P001,C009,R001,S003,92,250,0.05,21850,6555,24035,22942.5
02466,18-05-2027,25-05-2027,P003,C010,R006,S001,55,1200,0.1,59400,17820,65340,62370
02467,18-05-2027,25-05-2027,P009,C002,R003,S001,62,1200,0.05,70680,21204,77748,74214
02468,19-05-2027,26-05-2027,P006,C003,R002,S010,92,500,0.1,41400,12420,45540,43470
02469,19-05-2027,26-05-2027,P006,C010,R009,S001,12,4500,0.05,51300,15390,56430,53865
02470,20-05-2027,27-05-2027,P002,C003,R007,S002,71,3200,0.15,193120,57936,212432,202776
02471,20-05-2027,27-05-2027,P009,C010,R007,S009,87,3200,0,278400,83520,306240,292320
02472,21-05-2027,28-05-2027,P006,C005,R001,S001,15,4500,0.15,57375,17212.5,63112.5,60243.75
02473,21-05-2027,28-05-2027,P002,C005,R004,S001,9,3200,0.1,25920,7776,28512,27216
02474,22-05-2027,29-05-2027,P010,C007,R002,S001,94,250,0.15,19975,5992.5,21972.5,20973.75
02475,22-05-2027,29-05-2027,P007,C008,R002,S007,46,1200,0.05,52440,15732,57684,55062
02476,23-05-2027,30-05-2027,P009,C003,R001,S005,60,3200,0.15,163200,48960,179520,171360
02477,23-05-2027,30-05-2027,P002,C009,R001,S002,43,500,0,21500,6450,23650,22575
02478,24-05-2027,31-05-2027,P010,C001,R003,S001,69,3200,0,220800,66240,242880,231840
02479,24-05-2027,31-05-2027,P001,C009,R009,S008,88,250,0.1,19800,5940,21780,20790
02480,25-05-2027,01-06-2027,P001,C005,R006,S004,21,500,0.05,9975,2992.5,10972.5,10473.75
02481,25-05-2027,01-06-2027,P009,C007,R005,S002,26,1200,0.15,26520,7956,29172,27846
02482,26-05-2027,02-06-2027,P010,C007,R005,S008,34,500,0.05,16150,4845,17765,16957.5
02483,26-05-2027,02-06-2027,P001,C006,R009,S007,67,3200,0.1,192960,57888,212256,202608
02484,27-05-2027,03-06-2027,P008,C010,R009,S009,43,4500,0.1,174150,52245,191565,182857.5
02485,27-05-2027,03-06-2027,P004,C010,R010,S009,54,250,0.1,12150,3645,13365,12757.5
02486,28-05-2027,04-06-2027,P007,C002,R002,S005,100,4500,0,450000,135000,495000,472500
02487,28-05-2027,04-06-2027,P003,C003,R007,S007,73,1200,0.1,78840,23652,86724,82782
02488,29-05-2027,05-06-2027,P001,C010,R004,S008,58,500,0.1,26100,7830,28710,27405
02489,29-05-2027,05-06-2027,P005,C008,R006,S005,36,4500,0.1,145800,43740,160380,153090
02490,30-05-2027,06-06-2027,P002,C009,R002,S005,14,3200,0.15,38080,11424,41888,39984
02491,30-05-2027,06-06-2027,P005,C006,R007,S005,57,3200,0.05,173280,51984,190608,181944
02492,31-05-2027,07-06-2027,P001,C001,R002,S008,60,1200,0.1,64800,19440,71280,68040
02493,31-05-2027,07-06-2027,P003,C003,R010,S010,70,250,0.05,16625,4987.5,18287.5,17456.25
02494,01-06-2027,08-06-2027,P003,C009,R002,S002,9,4500,0.1,36450,10935,40095,38272.5
02495,01-06-2027,08-06-2027,P001,C010,R009,S006,6,500,0.15,2550,765,2805,2677.5
02496,02-06-2027,09-06-2027,P007,C003,R003,S002,71,1200,0,85200,25560,93720,89460
02497,02-06-2027,09-06-2027,P006,C002,R008,S006,40,3200,0.1,115200,34560,126720,120960
02498,03-06-2027,10-06-2027,P008,C004,R004,S006,32,4500,0.15,122400,36720,134640,128520
02499,03-06-2027,10-06-2027,P010,C002,R008,S003,38,4500,0.05,162450,48735,178695,170572.5
02500,04-06-2027,11-06-2027,P002,C005,R010,S009,45,500,0,22500,6750,24750,23625
02501,04-06-2027,11-06-2027,P006,C002,R007,S003,49,250,0,12250,3675,13475,12862.5
02502,05-06-2027,12-06-2027,P004,C010,R004,S001,17,3200,0.1,48960,14688,53856,51408
02503,05-06-2027,12-06-2027,P003,C010,R007,S007,56,4500,0,252000,75600,277200,264600
02504,06-06-2027,13-06-2027,P008,C006,R005,S003,11,1200,0,13200,3960,14520,13860
02505,06-06-2027,13-06-2027,P010,C001,R002,S007,6,3200,0,19200,5760,21120,20160
02506,07-06-2027,14-06-2027,P008,C008,R009,S008,17,3200,0.15,46240,13872,50864,48552
02507,07-06-2027,14-06-2027,P009,C010,R002,S006,93,4500,0,418500,125550,460350,439425
02508,08-06-2027,15-06-2027,P005,C006,R009,S004,23,3200,0,73600,22080,80960,77280
02509,08-06-2027,15-06-2027,P009,C007,R008,S003,81,3200,0.05,246240,73872,270864,258552
02510,09-06-2027,16-06-2027,P008,C006,R003,S007,37,500,0.05,17575,5272.5,19332.5,18453.75
02511,09-06-2027,16-06-2027,P002,C010,R006,S003,68,4500,0.1,275400,82620,302940,289170
02512,10-06-2027,17-06-2027,P004,C003,R005,S006,99,250,0,24750,7425,27225,25987.5
02513,10-06-2027,17-06-2027,P010,C003,R001,S006,78,3200,0,249600,74880,274560,262080
02514,11-06-2027,18-06-2027,P008,C007,R006,S005,13,4500,0.05,55575,16672.5,61132.5,58353.75
02515,11-06-2027,18-06-2027,P006,C008,R003,S002,100,4500,0.05,427500,128250,470250,448875
02516,12-06-2027,19-06-2027,P001,C009,R006,S008,44,1200,0,52800,15840,58080,55440
02517,12-06-2027,19-06-2027,P003,C001,R006,S004,64,250,0,16000,4800,17600,16800
02518,13-06-2027,20-06-2027,P007,C009,R002,S003,92,1200,0.15,93840,28152,103224,98532
02519,13-06-2027,20-06-2027,P003,C010,R001,S005,35,500,0,17500,5250,19250,18375
02520,14-06-2027,21-06-2027,P006,C003,R003,S006,98,3200,0.1,282240,84672,310464,296352
02521,14-06-2027,21-06-2027,P004,C003,R001,S001,93,500,0.15,39525,11857.5,43477.5,41501.25
02522,15-06-2027,22-06-2027,P006,C008,R002,S009,85,250,0.15,18062.5,5418.75,19868.75,18965.625
02523,15-06-2027,22-06-2027,P009,C004,R007,S009,32,3200,0.05,97280,29184,107008,102144
02524,16-06-2027,23-06-2027,P009,C005,R004,S007,17,500,0,8500,2550,9350,8925
02525,16-06-2027,23-06-2027,P003,C001,R004,S006,48,250,0,12000,3600,13200,12600
02526,17-06-2027,24-06-2027,P003,C004,R002,S002,29,500,0.15,12325,3697.5,13557.5,12941.25
02527,17-06-2027,24-06-2027,P009,C001,R010,S009,95,4500,0.05,406125,121837.5,446737.5,426431.25
02528,18-06-2027,25-06-2027,P001,C006,R001,S009,78,4500,0.15,298350,89505,328185,313267.5
02529,18-06-2027,25-06-2027,P005,C006,R009,S008,83,4500,0.15,317475,95242.5,349222.5,333348.75
02530,19-06-2027,26-06-2027,P001,C007,R001,S008,65,3200,0.1,187200,56160,205920,196560
02531,19-06-2027,26-06-2027,P001,C005,R009,S003,37,250,0.1,8325,2497.5,9157.5,8741.25
02532,20-06-2027,27-06-2027,P008,C008,R010,S001,51,4500,0,229500,68850,252450,240975
02533,20-06-2027,27-06-2027,P004,C002,R001,S007,16,3200,0,51200,15360,56320,53760
02534,21-06-2027,28-06-2027,P007,C010,R003,S010,65,250,0.1,14625,4387.5,16087.5,15356.25
02535,21-06-2027,28-06-2027,P007,C002,R004,S009,19,4500,0.1,76950,23085,84645,80797.5
02536,22-06-2027,29-06-2027,P007,C005,R010,S010,62,1200,0.1,66960,20088,73656,70308
02537,22-06-2027,29-06-2027,P004,C005,R002,S003,62,3200,0.05,188480,56544,207328,197904
02538,23-06-2027,30-06-2027,P005,C009,R004,S004,48,500,0.1,21600,6480,23760,22680
02539,23-06-2027,30-06-2027,P006,C009,R006,S005,57,1200,0,68400,20520,75240,71820
02540,24-06-2027,01-07-2027,P002,C009,R008,S002,85,4500,0.15,325125,97537.5,357637.5,341381.25
02541,24-06-2027,01-07-2027,P005,C005,R009,S010,97,4500,0.05,414675,124402.5,456142.5,435408.75
02542,25-06-2027,02-07-2027,P006,C002,R003,S006,41,1200,0.1,44280,13284,48708,46494
02543,25-06-2027,02-07-2027,P004,C008,R003,S007,73,500,0.1,32850,9855,36135,34492.5
02544,26-06-2027,03-07-2027,P006,C002,R008,S003,30,4500,0.05,128250,38475,141075,134662.5
02545,26-06-2027,03-07-2027,P008,C008,R007,S004,28,1200,0.15,28560,8568,31416,29988
02546,27-06-2027,04-07-2027,P007,C009,R005,S002,46,1200,0.1,49680,14904,54648,52164
02547,27-06-2027,04-07-2027,P005,C009,R010,S010,82,500,0.05,38950,11685,42845,40897.5
02548,28-06-2027,05-07-2027,P006,C008,R008,S010,38,4500,0.1,153900,46170,169290,161595
02549,28-06-2027,05-07-2027,P003,C001,R005,S002,39,500,0.05,18525,5557.5,20377.5,19451.25
02550,29-06-2027,06-07-2027,P009,C006,R004,S003,52,3200,0.05,158080,47424,173888,165984
02551,29-06-2027,06-07-2027,P001,C006,R008,S003,97,250,0.15,20612.5,6183.75,22673.75,21643.125
02552,30-06-2027,07-07-2027,P010,C003,R009,S004,53,1200,0,63600,19080,69960,66780
02553,30-06-2027,07-07-2027,P005,C006,R007,S008,76,250,0.05,18050,5415,19855,18952.5
02554,01-07-2027,08-07-2027,P007,C008,R005,S009,77,3200,0.15,209440,62832,230384,219912
02555,01-07-2027,08-07-2027,P009,C005,R003,S001,13,250,0.15,2762.5,828.75,3038.75,2900.625
02556,02-07-2027,09-07-2027,P004,C008,R001,S003,5,500,0.1,2250,675,2475,2362.5
02557,02-07-2027,09-07-2027,P010,C010,R008,S007,50,1200,0.15,51000,15300,56100,53550
02558,03-07-2027,10-07-2027,P004,C004,R001,S002,12,4500,0,54000,16200,59400,56700
02559,03-07-2027,10-07-2027,P006,C006,R002,S004,9,4500,0,40500,12150,44550,42525
02560,04-07-2027,11-07-2027,P004,C005,R003,S002,27,4500,0,121500,36450,133650,127575
02561,04-07-2027,11-07-2027,P006,C007,R008,S002,52,4500,0,234000,70200,257400,245700
02562,05-07-2027,12-07-2027,P007,C006,R006,S001,86,1200,0.1,92880,27864,102168,97524
02563,05-07-2027,12-07-2027,P008,C006,R004,S004,53,1200,0.15,54060,16218,59466,56763
02564,06-07-2027,13-07-2027,P004,C010,R003,S008,31,1200,0.1,33480,10044,36828,35154
02565,06-07-2027,13-07-2027,P002,C009,R002,S010,93,500,0,46500,13950,51150,48825
02566,07-07-2027,14-07-2027,P004,C007,R010,S003,95,4500,0.15,363375,109012.5,399712.5,381543.75
02567,07-07-2027,14-07-2027,P002,C002,R006,S001,62,1200,0.05,70680,21204,77748,74214
02568,08-07-2027,15-07-2027,P001,C003,R004,S002,71,250,0.15,15087.5,4526.25,16596.25,15841.875
02569,08-07-2027,15-07-2027,P008,C005,R007,S005,98,1200,0,117600,35280,129360,123480
02570,09-07-2027,16-07-2027,P009,C008,R004,S008,71,250,0,17750,5325,19525,18637.5
02571,09-07-2027,16-07-2027,P006,C005,R002,S010,18,3200,0.1,51840,15552,57024,54432
02572,10-07-2027,17-07-2027,P007,C010,R007,S007,7,3200,0.15,19040,5712,20944,19992
02573,10-07-2027,17-07-2027,P008,C005,R010,S002,47,500,0,23500,7050,25850,24675
02574,11-07-2027,18-07-2027,P007,C001,R009,S002,67,500,0.05,31825,9547.5,35007.5,33416.25
02575,11-07-2027,18-07-2027,P001,C009,R004,S010,93,4500,0.15,355725,106717.5,391297.5,373511.25
02576,12-07-2027,19-07-2027,P010,C009,R002,S010,45,3200,0.15,122400,36720,134640,128520
02577,12-07-2027,19-07-2027,P010,C010,R005,S010,63,3200,0.1,181440,54432,199584,190512
02578,13-07-2027,20-07-2027,P007,C008,R007,S008,9,500,0,4500,1350,4950,4725
02579,13-07-2027,20-07-2027,P008,C004,R005,S001,8,4500,0.05,34200,10260,37620,35910
02580,14-07-2027,21-07-2027,P001,C001,R003,S001,79,250,0.05,18762.5,5628.75,20638.75,19700.625
02581,14-07-2027,21-07-2027,P003,C003,R001,S010,18,4500,0,81000,24300,89100,85050
02582,15-07-2027,22-07-2027,P008,C002,R010,S004,77,250,0,19250,5775,21175,20212.5
02583,15-07-2027,22-07-2027,P004,C006,R006,S004,39,1200,0,46800,14040,51480,49140
02584,16-07-2027,23-07-2027,P005,C009,R008,S010,14,500,0.1,6300,1890,6930,6615
02585,16-07-2027,23-07-2027,P009,C001,R007,S008,64,500,0.05,30400,9120,33440,31920
02586,17-07-2027,24-07-2027,P009,C006,R003,S002,96,3200,0.1,276480,82944,304128,290304
02587,17-07-2027,24-07-2027,P009,C006,R002,S003,27,3200,0.1,77760,23328,85536,81648
02588,18-07-2027,25-07-2027,P002,C006,R006,S006,17,500,0.05,8075,2422.5,8882.5,8478.75
02589,18-07-2027,25-07-2027,P009,C006,R002,S009,16,4500,0.1,64800,19440,71280,68040
02590,19-07-2027,26-07-2027,P008,C004,R006,S009,14,250,0.1,3150,945,3465,3307.5
02591,19-07-2027,26-07-2027,P010,C009,R009,S009,47,500,0.1,21150,6345,23265,22207.5
02592,20-07-2027,27-07-2027,P006,C005,R008,S003,86,3200,0.05,261440,78432,287584,274512
02593,20-07-2027,27-07-2027,P007,C008,R004,S007,99,4500,0.15,378675,113602.5,416542.5,397608.75
02594,21-07-2027,28-07-2027,P003,C005,R002,S002,39,4500,0.05,166725,50017.5,183397.5,175061.25
02595,21-07-2027,28-07-2027,P003,C001,R003,S003,83,3200,0.1,239040,71712,262944,250992
02596,22-07-2027,29-07-2027,P001,C006,R007,S005,49,250,0.05,11637.5,3491.25,12801.25,12219.375
02597,22-07-2027,29-07-2027,P008,C008,R004,S002,41,1200,0,49200,14760,54120,51660
02598,23-07-2027,30-07-2027,P008,C003,R006,S009,23,3200,0.1,66240,19872,72864,69552
02599,23-07-2027,30-07-2027,P002,C010,R006,S010,30,500,0.05,14250,4275,15675,14962.5
02600,24-07-2027,31-07-2027,P004,C010,R009,S010,94,1200,0.15,95880,28764,105468,100674
02601,24-07-2027,31-07-2027,P007,C001,R004,S003,13,1200,0,15600,4680,17160,16380
02602,25-07-2027,01-08-2027,P009,C001,R005,S008,64,250,0.1,14400,4320,15840,15120
02603,25-07-2027,01-08-2027,P006,C008,R009,S005,53,4500,0.05,226575,67972.5,249232.5,237903.75
02604,26-07-2027,02-08-2027,P006,C005,R003,S009,8,1200,0.1,8640,2592,9504,9072
02605,26-07-2027,02-08-2027,P007,C005,R004,S009,68,500,0.1,30600,9180,33660,32130
02606,27-07-2027,03-08-2027,P009,C002,R002,S001,16,3200,0.15,43520,13056,47872,45696
02607,27-07-2027,03-08-2027,P001,C009,R001,S005,38,3200,0,121600,36480,133760,127680
02608,28-07-2027,04-08-2027,P001,C008,R010,S003,21,1200,0,25200,7560,27720,26460
02609,28-07-2027,04-08-2027,P007,C008,R001,S007,48,3200,0.05,145920,43776,160512,153216
02610,29-07-2027,05-08-2027,P002,C009,R002,S001,6,3200,0.15,16320,4896,17952,17136
02611,29-07-2027,05-08-2027,P006,C002,R004,S007,16,250,0.15,3400,1020,3740,3570
02612,30-07-2027,06-08-2027,P001,C010,R002,S003,41,250,0.05,9737.5,2921.25,10711.25,10224.375
02613,30-07-2027,06-08-2027,P009,C003,R007,S008,18,1200,0.1,19440,5832,21384,20412
02614,31-07-2027,07-08-2027,P008,C004,R002,S005,55,500,0.15,23375,7012.5,25712.5,24543.75
02615,31-07-2027,07-08-2027,P010,C004,R007,S010,95,3200,0.15,258400,77520,284240,271320
02616,01-08-2027,08-08-2027,P008,C002,R002,S006,43,1200,0.1,46440,13932,51084,48762
02617,01-08-2027,08-08-2027,P008,C008,R006,S002,79,4500,0,355500,106650,391050,373275
02618,02-08-2027,09-08-2027,P009,C004,R008,S004,98,3200,0.15,266560,79968,293216,279888
02619,02-08-2027,09-08-2027,P009,C007,R007,S007,46,500,0.1,20700,6210,22770,21735
02620,03-08-2027,10-08-2027,P010,C004,R004,S008,18,3200,0,57600,17280,63360,60480
02621,03-08-2027,10-08-2027,P008,C009,R001,S004,19,3200,0.1,54720,16416,60192,57456
02622,04-08-2027,11-08-2027,P010,C001,R008,S010,52,4500,0,234000,70200,257400,245700
02623,04-08-2027,11-08-2027,P004,C006,R006,S010,43,250,0.15,9137.5,2741.25,10051.25,9594.375
02624,05-08-2027,12-08-2027,P006,C004,R009,S002,70,3200,0.05,212800,63840,234080,223440
02625,05-08-2027,12-08-2027,P010,C006,R003,S008,36,4500,0.1,145800,43740,160380,153090
02626,06-08-2027,13-08-2027,P007,C003,R004,S001,90,1200,0,108000,32400,118800,113400
02627,06-08-2027,13-08-2027,P010,C005,R008,S010,70,1200,0.05,79800,23940,87780,83790
02628,07-08-2027,14-08-2027,P004,C007,R004,S008,9,3200,0.1,25920,7776,28512,27216
02629,07-08-2027,14-08-2027,P003,C010,R005,S005,71,3200,0,227200,68160,249920,238560
02630,08-08-2027,15-08-2027,P004,C007,R008,S004,17,1200,0.1,18360,5508,20196,19278
02631,08-08-2027,15-08-2027,P008,C008,R008,S008,88,4500,0,396000,118800,435600,415800
02632,09-08-2027,16-08-2027,P007,C005,R007,S002,46,250,0.1,10350,3105,11385,10867.5
02633,09-08-2027,16-08-2027,P004,C006,R002,S007,93,4500,0.1,376650,112995,414315,395482.5
02634,10-08-2027,17-08-2027,P001,C001,R004,S009,24,4500,0.15,91800,27540,100980,96390
02635,10-08-2027,17-08-2027,P004,C003,R001,S006,73,250,0.05,17337.5,5201.25,19071.25,18204.375
02636,11-08-2027,18-08-2027,P001,C008,R007,S004,18,500,0.15,7650,2295,8415,8032.5
02637,11-08-2027,18-08-2027,P005,C009,R004,S007,79,250,0.05,18762.5,5628.75,20638.75,19700.625
02638,12-08-2027,19-08-2027,P005,C007,R001,S006,29,3200,0.15,78880,23664,86768,82824
02639,12-08-2027,19-08-2027,P010,C004,R007,S007,27,1200,0.05,30780,9234,33858,32319
02640,13-08-2027,20-08-2027,P002,C006,R003,S009,32,3200,0.1,92160,27648,101376,96768
02641,13-08-2027,20-08-2027,P009,C010,R009,S004,33,4500,0.15,126225,37867.5,138847.5,132536.25
02642,14-08-2027,21-08-2027,P004,C010,R008,S005,24,1200,0,28800,8640,31680,30240
02643,14-08-2027,21-08-2027,P005,C005,R009,S006,32,500,0.05,15200,4560,16720,15960
02644,15-08-2027,22-08-2027,P007,C008,R002,S007,34,250,0.15,7225,2167.5,7947.5,7586.25
02645,15-08-2027,22-08-2027,P001,C006,R004,S009,98,500,0.15,41650,12495,45815,43732.5
02646,16-08-2027,23-08-2027,P002,C009,R008,S004,70,1200,0.15,71400,21420,78540,74970
02647,16-08-2027,23-08-2027,P005,C009,R006,S002,45,3200,0.15,122400,36720,134640,128520
02648,17-08-2027,24-08-2027,P003,C003,R005,S009,77,3200,0.15,209440,62832,230384,219912
02649,17-08-2027,24-08-2027,P009,C002,R001,S001,54,3200,0.1,155520,46656,171072,163296
02650,18-08-2027,25-08-2027,P002,C008,R009,S003,81,250,0.15,17212.5,5163.75,18933.75,18073.125
02651,18-08-2027,25-08-2027,P007,C001,R005,S007,36,500,0.15,15300,4590,16830,16065
02652,19-08-2027,26-08-2027,P003,C001,R004,S009,49,3200,0.05,148960,44688,163856,156408
02653,19-08-2027,26-08-2027,P009,C008,R007,S003,10,500,0.05,4750,1425,5225,4987.5
02654,20-08-2027,27-08-2027,P001,C003,R003,S008,77,4500,0.05,329175,98752.5,362092.5,345633.75
02655,20-08-2027,27-08-2027,P009,C002,R008,S001,92,4500,0.15,351900,105570,387090,369495
02656,21-08-2027,28-08-2027,P004,C006,R009,S005,50,1200,0.05,57000,17100,62700,59850
02657,21-08-2027,28-08-2027,P004,C010,R010,S005,15,250,0,3750,1125,4125,3937.5
02658,22-08-2027,29-08-2027,P008,C010,R002,S009,15,4500,0.1,60750,18225,66825,63787.5
02659,22-08-2027,29-08-2027,P010,C006,R010,S010,52,4500,0.15,198900,59670,218790,208845
02660,23-08-2027,30-08-2027,P004,C005,R004,S007,6,500,0,3000,900,3300,3150
02661,23-08-2027,30-08-2027,P004,C004,R003,S010,50,3200,0.1,144000,43200,158400,151200
02662,24-08-2027,31-08-2027,P009,C003,R003,S009,8,4500,0.15,30600,9180,33660,32130
02663,24-08-2027,31-08-2027,P010,C008,R007,S008,80,250,0.05,19000,5700,20900,19950
02664,25-08-2027,01-09-2027,P002,C006,R004,S001,14,3200,0.15,38080,11424,41888,39984
02665,25-08-2027,01-09-2027,P001,C006,R005,S007,71,4500,0,319500,95850,351450,335475
02666,26-08-2027,02-09-2027,P010,C007,R008,S001,26,3200,0,83200,24960,91520,87360
02667,26-08-2027,02-09-2027,P007,C009,R003,S008,7,4500,0,31500,9450,34650,33075
02668,27-08-2027,03-09-2027,P003,C010,R006,S003,6,3200,0,19200,5760,21120,20160
02669,27-08-2027,03-09-2027,P008,C004,R007,S002,36,4500,0.1,145800,43740,160380,153090
02670,28-08-2027,04-09-2027,P010,C006,R002,S009,17,3200,0.05,51680,15504,56848,54264
02671,28-08-2027,04-09-2027,P006,C006,R006,S001,52,1200,0.15,53040,15912,58344,55692
02672,29-08-2027,05-09-2027,P008,C005,R002,S002,72,3200,0.05,218880,65664,240768,229824
02673,29-08-2027,05-09-2027,P004,C010,R007,S007,43,1200,0.1,46440,13932,51084,48762
02674,30-08-2027,06-09-2027,P001,C003,R006,S004,61,3200,0.1,175680,52704,193248,184464
02675,30-08-2027,06-09-2027,P004,C006,R002,S009,96,250,0.05,22800,6840,25080,23940
02676,31-08-2027,07-09-2027,P007,C001,R006,S009,89,1200,0.1,96120,28836,105732,100926
02677,31-08-2027,07-09-2027,P008,C004,R005,S007,92,3200,0,294400,88320,323840,309120
02678,01-09-2027,08-09-2027,P008,C010,R001,S007,79,250,0.05,18762.5,5628.75,20638.75,19700.625
02679,01-09-2027,08-09-2027,P007,C004,R004,S005,75,4500,0.05,320625,96187.5,352687.5,336656.25
02680,02-09-2027,09-09-2027,P006,C003,R007,S007,7,1200,0.05,7980,2394,8778,8379
02681,02-09-2027,09-09-2027,P001,C008,R001,S002,35,1200,0.05,39900,11970,43890,41895
02682,03-09-2027,10-09-2027,P009,C007,R010,S001,93,500,0,46500,13950,51150,48825
02683,03-09-2027,10-09-2027,P001,C003,R007,S006,53,4500,0.15,202725,60817.5,222997.5,212861.25
02684,04-09-2027,11-09-2027,P009,C001,R003,S004,13,4500,0.05,55575,16672.5,61132.5,58353.75
02685,04-09-2027,11-09-2027,P010,C005,R006,S002,16,3200,0.05,48640,14592,53504,51072
02686,05-09-2027,12-09-2027,P009,C004,R001,S003,23,4500,0.05,98325,29497.5,108157.5,103241.25
02687,05-09-2027,12-09-2027,P002,C005,R003,S007,81,1200,0.05,92340,27702,101574,96957
02688,06-09-2027,13-09-2027,P008,C001,R005,S008,33,4500,0,148500,44550,163350,155925
02689,06-09-2027,13-09-2027,P010,C003,R001,S006,99,250,0,24750,7425,27225,25987.5
02690,07-09-2027,14-09-2027,P003,C004,R002,S010,35,250,0.15,7437.5,2231.25,8181.25,7809.375
02691,07-09-2027,14-09-2027,P008,C009,R006,S006,78,250,0.15,16575,4972.5,18232.5,17403.75
02692,08-09-2027,15-09-2027,P003,C004,R002,S006,83,3200,0.05,252320,75696,277552,264936
02693,08-09-2027,15-09-2027,P003,C001,R008,S006,27,4500,0.05,115425,34627.5,126967.5,121196.25
02694,09-09-2027,16-09-2027,P006,C002,R010,S002,32,500,0.05,15200,4560,16720,15960
02695,09-09-2027,16-09-2027,P003,C008,R004,S006,97,3200,0.15,263840,79152,290224,277032
02696,10-09-2027,17-09-2027,P009,C005,R007,S006,19,250,0.15,4037.5,1211.25,4441.25,4239.375
02697,10-09-2027,17-09-2027,P008,C004,R007,S004,82,500,0,41000,12300,45100,43050
02698,11-09-2027,18-09-2027,P006,C001,R009,S002,56,250,0.15,11900,3570,13090,12495
02699,11-09-2027,18-09-2027,P010,C008,R002,S002,15,4500,0.15,57375,17212.5,63112.5,60243.75
02700,12-09-2027,19-09-2027,P009,C004,R005,S006,20,4500,0.1,81000,24300,89100,85050
02701,12-09-2027,19-09-2027,P002,C006,R004,S007,81,500,0.15,34425,10327.5,37867.5,36146.25
02702,13-09-2027,20-09-2027,P005,C009,R006,S001,83,250,0,20750,6225,22825,21787.5
02703,13-09-2027,20-09-2027,P007,C010,R008,S006,84,3200,0.1,241920,72576,266112,254016
02704,14-09-2027,21-09-2027,P007,C002,R005,S004,52,4500,0.05,222300,66690,244530,233415
02705,14-09-2027,21-09-2027,P006,C008,R003,S004,30,250,0.1,6750,2025,7425,7087.5
02706,15-09-2027,22-09-2027,P002,C003,R001,S001,81,3200,0.1,233280,69984,256608,244944
02707,15-09-2027,22-09-2027,P006,C007,R006,S008,81,500,0.1,36450,10935,40095,38272.5
02708,16-09-2027,23-09-2027,P003,C004,R002,S008,76,3200,0,243200,72960,267520,255360
02709,16-09-2027,23-09-2027,P003,C004,R008,S006,63,500,0.1,28350,8505,31185,29767.5
02710,17-09-2027,24-09-2027,P002,C005,R007,S008,8,4500,0.05,34200,10260,37620,35910
02711,17-09-2027,24-09-2027,P002,C009,R003,S008,60,500,0.05,28500,8550,31350,29925
02712,18-09-2027,25-09-2027,P007,C007,R004,S009,89,500,0.1,40050,12015,44055,42052.5
02713,18-09-2027,25-09-2027,P002,C009,R007,S005,68,4500,0.15,260100,78030,286110,273105
02714,19-09-2027,26-09-2027,P002,C004,R009,S002,39,4500,0.05,166725,50017.5,183397.5,175061.25
02715,19-09-2027,26-09-2027,P003,C006,R005,S004,76,3200,0.05,231040,69312,254144,242592
02716,20-09-2027,27-09-2027,P006,C004,R004,S010,94,3200,0.1,270720,81216,297792,284256
02717,20-09-2027,27-09-2027,P003,C009,R002,S009,96,1200,0.15,97920,29376,107712,102816
02718,21-09-2027,28-09-2027,P006,C006,R009,S009,10,1200,0,12000,3600,13200,12600
02719,21-09-2027,28-09-2027,P006,C001,R001,S002,25,500,0.05,11875,3562.5,13062.5,12468.75
02720,22-09-2027,29-09-2027,P009,C001,R004,S006,86,4500,0.1,348300,104490,383130,365715
02721,22-09-2027,29-09-2027,P006,C008,R004,S002,84,500,0.1,37800,11340,41580,39690
02722,23-09-2027,30-09-2027,P004,C005,R010,S004,63,250,0,15750,4725,17325,16537.5
02723,23-09-2027,30-09-2027,P003,C006,R008,S004,44,500,0.05,20900,6270,22990,21945
02724,24-09-2027,01-10-2027,P004,C002,R008,S010,46,3200,0.05,139840,41952,153824,146832
02725,24-09-2027,01-10-2027,P005,C001,R003,S003,55,500,0,27500,8250,30250,28875
02726,25-09-2027,02-10-2027,P005,C005,R010,S004,34,4500,0.1,137700,41310,151470,144585
02727,25-09-2027,02-10-2027,P001,C009,R005,S006,31,1200,0,37200,11160,40920,39060
02728,26-09-2027,03-10-2027,P006,C007,R004,S006,44,500,0,22000,6600,24200,23100
02729,26-09-2027,03-10-2027,P004,C003,R008,S005,39,4500,0,175500,52650,193050,184275
02730,27-09-2027,04-10-2027,P001,C010,R006,S004,18,4500,0.1,72900,21870,80190,76545
02731,27-09-2027,04-10-2027,P004,C001,R001,S004,89,3200,0.05,270560,81168,297616,284088
02732,28-09-2027,05-10-2027,P003,C006,R004,S001,87,1200,0.15,88740,26622,97614,93177
02733,28-09-2027,05-10-2027,P005,C010,R001,S010,16,3200,0,51200,15360,56320,53760
02734,29-09-2027,06-10-2027,P001,C004,R008,S003,30,4500,0.05,128250,38475,141075,134662.5
02735,29-09-2027,06-10-2027,P010,C010,R009,S009,98,3200,0.15,266560,79968,293216,279888
02736,30-09-2027,07-10-2027,P010,C001,R004,S010,98,500,0.15,41650,12495,45815,43732.5
02737,30-09-2027,07-10-2027,P007,C003,R007,S002,35,4500,0.05,149625,44887.5,164587.5,157106.25
02738,01-10-2027,08-10-2027,P004,C009,R006,S010,17,250,0.1,3825,1147.5,4207.5,4016.25
02739,01-10-2027,08-10-2027,P008,C005,R007,S008,94,1200,0,112800,33840,124080,118440
02740,02-10-2027,09-10-2027,P001,C009,R007,S003,44,4500,0,198000,59400,217800,207900
02741,02-10-2027,09-10-2027,P009,C002,R005,S009,62,250,0.1,13950,4185,15345,14647.5
02742,03-10-2027,10-10-2027,P004,C010,R001,S006,96,250,0.05,22800,6840,25080,23940
02743,03-10-2027,10-10-2027,P007,C003,R004,S004,51,500,0.1,22950,6885,25245,24097.5
02744,04-10-2027,11-10-2027,P009,C007,R007,S002,41,1200,0.05,46740,14022,51414,49077
02745,04-10-2027,11-10-2027,P003,C010,R004,S007,80,500,0.15,34000,10200,37400,35700
02746,05-10-2027,12-10-2027,P007,C010,R003,S008,98,4500,0.1,396900,119070,436590,416745
02747,05-10-2027,12-10-2027,P003,C007,R001,S008,96,250,0,24000,7200,26400,25200
02748,06-10-2027,13-10-2027,P010,C004,R004,S001,95,1200,0,114000,34200,125400,119700
02749,06-10-2027,13-10-2027,P007,C008,R003,S007,49,500,0,24500,7350,26950,25725
02750,07-10-2027,14-10-2027,P003,C002,R007,S007,68,3200,0,217600,65280,239360,228480
02751,07-10-2027,14-10-2027,P009,C008,R010,S003,6,250,0.05,1425,427.5,1567.5,1496.25
02752,08-10-2027,15-10-2027,P004,C003,R003,S009,97,1200,0.15,98940,29682,108834,103887
02753,08-10-2027,15-10-2027,P004,C009,R001,S005,85,250,0.15,18062.5,5418.75,19868.75,18965.625
02754,09-10-2027,16-10-2027,P006,C004,R002,S006,37,250,0.05,8787.5,2636.25,9666.25,9226.875
02755,09-10-2027,16-10-2027,P006,C004,R005,S009,26,3200,0.1,74880,22464,82368,78624
02756,10-10-2027,17-10-2027,P002,C001,R009,S008,71,4500,0,319500,95850,351450,335475
02757,10-10-2027,17-10-2027,P008,C003,R008,S002,40,3200,0.05,121600,36480,133760,127680
02758,11-10-2027,18-10-2027,P005,C008,R006,S008,92,3200,0.1,264960,79488,291456,278208
02759,11-10-2027,18-10-2027,P008,C004,R010,S008,16,4500,0.05,68400,20520,75240,71820
02760,12-10-2027,19-10-2027,P005,C007,R004,S001,6,1200,0.1,6480,1944,7128,6804
02761,12-10-2027,19-10-2027,P010,C005,R007,S006,50,500,0.15,21250,6375,23375,22312.5
02762,13-10-2027,20-10-2027,P002,C009,R010,S003,16,250,0.1,3600,1080,3960,3780
02763,13-10-2027,20-10-2027,P003,C006,R010,S004,87,250,0.15,18487.5,5546.25,20336.25,19411.875
02764,14-10-2027,21-10-2027,P004,C008,R003,S005,63,4500,0.1,255150,76545,280665,267907.5
02765,14-10-2027,21-10-2027,P009,C006,R001,S008,15,500,0.05,7125,2137.5,7837.5,7481.25
02766,15-10-2027,22-10-2027,P008,C003,R001,S001,94,250,0,23500,7050,25850,24675
02767,15-10-2027,22-10-2027,P004,C003,R005,S009,45,3200,0.1,129600,38880,142560,136080
02768,16-10-2027,23-10-2027,P005,C005,R007,S008,24,3200,0,76800,23040,84480,80640
02769,16-10-2027,23-10-2027,P010,C007,R003,S002,38,1200,0.1,41040,12312,45144,43092
02770,17-10-2027,24-10-2027,P007,C009,R001,S003,92,1200,0.05,104880,31464,115368,110124
02771,17-10-2027,24-10-2027,P005,C009,R010,S010,59,3200,0.1,169920,50976,186912,178416
02772,18-10-2027,25-10-2027,P001,C009,R004,S004,97,250,0.1,21825,6547.5,24007.5,22916.25
02773,18-10-2027,25-10-2027,P010,C008,R002,S008,14,500,0.05,6650,1995,7315,6982.5
02774,19-10-2027,26-10-2027,P010,C001,R003,S010,66,3200,0,211200,63360,232320,221760
02775,19-10-2027,26-10-2027,P001,C010,R002,S008,59,250,0.1,13275,3982.5,14602.5,13938.75
02776,20-10-2027,27-10-2027,P009,C003,R001,S006,70,500,0.15,29750,8925,32725,31237.5
02777,20-10-2027,27-10-2027,P008,C009,R005,S003,99,4500,0.1,400950,120285,441045,420997.5
02778,21-10-2027,28-10-2027,P004,C007,R010,S002,27,3200,0.05,82080,24624,90288,86184
02779,21-10-2027,28-10-2027,P002,C001,R005,S001,63,250,0.15,13387.5,4016.25,14726.25,14056.875
02780,22-10-2027,29-10-2027,P010,C008,R008,S003,87,4500,0.05,371925,111577.5,409117.5,390521.25
02781,22-10-2027,29-10-2027,P008,C002,R009,S008,23,4500,0,103500,31050,113850,108675
02782,23-10-2027,30-10-2027,P010,C009,R007,S010,11,250,0,2750,825,3025,2887.5
02783,23-10-2027,30-10-2027,P003,C008,R001,S001,95,500,0.05,45125,13537.5,49637.5,47381.25
02784,24-10-2027,31-10-2027,P008,C010,R006,S009,9,1200,0,10800,3240,11880,11340
02785,24-10-2027,31-10-2027,P009,C002,R001,S002,38,1200,0.15,38760,11628,42636,40698
02786,25-10-2027,01-11-2027,P007,C002,R010,S009,16,500,0,8000,2400,8800,8400
02787,25-10-2027,01-11-2027,P002,C004,R008,S007,76,4500,0,342000,102600,376200,359100
02788,26-10-2027,02-11-2027,P001,C003,R009,S008,31,500,0.15,13175,3952.5,14492.5,13833.75
02789,26-10-2027,02-11-2027,P001,C005,R008,S002,23,250,0.15,4887.5,1466.25,5376.25,5131.875
02790,27-10-2027,03-11-2027,P009,C003,R004,S001,83,3200,0.05,252320,75696,277552,264936
02791,27-10-2027,03-11-2027,P002,C003,R006,S009,63,3200,0.05,191520,57456,210672,201096
02792,28-10-2027,04-11-2027,P007,C003,R007,S007,93,250,0,23250,6975,25575,24412.5
02793,28-10-2027,04-11-2027,P005,C009,R005,S007,34,1200,0.05,38760,11628,42636,40698
02794,29-10-2027,05-11-2027,P006,C001,R009,S007,50,1200,0.15,51000,15300,56100,53550
02795,29-10-2027,05-11-2027,P002,C002,R010,S008,79,250,0.15,16787.5,5036.25,18466.25,17626.875
02796,30-10-2027,06-11-2027,P009,C002,R002,S009,5,4500,0.1,20250,6075,22275,21262.5
02797,30-10-2027,06-11-2027,P006,C004,R001,S008,19,3200,0.15,51680,15504,56848,54264
02798,31-10-2027,07-11-2027,P009,C009,R004,S004,55,1200,0.1,59400,17820,65340,62370
02799,31-10-2027,07-11-2027,P008,C006,R002,S003,5,250,0,1250,375,1375,1312.5
02800,01-11-2027,08-11-2027,P001,C008,R010,S007,65,500,0,32500,9750,35750,34125
02801,01-11-2027,08-11-2027,P010,C010,R004,S010,88,3200,0.1,253440,76032,278784,266112
02802,02-11-2027,09-11-2027,P008,C009,R007,S007,89,1200,0,106800,32040,117480,112140
02803,02-11-2027,09-11-2027,P002,C010,R009,S010,88,1200,0.15,89760,26928,98736,94248
02804,03-11-2027,10-11-2027,P003,C004,R003,S006,37,4500,0.15,141525,42457.5,155677.5,148601.25
02805,03-11-2027,10-11-2027,P006,C006,R003,S004,38,1200,0.1,41040,12312,45144,43092
02806,04-11-2027,11-11-2027,P006,C008,R004,S003,57,500,0.05,27075,8122.5,29782.5,28428.75
02807,04-11-2027,11-11-2027,P001,C006,R008,S004,27,500,0.15,11475,3442.5,12622.5,12048.75
02808,05-11-2027,12-11-2027,P008,C010,R007,S003,24,500,0,12000,3600,13200,12600
02809,05-11-2027,12-11-2027,P008,C009,R001,S008,26,4500,0.15,99450,29835,109395,104422.5
02810,06-11-2027,13-11-2027,P009,C008,R008,S009,86,1200,0.05,98040,29412,107844,102942
02811,06-11-2027,13-11-2027,P002,C004,R001,S006,46,250,0.15,9775,2932.5,10752.5,10263.75
02812,07-11-2027,14-11-2027,P008,C004,R005,S004,54,250,0,13500,4050,14850,14175
02813,07-11-2027,14-11-2027,P010,C001,R001,S005,80,1200,0.05,91200,27360,100320,95760
02814,08-11-2027,15-11-2027,P008,C001,R002,S009,74,3200,0.1,213120,63936,234432,223776
02815,08-11-2027,15-11-2027,P005,C008,R001,S010,24,3200,0.15,65280,19584,71808,68544
02816,09-11-2027,16-11-2027,P010,C001,R005,S002,14,1200,0.1,15120,4536,16632,15876
02817,09-11-2027,16-11-2027,P007,C003,R008,S003,36,4500,0.05,153900,46170,169290,161595
02818,10-11-2027,17-11-2027,P007,C007,R009,S005,88,4500,0.05,376200,112860,413820,395010
02819,10-11-2027,17-11-2027,P009,C003,R007,S010,36,1200,0.15,36720,11016,40392,38556
02820,11-11-2027,18-11-2027,P010,C010,R003,S002,17,3200,0.1,48960,14688,53856,51408
02821,11-11-2027,18-11-2027,P005,C003,R009,S001,7,4500,0.15,26775,8032.5,29452.5,28113.75
02822,12-11-2027,19-11-2027,P005,C005,R005,S006,32,1200,0.05,36480,10944,40128,38304
02823,12-11-2027,19-11-2027,P004,C010,R004,S009,24,3200,0.1,69120,20736,76032,72576
02824,13-11-2027,20-11-2027,P001,C008,R004,S008,66,500,0.15,28050,8415,30855,29452.5
02825,13-11-2027,20-11-2027,P003,C002,R010,S008,23,4500,0.15,87975,26392.5,96772.5,92373.75
02826,14-11-2027,21-11-2027,P009,C003,R005,S009,83,3200,0.05,252320,75696,277552,264936
02827,14-11-2027,21-11-2027,P008,C005,R008,S003,58,3200,0.15,157760,47328,173536,165648
02828,15-11-2027,22-11-2027,P004,C009,R003,S004,27,4500,0.05,115425,34627.5,126967.5,121196.25
02829,15-11-2027,22-11-2027,P010,C004,R003,S004,40,500,0.15,17000,5100,18700,17850
02830,16-11-2027,23-11-2027,P003,C007,R009,S001,36,1200,0.05,41040,12312,45144,43092
02831,16-11-2027,23-11-2027,P009,C008,R002,S010,6,1200,0,7200,2160,7920,7560
02832,17-11-2027,24-11-2027,P007,C010,R010,S007,49,3200,0.15,133280,39984,146608,139944
02833,17-11-2027,24-11-2027,P002,C008,R002,S009,44,250,0.05,10450,3135,11495,10972.5
02834,18-11-2027,25-11-2027,P001,C008,R002,S008,50,500,0.1,22500,6750,24750,23625
02835,18-11-2027,25-11-2027,P002,C010,R004,S001,36,3200,0.1,103680,31104,114048,108864
02836,19-11-2027,26-11-2027,P008,C005,R004,S010,48,3200,0.05,145920,43776,160512,153216
02837,19-11-2027,26-11-2027,P006,C006,R006,S007,59,500,0,29500,8850,32450,30975
02838,20-11-2027,27-11-2027,P008,C007,R001,S005,76,4500,0,342000,102600,376200,359100
02839,20-11-2027,27-11-2027,P006,C005,R004,S002,40,500,0.05,19000,5700,20900,19950
02840,21-11-2027,28-11-2027,P008,C003,R006,S007,78,4500,0.15,298350,89505,328185,313267.5
02841,21-11-2027,28-11-2027,P001,C006,R006,S004,68,3200,0,217600,65280,239360,228480
02842,22-11-2027,29-11-2027,P001,C009,R002,S003,49,3200,0.1,141120,42336,155232,148176
02843,22-11-2027,29-11-2027,P008,C006,R003,S003,77,500,0.05,36575,10972.5,40232.5,38403.75
02844,23-11-2027,30-11-2027,P010,C001,R005,S003,73,250,0.15,15512.5,4653.75,17063.75,16288.125
02845,23-11-2027,30-11-2027,P009,C008,R006,S007,18,250,0.05,4275,1282.5,4702.5,4488.75
02846,24-11-2027,01-12-2027,P009,C003,R002,S007,53,250,0.1,11925,3577.5,13117.5,12521.25
02847,24-11-2027,01-12-2027,P007,C010,R001,S008,75,250,0.1,16875,5062.5,18562.5,17718.75
02848,25-11-2027,02-12-2027,P005,C002,R001,S010,90,4500,0,405000,121500,445500,425250
02849,25-11-2027,02-12-2027,P002,C004,R001,S008,41,4500,0.15,156825,47047.5,172507.5,164666.25
02850,26-11-2027,03-12-2027,P005,C009,R006,S007,51,1200,0.05,58140,17442,63954,61047
02851,26-11-2027,03-12-2027,P001,C008,R006,S008,13,1200,0,15600,4680,17160,16380
02852,27-11-2027,04-12-2027,P002,C002,R003,S009,17,250,0.15,3612.5,1083.75,3973.75,3793.125
02853,27-11-2027,04-12-2027,P008,C002,R002,S005,15,250,0,3750,1125,4125,3937.5
02854,28-11-2027,05-12-2027,P004,C009,R008,S001,81,4500,0.1,328050,98415,360855,344452.5
02855,28-11-2027,05-12-2027,P004,C006,R009,S009,20,3200,0.1,57600,17280,63360,60480
02856,29-11-2027,06-12-2027,P010,C009,R002,S005,64,250,0.1,14400,4320,15840,15120
02857,29-11-2027,06-12-2027,P007,C001,R005,S009,100,250,0.1,22500,6750,24750,23625
02858,30-11-2027,07-12-2027,P005,C003,R006,S006,34,250,0.15,7225,2167.5,7947.5,7586.25
02859,30-11-2027,07-12-2027,P005,C004,R004,S009,32,4500,0,144000,43200,158400,151200
02860,01-12-2027,08-12-2027,P010,C010,R010,S010,86,4500,0.1,348300,104490,383130,365715
02861,01-12-2027,08-12-2027,P006,C002,R002,S002,45,1200,0,54000,16200,59400,56700
02862,02-12-2027,09-12-2027,P003,C004,R010,S009,65,3200,0,208000,62400,228800,218400
02863,02-12-2027,09-12-2027,P009,C007,R004,S005,61,3200,0.05,185440,55632,203984,194712
02864,03-12-2027,10-12-2027,P004,C003,R008,S001,16,3200,0.1,46080,13824,50688,48384
02865,03-12-2027,10-12-2027,P003,C004,R001,S006,59,1200,0,70800,21240,77880,74340
02866,04-12-2027,11-12-2027,P007,C009,R008,S006,55,250,0.05,13062.5,3918.75,14368.75,13715.625
02867,04-12-2027,11-12-2027,P008,C003,R006,S006,77,1200,0.1,83160,24948,91476,87318
02868,05-12-2027,12-12-2027,P008,C008,R009,S009,32,500,0.15,13600,4080,14960,14280
02869,05-12-2027,12-12-2027,P010,C001,R001,S002,72,1200,0.05,82080,24624,90288,86184
02870,06-12-2027,13-12-2027,P007,C001,R003,S006,14,1200,0.05,15960,4788,17556,16758
02871,06-12-2027,13-12-2027,P010,C006,R006,S001,37,3200,0.1,106560,31968,117216,111888
02872,07-12-2027,14-12-2027,P008,C001,R007,S005,35,500,0,17500,5250,19250,18375
02873,07-12-2027,14-12-2027,P002,C007,R009,S008,50,250,0.15,10625,3187.5,11687.5,11156.25
02874,08-12-2027,15-12-2027,P003,C006,R004,S004,63,250,0,15750,4725,17325,16537.5
02875,08-12-2027,15-12-2027,P004,C001,R008,S008,30,250,0.15,6375,1912.5,7012.5,6693.75
02876,09-12-2027,16-12-2027,P002,C002,R002,S001,62,250,0.05,14725,4417.5,16197.5,15461.25
02877,09-12-2027,16-12-2027,P008,C007,R002,S007,30,4500,0.05,128250,38475,141075,134662.5
02878,10-12-2027,17-12-2027,P001,C010,R008,S005,22,1200,0,26400,7920,29040,27720
02879,10-12-2027,17-12-2027,P004,C001,R006,S001,24,4500,0.05,102600,30780,112860,107730
02880,11-12-2027,18-12-2027,P006,C001,R005,S003,34,500,0.1,15300,4590,16830,16065
02881,11-12-2027,18-12-2027,P010,C002,R005,S006,48,3200,0,153600,46080,168960,161280
02882,12-12-2027,19-12-2027,P009,C010,R003,S004,11,3200,0.05,33440,10032,36784,35112
02883,12-12-2027,19-12-2027,P004,C009,R004,S008,83,1200,0.05,94620,28386,104082,99351
02884,13-12-2027,20-12-2027,P001,C004,R008,S004,21,4500,0,94500,28350,103950,99225
02885,13-12-2027,20-12-2027,P003,C007,R002,S006,93,500,0,46500,13950,51150,48825
02886,14-12-2027,21-12-2027,P009,C007,R008,S008,73,1200,0.1,78840,23652,86724,82782
02887,14-12-2027,21-12-2027,P010,C003,R004,S002,83,500,0.15,35275,10582.5,38802.5,37038.75
02888,15-12-2027,22-12-2027,P007,C008,R009,S010,68,500,0.05,32300,9690,35530,33915
02889,15-12-2027,22-12-2027,P003,C006,R010,S010,60,500,0.15,25500,7650,28050,26775
02890,16-12-2027,23-12-2027,P007,C001,R010,S009,16,3200,0.05,48640,14592,53504,51072
02891,16-12-2027,23-12-2027,P003,C009,R008,S003,80,500,0.1,36000,10800,39600,37800
02892,17-12-2027,24-12-2027,P009,C004,R004,S001,17,4500,0,76500,22950,84150,80325
02893,17-12-2027,24-12-2027,P003,C005,R009,S008,18,250,0.1,4050,1215,4455,4252.5
02894,18-12-2027,25-12-2027,P002,C006,R001,S004,78,500,0.05,37050,11115,40755,38902.5
02895,18-12-2027,25-12-2027,P002,C001,R006,S007,12,3200,0.05,36480,10944,40128,38304
02896,19-12-2027,26-12-2027,P001,C006,R010,S001,82,1200,0.15,83640,25092,92004,87822
02897,19-12-2027,26-12-2027,P010,C007,R007,S007,58,500,0.05,27550,8265,30305,28927.5
02898,20-12-2027,27-12-2027,P005,C010,R002,S008,87,500,0.15,36975,11092.5,40672.5,38823.75
02899,20-12-2027,27-12-2027,P005,C002,R009,S007,82,1200,0.05,93480,28044,102828,98154
02900,21-12-2027,28-12-2027,P010,C001,R009,S004,56,250,0.05,13300,3990,14630,13965
02901,21-12-2027,28-12-2027,P001,C007,R009,S006,19,250,0.15,4037.5,1211.25,4441.25,4239.375
02902,22-12-2027,29-12-2027,P004,C001,R005,S006,46,3200,0.05,139840,41952,153824,146832
02903,22-12-2027,29-12-2027,P003,C010,R010,S007,93,1200,0.15,94860,28458,104346,99603
02904,23-12-2027,30-12-2027,P008,C008,R008,S002,27,1200,0.1,29160,8748,32076,30618
02905,23-12-2027,30-12-2027,P002,C008,R003,S008,12,4500,0.1,48600,14580,53460,51030
02906,24-12-2027,31-12-2027,P007,C008,R003,S003,12,500,0.1,5400,1620,5940,5670
02907,24-12-2027,31-12-2027,P002,C001,R003,S002,79,250,0.15,16787.5,5036.25,18466.25,17626.875
02908,25-12-2027,01-01-2028,P010,C003,R007,S001,38,500,0,19000,5700,20900,19950
02909,25-12-2027,01-01-2028,P010,C005,R010,S010,35,3200,0,112000,33600,123200,117600
02910,26-12-2027,02-01-2028,P006,C005,R003,S008,86,1200,0.15,87720,26316,96492,92106
02911,26-12-2027,02-01-2028,P010,C009,R009,S001,11,500,0,5500,1650,6050,5775
02912,27-12-2027,03-01-2028,P009,C001,R006,S009,57,3200,0.15,155040,46512,170544,162792
02913,27-12-2027,03-01-2028,P010,C010,R009,S002,51,4500,0,229500,68850,252450,240975
02914,28-12-2027,04-01-2028,P003,C008,R006,S009,57,250,0.1,12825,3847.5,14107.5,13466.25
02915,28-12-2027,04-01-2028,P010,C001,R008,S008,37,3200,0,118400,35520,130240,124320
02916,29-12-2027,05-01-2028,P010,C009,R009,S007,40,4500,0.05,171000,51300,188100,179550
02917,29-12-2027,05-01-2028,P009,C007,R006,S008,11,250,0,2750,825,3025,2887.5
02918,30-12-2027,06-01-2028,P009,C008,R003,S001,71,1200,0.15,72420,21726,79662,76041
02919,30-12-2027,06-01-2028,P005,C008,R002,S009,29,1200,0.15,29580,8874,32538,31059
02920,31-12-2027,07-01-2028,P006,C004,R010,S009,53,4500,0.1,214650,64395,236115,225382.5
02921,31-12-2027,07-01-2028,P009,C006,R002,S007,35,250,0,8750,2625,9625,9187.5
02922,01-01-2028,08-01-2028,P004,C004,R008,S010,27,3200,0.05,82080,24624,90288,86184
02923,01-01-2028,08-01-2028,P002,C009,R007,S010,30,4500,0.05,128250,38475,141075,134662.5
02924,02-01-2028,09-01-2028,P004,C004,R005,S003,99,500,0.15,42075,12622.5,46282.5,44178.75
02925,02-01-2028,09-01-2028,P003,C006,R009,S009,24,1200,0,28800,8640,31680,30240
02926,03-01-2028,10-01-2028,P004,C001,R007,S003,42,250,0,10500,3150,11550,11025
02927,03-01-2028,10-01-2028,P002,C005,R003,S010,92,1200,0.15,93840,28152,103224,98532
02928,04-01-2028,11-01-2028,P004,C009,R003,S002,60,250,0,15000,4500,16500,15750
02929,04-01-2028,11-01-2028,P003,C003,R006,S003,77,1200,0.15,78540,23562,86394,82467
02930,05-01-2028,12-01-2028,P003,C005,R007,S002,12,4500,0.05,51300,15390,56430,53865
02931,05-01-2028,12-01-2028,P002,C005,R008,S004,10,250,0.1,2250,675,2475,2362.5
02932,06-01-2028,13-01-2028,P010,C003,R007,S010,31,3200,0.05,94240,28272,103664,98952
02933,06-01-2028,13-01-2028,P009,C008,R004,S004,15,4500,0.1,60750,18225,66825,63787.5
02934,07-01-2028,14-01-2028,P009,C005,R005,S009,49,1200,0.15,49980,14994,54978,52479
02935,07-01-2028,14-01-2028,P004,C004,R004,S007,82,1200,0.1,88560,26568,97416,92988
02936,08-01-2028,15-01-2028,P002,C003,R007,S001,92,1200,0,110400,33120,121440,115920
02937,08-01-2028,15-01-2028,P007,C007,R006,S006,21,1200,0,25200,7560,27720,26460
02938,09-01-2028,16-01-2028,P008,C010,R003,S005,24,3200,0.1,69120,20736,76032,72576
02939,09-01-2028,16-01-2028,P007,C004,R007,S002,37,3200,0.1,106560,31968,117216,111888
02940,10-01-2028,17-01-2028,P002,C007,R009,S006,74,4500,0.1,299700,89910,329670,314685
02941,10-01-2028,17-01-2028,P010,C001,R003,S008,6,4500,0.1,24300,7290,26730,25515
02942,11-01-2028,18-01-2028,P006,C003,R002,S009,51,1200,0.1,55080,16524,60588,57834
02943,11-01-2028,18-01-2028,P003,C001,R001,S003,53,3200,0,169600,50880,186560,178080
02944,12-01-2028,19-01-2028,P006,C004,R009,S005,28,3200,0.15,76160,22848,83776,79968
02945,12-01-2028,19-01-2028,P010,C001,R005,S009,34,250,0.15,7225,2167.5,7947.5,7586.25
02946,13-01-2028,20-01-2028,P010,C001,R003,S004,5,1200,0.05,5700,1710,6270,5985
02947,13-01-2028,20-01-2028,P008,C001,R010,S002,23,1200,0.1,24840,7452,27324,26082
02948,14-01-2028,21-01-2028,P003,C002,R002,S010,91,1200,0.05,103740,31122,114114,108927
02949,14-01-2028,21-01-2028,P010,C007,R002,S004,25,3200,0.1,72000,21600,79200,75600
02950,15-01-2028,22-01-2028,P001,C005,R003,S003,20,3200,0.05,60800,18240,66880,63840
02951,15-01-2028,22-01-2028,P004,C006,R001,S003,43,3200,0.1,123840,37152,136224,130032
02952,16-01-2028,23-01-2028,P002,C004,R007,S009,24,4500,0.05,102600,30780,112860,107730
02953,16-01-2028,23-01-2028,P006,C010,R001,S005,69,250,0.05,16387.5,4916.25,18026.25,17206.875
02954,17-01-2028,24-01-2028,P004,C009,R010,S010,54,500,0.05,25650,7695,28215,26932.5
02955,17-01-2028,24-01-2028,P001,C005,R006,S010,19,500,0.15,8075,2422.5,8882.5,8478.75
02956,18-01-2028,25-01-2028,P005,C006,R001,S006,40,1200,0.1,43200,12960,47520,45360
02957,18-01-2028,25-01-2028,P003,C010,R008,S006,51,1200,0,61200,18360,67320,64260
02958,19-01-2028,26-01-2028,P008,C004,R007,S001,23,3200,0.05,69920,20976,76912,73416
02959,19-01-2028,26-01-2028,P007,C002,R008,S008,85,3200,0.15,231200,69360,254320,242760
02960,20-01-2028,27-01-2028,P002,C006,R008,S003,87,1200,0.05,99180,29754,109098,104139
02961,20-01-2028,27-01-2028,P010,C005,R002,S006,97,500,0.1,43650,13095,48015,45832.5
02962,21-01-2028,28-01-2028,P007,C008,R006,S005,46,250,0.1,10350,3105,11385,10867.5
02963,21-01-2028,28-01-2028,P009,C006,R006,S010,66,3200,0.1,190080,57024,209088,199584
02964,22-01-2028,29-01-2028,P004,C005,R002,S003,43,4500,0.15,164475,49342.5,180922.5,172698.75
02965,22-01-2028,29-01-2028,P002,C010,R007,S007,52,1200,0,62400,18720,68640,65520
02966,23-01-2028,30-01-2028,P010,C002,R009,S003,78,4500,0.15,298350,89505,328185,313267.5
02967,23-01-2028,30-01-2028,P007,C010,R009,S003,86,500,0,43000,12900,47300,45150
02968,24-01-2028,31-01-2028,P003,C003,R004,S001,51,3200,0.1,146880,44064,161568,154224
02969,24-01-2028,31-01-2028,P008,C004,R005,S005,68,1200,0,81600,24480,89760,85680
02970,25-01-2028,01-02-2028,P010,C005,R007,S002,89,3200,0.15,242080,72624,266288,254184
02971,25-01-2028,01-02-2028,P005,C005,R010,S008,20,250,0,5000,1500,5500,5250
02972,26-01-2028,02-02-2028,P007,C002,R010,S008,45,3200,0.15,122400,36720,134640,128520
02973,26-01-2028,02-02-2028,P003,C008,R009,S006,69,1200,0,82800,24840,91080,86940
02974,27-01-2028,03-02-2028,P003,C004,R007,S009,14,500,0.1,6300,1890,6930,6615
02975,27-01-2028,03-02-2028,P006,C003,R003,S003,13,4500,0,58500,17550,64350,61425
02976,28-01-2028,04-02-2028,P005,C007,R010,S003,7,4500,0.15,26775,8032.5,29452.5,28113.75
02977,28-01-2028,04-02-2028,P005,C005,R009,S001,100,250,0.1,22500,6750,24750,23625
02978,29-01-2028,05-02-2028,P008,C003,R006,S002,35,3200,0,112000,33600,123200,117600
02979,29-01-2028,05-02-2028,P002,C010,R009,S006,25,1200,0.15,25500,7650,28050,26775
02980,30-01-2028,06-02-2028,P004,C005,R002,S010,66,500,0,33000,9900,36300,34650
02981,30-01-2028,06-02-2028,P001,C009,R004,S009,58,1200,0.15,59160,17748,65076,62118
02982,31-01-2028,07-02-2028,P001,C006,R003,S009,16,250,0.1,3600,1080,3960,3780
02983,31-01-2028,07-02-2028,P003,C003,R005,S005,90,3200,0.05,273600,82080,300960,287280
02984,01-02-2028,08-02-2028,P010,C006,R008,S003,60,500,0.05,28500,8550,31350,29925
02985,01-02-2028,08-02-2028,P008,C004,R006,S010,62,4500,0.15,237150,71145,260865,249007.5
02986,02-02-2028,09-02-2028,P008,C004,R007,S009,52,4500,0.05,222300,66690,244530,233415
02987,02-02-2028,09-02-2028,P003,C004,R009,S009,25,3200,0.15,68000,20400,74800,71400
02988,03-02-2028,10-02-2028,P002,C009,R005,S002,95,3200,0.05,288800,86640,317680,303240
02989,03-02-2028,10-02-2028,P009,C003,R004,S006,78,500,0.05,37050,11115,40755,38902.5
02990,04-02-2028,11-02-2028,P001,C002,R009,S004,7,250,0.1,1575,472.5,1732.5,1653.75
02991,04-02-2028,11-02-2028,P010,C003,R009,S009,55,500,0.15,23375,7012.5,25712.5,24543.75
02992,05-02-2028,12-02-2028,P008,C003,R007,S003,68,4500,0.05,290700,87210,319770,305235
02993,05-02-2028,12-02-2028,P008,C010,R002,S010,42,500,0,21000,6300,23100,22050
02994,06-02-2028,13-02-2028,P005,C008,R002,S007,19,250,0.05,4512.5,1353.75,4963.75,4738.125
02995,06-02-2028,13-02-2028,P008,C007,R007,S006,20,4500,0.1,81000,24300,89100,85050
02996,07-02-2028,14-02-2028,P001,C001,R005,S010,48,4500,0,216000,64800,237600,226800
02997,07-02-2028,14-02-2028,P010,C006,R008,S005,16,3200,0,51200,15360,56320,53760
02998,08-02-2028,15-02-2028,P010,C008,R004,S006,66,1200,0.05,75240,22572,82764,79002
02999,08-02-2028,15-02-2028,P003,C007,R006,S002,95,3200,0.1,273600,82080,300960,287280
03000,09-02-2028,16-02-2028,P010,C004,R008,S006,35,4500,0.05,149625,44887.5,164587.5,157106.25
03001,09-02-2028,16-02-2028,P002,C010,R010,S006,95,3200,0.05,288800,86640,317680,303240
03002,10-02-2028,17-02-2028,P006,C008,R004,S010,27,1200,0,32400,9720,35640,34020
03003,10-02-2028,17-02-2028,P005,C005,R001,S002,23,500,0,11500,3450,12650,12075
03004,11-02-2028,18-02-2028,P004,C001,R002,S005,12,1200,0.1,12960,3888,14256,13608
03005,11-02-2028,18-02-2028,P008,C010,R003,S010,32,3200,0.05,97280,29184,107008,102144
03006,12-02-2028,19-02-2028,P005,C010,R002,S007,83,1200,0,99600,29880,109560,104580
03007,12-02-2028,19-02-2028,P006,C007,R005,S004,91,3200,0.05,276640,82992,304304,290472
03008,13-02-2028,20-02-2028,P006,C004,R001,S005,57,3200,0.05,173280,51984,190608,181944
03009,13-02-2028,20-02-2028,P005,C002,R010,S006,33,250,0.1,7425,2227.5,8167.5,7796.25
03010,14-02-2028,21-02-2028,P002,C007,R006,S002,38,3200,0,121600,36480,133760,127680
03011,14-02-2028,21-02-2028,P009,C007,R010,S010,31,250,0.1,6975,2092.5,7672.5,7323.75
03012,15-02-2028,22-02-2028,P006,C008,R003,S008,60,4500,0,270000,81000,297000,283500
03013,15-02-2028,22-02-2028,P010,C010,R004,S007,27,1200,0,32400,9720,35640,34020
03014,16-02-2028,23-02-2028,P007,C001,R002,S003,10,4500,0.15,38250,11475,42075,40162.5
03015,16-02-2028,23-02-2028,P007,C008,R005,S002,52,1200,0,62400,18720,68640,65520
03016,17-02-2028,24-02-2028,P003,C002,R002,S010,25,3200,0.1,72000,21600,79200,75600
03017,17-02-2028,24-02-2028,P001,C001,R008,S003,50,3200,0.15,136000,40800,149600,142800
03018,18-02-2028,25-02-2028,P003,C007,R001,S003,40,1200,0.1,43200,12960,47520,45360
03019,18-02-2028,25-02-2028,P001,C003,R008,S001,65,3200,0,208000,62400,228800,218400
03020,19-02-2028,26-02-2028,P007,C003,R004,S005,50,4500,0.1,202500,60750,222750,212625
03021,19-02-2028,26-02-2028,P005,C010,R006,S010,68,500,0.1,30600,9180,33660,32130
03022,20-02-2028,27-02-2028,P006,C003,R001,S008,78,3200,0.1,224640,67392,247104,235872
03023,20-02-2028,27-02-2028,P005,C007,R008,S010,78,500,0,39000,11700,42900,40950
03024,21-02-2028,28-02-2028,P007,C010,R009,S003,54,4500,0.05,230850,69255,253935,242392.5
03025,21-02-2028,28-02-2028,P002,C004,R008,S003,48,3200,0,153600,46080,168960,161280
03026,22-02-2028,29-02-2028,P001,C004,R001,S009,29,250,0.15,6162.5,1848.75,6778.75,6470.625
03027,22-02-2028,29-02-2028,P010,C008,R007,S007,12,250,0,3000,900,3300,3150
03028,23-02-2028,01-03-2028,P004,C005,R006,S008,80,4500,0.15,306000,91800,336600,321300
03029,23-02-2028,01-03-2028,P006,C005,R008,S002,27,3200,0.1,77760,23328,85536,81648
03030,24-02-2028,02-03-2028,P003,C004,R001,S001,88,1200,0.1,95040,28512,104544,99792
03031,24-02-2028,02-03-2028,P002,C007,R002,S006,25,3200,0,80000,24000,88000,84000
03032,25-02-2028,03-03-2028,P004,C009,R002,S002,16,4500,0.1,64800,19440,71280,68040
03033,25-02-2028,03-03-2028,P001,C009,R010,S006,15,250,0.1,3375,1012.5,3712.5,3543.75
03034,26-02-2028,04-03-2028,P004,C005,R003,S005,76,3200,0.05,231040,69312,254144,242592
03035,26-02-2028,04-03-2028,P005,C003,R005,S009,98,3200,0.05,297920,89376,327712,312816
03036,27-02-2028,05-03-2028,P002,C007,R002,S005,25,3200,0.1,72000,21600,79200,75600
03037,27-02-2028,05-03-2028,P007,C003,R005,S008,55,1200,0.1,59400,17820,65340,62370
03038,28-02-2028,06-03-2028,P010,C005,R008,S003,44,1200,0,52800,15840,58080,55440
03039,28-02-2028,06-03-2028,P003,C006,R003,S002,52,500,0,26000,7800,28600,27300
03040,29-02-2028,07-03-2028,P006,C008,R002,S009,79,250,0,19750,5925,21725,20737.5
03041,29-02-2028,07-03-2028,P007,C008,R003,S010,5,4500,0,22500,6750,24750,23625
03042,01-03-2028,08-03-2028,P008,C009,R010,S002,5,4500,0.1,20250,6075,22275,21262.5
03043,01-03-2028,08-03-2028,P005,C003,R008,S002,88,1200,0.05,100320,30096,110352,105336
03044,02-03-2028,09-03-2028,P004,C009,R003,S005,51,250,0.05,12112.5,3633.75,13323.75,12718.125
03045,02-03-2028,09-03-2028,P009,C002,R004,S002,29,500,0,14500,4350,15950,15225
03046,03-03-2028,10-03-2028,P007,C004,R009,S004,71,500,0.05,33725,10117.5,37097.5,35411.25
03047,03-03-2028,10-03-2028,P010,C010,R004,S005,56,4500,0.1,226800,68040,249480,238140
03048,04-03-2028,11-03-2028,P004,C006,R009,S008,94,250,0.05,22325,6697.5,24557.5,23441.25
03049,04-03-2028,11-03-2028,P005,C008,R005,S010,40,1200,0.05,45600,13680,50160,47880
03050,05-03-2028,12-03-2028,P005,C001,R005,S007,37,1200,0,44400,13320,48840,46620
03051,05-03-2028,12-03-2028,P009,C001,R001,S004,40,500,0.15,17000,5100,18700,17850
03052,06-03-2028,13-03-2028,P009,C005,R009,S008,82,500,0.15,34850,10455,38335,36592.5
03053,06-03-2028,13-03-2028,P001,C004,R003,S005,47,1200,0,56400,16920,62040,59220
03054,07-03-2028,14-03-2028,P006,C010,R007,S001,41,500,0.15,17425,5227.5,19167.5,18296.25
03055,07-03-2028,14-03-2028,P009,C010,R005,S008,31,500,0.05,14725,4417.5,16197.5,15461.25
03056,08-03-2028,15-03-2028,P003,C006,R004,S010,10,1200,0.15,10200,3060,11220,10710
03057,08-03-2028,15-03-2028,P008,C001,R005,S010,14,250,0.1,3150,945,3465,3307.5
03058,09-03-2028,16-03-2028,P004,C009,R006,S001,20,4500,0.05,85500,25650,94050,89775
03059,09-03-2028,16-03-2028,P006,C002,R002,S006,90,1200,0.15,91800,27540,100980,96390
03060,10-03-2028,17-03-2028,P010,C006,R006,S010,98,1200,0.05,111720,33516,122892,117306
03061,10-03-2028,17-03-2028,P005,C003,R001,S007,9,250,0.1,2025,607.5,2227.5,2126.25
03062,11-03-2028,18-03-2028,P010,C007,R009,S009,7,3200,0.05,21280,6384,23408,22344
03063,11-03-2028,18-03-2028,P010,C002,R002,S003,74,250,0.05,17575,5272.5,19332.5,18453.75
03064,12-03-2028,19-03-2028,P003,C006,R010,S003,42,4500,0.1,170100,51030,187110,178605
03065,12-03-2028,19-03-2028,P008,C003,R005,S004,28,250,0,7000,2100,7700,7350
03066,13-03-2028,20-03-2028,P007,C001,R008,S005,45,500,0,22500,6750,24750,23625
03067,13-03-2028,20-03-2028,P003,C005,R004,S008,62,4500,0,279000,83700,306900,292950
03068,14-03-2028,21-03-2028,P008,C003,R002,S008,67,500,0.15,28475,8542.5,31322.5,29898.75
03069,14-03-2028,21-03-2028,P009,C002,R005,S004,36,4500,0.05,153900,46170,169290,161595
03070,15-03-2028,22-03-2028,P006,C009,R010,S010,54,1200,0.05,61560,18468,67716,64638
03071,15-03-2028,22-03-2028,P002,C001,R010,S003,79,1200,0.05,90060,27018,99066,94563
03072,16-03-2028,23-03-2028,P008,C005,R004,S002,16,3200,0.15,43520,13056,47872,45696
03073,16-03-2028,23-03-2028,P005,C008,R002,S008,26,500,0.05,12350,3705,13585,12967.5
03074,17-03-2028,24-03-2028,P002,C007,R003,S007,32,500,0,16000,4800,17600,16800
03075,17-03-2028,24-03-2028,P009,C003,R005,S006,87,3200,0.15,236640,70992,260304,248472
03076,18-03-2028,25-03-2028,P001,C001,R003,S004,23,4500,0,103500,31050,113850,108675
03077,18-03-2028,25-03-2028,P009,C010,R003,S008,15,1200,0.15,15300,4590,16830,16065
03078,19-03-2028,26-03-2028,P003,C005,R004,S007,85,3200,0.1,244800,73440,269280,257040
03079,19-03-2028,26-03-2028,P007,C005,R006,S008,69,4500,0.05,294975,88492.5,324472.5,309723.75
03080,20-03-2028,27-03-2028,P003,C009,R003,S009,87,3200,0.05,264480,79344,290928,277704
03081,20-03-2028,27-03-2028,P008,C006,R008,S010,21,1200,0.15,21420,6426,23562,22491
03082,21-03-2028,28-03-2028,P004,C003,R001,S009,19,3200,0.1,54720,16416,60192,57456
03083,21-03-2028,28-03-2028,P002,C007,R007,S010,63,1200,0.15,64260,19278,70686,67473
03084,22-03-2028,29-03-2028,P004,C003,R005,S005,50,3200,0.15,136000,40800,149600,142800
03085,22-03-2028,29-03-2028,P006,C009,R006,S006,90,250,0.15,19125,5737.5,21037.5,20081.25
03086,23-03-2028,30-03-2028,P008,C001,R010,S001,93,3200,0.15,252960,75888,278256,265608
03087,23-03-2028,30-03-2028,P006,C004,R006,S001,65,1200,0.1,70200,21060,77220,73710
03088,24-03-2028,31-03-2028,P010,C001,R008,S003,29,250,0.05,6887.5,2066.25,7576.25,7231.875
03089,24-03-2028,31-03-2028,P002,C003,R009,S009,51,500,0.1,22950,6885,25245,24097.5
03090,25-03-2028,01-04-2028,P009,C005,R004,S001,36,500,0.05,17100,5130,18810,17955
03091,25-03-2028,01-04-2028,P003,C010,R005,S001,38,500,0,19000,5700,20900,19950
03092,26-03-2028,02-04-2028,P004,C004,R007,S007,71,1200,0,85200,25560,93720,89460
03093,26-03-2028,02-04-2028,P008,C007,R009,S006,7,500,0.15,2975,892.5,3272.5,3123.75
03094,27-03-2028,03-04-2028,P003,C001,R007,S005,24,3200,0.1,69120,20736,76032,72576
03095,27-03-2028,03-04-2028,P010,C005,R007,S002,63,250,0.05,14962.5,4488.75,16458.75,15710.625
03096,28-03-2028,04-04-2028,P006,C009,R004,S005,81,3200,0,259200,77760,285120,272160
03097,28-03-2028,04-04-2028,P001,C006,R009,S001,33,3200,0.05,100320,30096,110352,105336
03098,29-03-2028,05-04-2028,P003,C005,R007,S010,56,500,0.1,25200,7560,27720,26460
03099,29-03-2028,05-04-2028,P008,C002,R004,S004,26,500,0.05,12350,3705,13585,12967.5
03100,30-03-2028,06-04-2028,P003,C007,R005,S008,21,1200,0.05,23940,7182,26334,25137
03101,30-03-2028,06-04-2028,P004,C009,R009,S009,36,500,0,18000,5400,19800,18900
03102,31-03-2028,07-04-2028,P005,C010,R007,S009,31,250,0.1,6975,2092.5,7672.5,7323.75
03103,31-03-2028,07-04-2028,P005,C003,R010,S001,42,4500,0.1,170100,51030,187110,178605
03104,01-04-2028,08-04-2028,P007,C008,R009,S002,22,3200,0,70400,21120,77440,73920
03105,01-04-2028,08-04-2028,P001,C005,R006,S004,43,1200,0,51600,15480,56760,54180
03106,02-04-2028,09-04-2028,P002,C002,R002,S009,19,500,0.1,8550,2565,9405,8977.5
03107,02-04-2028,09-04-2028,P008,C008,R006,S003,19,3200,0.15,51680,15504,56848,54264
03108,03-04-2028,10-04-2028,P009,C004,R009,S009,5,500,0.1,2250,675,2475,2362.5
03109,03-04-2028,10-04-2028,P005,C007,R008,S010,66,4500,0.1,267300,80190,294030,280665
03110,04-04-2028,11-04-2028,P008,C004,R009,S008,94,500,0.15,39950,11985,43945,41947.5
03111,04-04-2028,11-04-2028,P002,C003,R001,S005,39,4500,0.1,157950,47385,173745,165847.5
03112,05-04-2028,12-04-2028,P003,C005,R009,S002,62,500,0.1,27900,8370,30690,29295
03113,05-04-2028,12-04-2028,P008,C006,R009,S006,16,3200,0.15,43520,13056,47872,45696
03114,06-04-2028,13-04-2028,P005,C004,R009,S005,69,250,0.15,14662.5,4398.75,16128.75,15395.625
03115,06-04-2028,13-04-2028,P010,C010,R002,S007,71,1200,0.15,72420,21726,79662,76041
03116,07-04-2028,14-04-2028,P003,C004,R008,S005,78,4500,0.15,298350,89505,328185,313267.5
03117,07-04-2028,14-04-2028,P003,C009,R004,S006,92,500,0.05,43700,13110,48070,45885
03118,08-04-2028,15-04-2028,P007,C003,R001,S008,52,500,0.1,23400,7020,25740,24570
03119,08-04-2028,15-04-2028,P010,C009,R006,S010,81,250,0.1,18225,5467.5,20047.5,19136.25
03120,09-04-2028,16-04-2028,P006,C003,R003,S010,55,250,0.15,11687.5,3506.25,12856.25,12271.875
03121,09-04-2028,16-04-2028,P006,C001,R004,S005,39,250,0.05,9262.5,2778.75,10188.75,9725.625
03122,10-04-2028,17-04-2028,P005,C009,R005,S004,71,250,0.1,15975,4792.5,17572.5,16773.75
03123,10-04-2028,17-04-2028,P006,C007,R010,S001,25,3200,0.05,76000,22800,83600,79800
03124,11-04-2028,18-04-2028,P005,C003,R006,S010,87,250,0.05,20662.5,6198.75,22728.75,21695.625
03125,11-04-2028,18-04-2028,P003,C010,R007,S007,65,1200,0.1,70200,21060,77220,73710
03126,12-04-2028,19-04-2028,P010,C006,R003,S006,48,4500,0,216000,64800,237600,226800
03127,12-04-2028,19-04-2028,P004,C007,R007,S010,48,4500,0.05,205200,61560,225720,215460
03128,13-04-2028,20-04-2028,P003,C009,R010,S007,8,1200,0,9600,2880,10560,10080
03129,13-04-2028,20-04-2028,P005,C004,R001,S005,34,1200,0,40800,12240,44880,42840
03130,14-04-2028,21-04-2028,P006,C008,R008,S005,55,4500,0,247500,74250,272250,259875
03131,14-04-2028,21-04-2028,P005,C010,R004,S004,69,3200,0.05,209760,62928,230736,220248
03132,15-04-2028,22-04-2028,P002,C004,R003,S007,30,1200,0.1,32400,9720,35640,34020
03133,15-04-2028,22-04-2028,P004,C007,R002,S007,18,1200,0.1,19440,5832,21384,20412
03134,16-04-2028,23-04-2028,P003,C008,R004,S009,85,250,0,21250,6375,23375,22312.5
03135,16-04-2028,23-04-2028,P008,C004,R003,S009,23,1200,0.05,26220,7866,28842,27531
03136,17-04-2028,24-04-2028,P009,C005,R009,S009,33,250,0.15,7012.5,2103.75,7713.75,7363.125
03137,17-04-2028,24-04-2028,P003,C002,R010,S006,52,250,0.15,11050,3315,12155,11602.5
03138,18-04-2028,25-04-2028,P006,C002,R008,S001,89,250,0.1,20025,6007.5,22027.5,21026.25
03139,18-04-2028,25-04-2028,P006,C009,R007,S005,78,3200,0,249600,74880,274560,262080
03140,19-04-2028,26-04-2028,P003,C002,R001,S005,70,250,0,17500,5250,19250,18375
03141,19-04-2028,26-04-2028,P003,C010,R003,S008,49,1200,0,58800,17640,64680,61740
03142,20-04-2028,27-04-2028,P002,C005,R009,S007,29,250,0.15,6162.5,1848.75,6778.75,6470.625
03143,20-04-2028,27-04-2028,P007,C002,R001,S004,22,250,0.05,5225,1567.5,5747.5,5486.25
03144,21-04-2028,28-04-2028,P001,C010,R003,S009,88,3200,0.15,239360,71808,263296,251328
03145,21-04-2028,28-04-2028,P008,C005,R010,S003,47,4500,0,211500,63450,232650,222075
03146,22-04-2028,29-04-2028,P001,C007,R009,S002,6,3200,0,19200,5760,21120,20160
03147,22-04-2028,29-04-2028,P007,C003,R003,S001,80,250,0.1,18000,5400,19800,18900
03148,23-04-2028,30-04-2028,P002,C006,R005,S002,56,4500,0,252000,75600,277200,264600
03149,23-04-2028,30-04-2028,P007,C008,R004,S005,63,4500,0,283500,85050,311850,297675
03150,24-04-2028,01-05-2028,P006,C002,R003,S008,91,250,0.1,20475,6142.5,22522.5,21498.75
03151,24-04-2028,01-05-2028,P003,C002,R002,S009,51,4500,0.15,195075,58522.5,214582.5,204828.75
03152,25-04-2028,02-05-2028,P005,C008,R007,S008,96,3200,0.05,291840,87552,321024,306432
03153,25-04-2028,02-05-2028,P008,C007,R007,S003,26,1200,0.15,26520,7956,29172,27846
03154,26-04-2028,03-05-2028,P009,C005,R007,S009,38,1200,0.1,41040,12312,45144,43092
03155,26-04-2028,03-05-2028,P010,C005,R008,S001,28,4500,0,126000,37800,138600,132300
03156,27-04-2028,04-05-2028,P007,C002,R003,S004,88,4500,0.05,376200,112860,413820,395010
03157,27-04-2028,04-05-2028,P001,C007,R007,S002,75,500,0.05,35625,10687.5,39187.5,37406.25
03158,28-04-2028,05-05-2028,P009,C003,R003,S001,26,1200,0.1,28080,8424,30888,29484
03159,28-04-2028,05-05-2028,P009,C006,R010,S009,26,250,0,6500,1950,7150,6825
03160,29-04-2028,06-05-2028,P004,C008,R003,S009,96,1200,0,115200,34560,126720,120960
03161,29-04-2028,06-05-2028,P003,C007,R010,S001,92,250,0,23000,6900,25300,24150
03162,30-04-2028,07-05-2028,P007,C006,R008,S001,5,1200,0.15,5100,1530,5610,5355
03163,30-04-2028,07-05-2028,P009,C006,R008,S010,6,1200,0,7200,2160,7920,7560
03164,01-05-2028,08-05-2028,P010,C008,R010,S003,78,250,0.15,16575,4972.5,18232.5,17403.75
03165,01-05-2028,08-05-2028,P008,C001,R003,S003,42,4500,0.05,179550,53865,197505,188527.5
03166,02-05-2028,09-05-2028,P001,C006,R008,S005,71,1200,0,85200,25560,93720,89460
03167,02-05-2028,09-05-2028,P006,C004,R007,S009,94,3200,0.05,285760,85728,314336,300048
03168,03-05-2028,10-05-2028,P005,C009,R009,S008,83,1200,0.1,89640,26892,98604,94122
03169,03-05-2028,10-05-2028,P003,C010,R006,S009,91,1200,0.05,103740,31122,114114,108927
03170,04-05-2028,11-05-2028,P005,C003,R003,S003,30,4500,0.05,128250,38475,141075,134662.5
03171,04-05-2028,11-05-2028,P007,C001,R001,S004,33,500,0,16500,4950,18150,17325
03172,05-05-2028,12-05-2028,P008,C007,R002,S003,80,250,0.1,18000,5400,19800,18900
03173,05-05-2028,12-05-2028,P006,C007,R009,S009,85,4500,0,382500,114750,420750,401625
03174,06-05-2028,13-05-2028,P010,C008,R010,S001,93,1200,0.1,100440,30132,110484,105462
03175,06-05-2028,13-05-2028,P001,C003,R007,S003,77,4500,0.15,294525,88357.5,323977.5,309251.25
03176,07-05-2028,14-05-2028,P010,C006,R001,S009,95,1200,0.05,108300,32490,119130,113715
03177,07-05-2028,14-05-2028,P010,C003,R006,S008,30,4500,0.05,128250,38475,141075,134662.5
03178,08-05-2028,15-05-2028,P001,C010,R008,S001,92,250,0.15,19550,5865,21505,20527.5
03179,08-05-2028,15-05-2028,P007,C001,R010,S007,59,1200,0,70800,21240,77880,74340
03180,09-05-2028,16-05-2028,P003,C008,R007,S004,83,3200,0.05,252320,75696,277552,264936
03181,09-05-2028,16-05-2028,P008,C002,R004,S006,88,4500,0,396000,118800,435600,415800
03182,10-05-2028,17-05-2028,P006,C001,R009,S010,35,1200,0.15,35700,10710,39270,37485
03183,10-05-2028,17-05-2028,P006,C007,R005,S007,94,4500,0,423000,126900,465300,444150
03184,11-05-2028,18-05-2028,P006,C007,R002,S007,73,1200,0.15,74460,22338,81906,78183
03185,11-05-2028,18-05-2028,P007,C006,R008,S003,16,500,0.1,7200,2160,7920,7560
03186,12-05-2028,19-05-2028,P008,C008,R007,S001,63,4500,0.1,255150,76545,280665,267907.5
03187,12-05-2028,19-05-2028,P003,C007,R009,S007,21,250,0,5250,1575,5775,5512.5
03188,13-05-2028,20-05-2028,P003,C002,R006,S005,68,4500,0.05,290700,87210,319770,305235
03189,13-05-2028,20-05-2028,P005,C003,R006,S005,68,4500,0.15,260100,78030,286110,273105
03190,14-05-2028,21-05-2028,P010,C005,R001,S001,45,4500,0.15,172125,51637.5,189337.5,180731.25
03191,14-05-2028,21-05-2028,P008,C006,R005,S006,94,500,0.05,44650,13395,49115,46882.5
03192,15-05-2028,22-05-2028,P005,C007,R001,S001,37,500,0,18500,5550,20350,19425
03193,15-05-2028,22-05-2028,P010,C006,R006,S002,70,1200,0.1,75600,22680,83160,79380
03194,16-05-2028,23-05-2028,P007,C009,R004,S009,20,500,0,10000,3000,11000,10500
03195,16-05-2028,23-05-2028,P002,C008,R008,S006,55,4500,0.1,222750,66825,245025,233887.5
03196,17-05-2028,24-05-2028,P010,C006,R009,S005,20,1200,0.05,22800,6840,25080,23940
03197,17-05-2028,24-05-2028,P001,C003,R008,S005,35,3200,0.1,100800,30240,110880,105840
03198,18-05-2028,25-05-2028,P003,C003,R007,S003,36,250,0.15,7650,2295,8415,8032.5
03199,18-05-2028,25-05-2028,P002,C007,R004,S007,36,1200,0,43200,12960,47520,45360
03200,19-05-2028,26-05-2028,P007,C008,R006,S009,40,4500,0.1,162000,48600,178200,170100
03201,19-05-2028,26-05-2028,P006,C004,R010,S007,53,250,0.05,12587.5,3776.25,13846.25,13216.875
03202,20-05-2028,27-05-2028,P007,C001,R004,S004,14,1200,0,16800,5040,18480,17640
03203,20-05-2028,27-05-2028,P008,C002,R006,S003,67,250,0,16750,5025,18425,17587.5
03204,21-05-2028,28-05-2028,P004,C006,R003,S007,34,4500,0.1,137700,41310,151470,144585
03205,21-05-2028,28-05-2028,P009,C004,R005,S009,95,4500,0.15,363375,109012.5,399712.5,381543.75
03206,22-05-2028,29-05-2028,P007,C008,R007,S006,37,1200,0.15,37740,11322,41514,39627
03207,22-05-2028,29-05-2028,P003,C009,R003,S005,83,3200,0.1,239040,71712,262944,250992
03208,23-05-2028,30-05-2028,P008,C010,R001,S006,81,3200,0.05,246240,73872,270864,258552
03209,23-05-2028,30-05-2028,P004,C008,R002,S008,38,1200,0,45600,13680,50160,47880
03210,24-05-2028,31-05-2028,P002,C007,R006,S006,72,1200,0.15,73440,22032,80784,77112
03211,24-05-2028,31-05-2028,P010,C003,R008,S005,99,4500,0,445500,133650,490050,467775
03212,25-05-2028,01-06-2028,P007,C009,R010,S008,79,3200,0.1,227520,68256,250272,238896
03213,25-05-2028,01-06-2028,P001,C007,R010,S004,66,3200,0.1,190080,57024,209088,199584
03214,26-05-2028,02-06-2028,P004,C003,R009,S006,26,500,0.1,11700,3510,12870,12285
03215,26-05-2028,02-06-2028,P008,C009,R008,S001,65,4500,0.05,277875,83362.5,305662.5,291768.75
03216,27-05-2028,03-06-2028,P003,C001,R009,S005,61,3200,0.15,165920,49776,182512,174216
03217,27-05-2028,03-06-2028,P005,C009,R009,S005,13,250,0.05,3087.5,926.25,3396.25,3241.875
03218,28-05-2028,04-06-2028,P003,C004,R004,S008,45,250,0,11250,3375,12375,11812.5
03219,28-05-2028,04-06-2028,P002,C010,R010,S006,41,500,0.1,18450,5535,20295,19372.5
03220,29-05-2028,05-06-2028,P006,C010,R002,S008,60,4500,0.15,229500,68850,252450,240975
03221,29-05-2028,05-06-2028,P009,C009,R008,S006,13,1200,0.05,14820,4446,16302,15561
03222,30-05-2028,06-06-2028,P007,C010,R008,S007,12,4500,0.1,48600,14580,53460,51030
03223,30-05-2028,06-06-2028,P010,C002,R009,S009,66,1200,0,79200,23760,87120,83160
03224,31-05-2028,07-06-2028,P004,C008,R002,S010,40,4500,0.1,162000,48600,178200,170100
03225,31-05-2028,07-06-2028,P006,C007,R001,S002,34,500,0,17000,5100,18700,17850
03226,01-06-2028,08-06-2028,P001,C006,R010,S009,6,500,0.1,2700,810,2970,2835
03227,01-06-2028,08-06-2028,P009,C005,R002,S008,46,500,0.05,21850,6555,24035,22942.5
03228,02-06-2028,09-06-2028,P010,C007,R002,S006,94,1200,0.15,95880,28764,105468,100674
03229,02-06-2028,09-06-2028,P007,C002,R005,S003,23,4500,0,103500,31050,113850,108675
03230,03-06-2028,10-06-2028,P001,C008,R005,S007,94,1200,0.05,107160,32148,117876,112518
03231,03-06-2028,10-06-2028,P010,C004,R004,S007,23,4500,0.15,87975,26392.5,96772.5,92373.75
03232,04-06-2028,11-06-2028,P004,C007,R010,S007,88,4500,0.15,336600,100980,370260,353430
03233,04-06-2028,11-06-2028,P008,C004,R004,S010,20,250,0,5000,1500,5500,5250
03234,05-06-2028,12-06-2028,P004,C006,R005,S003,29,1200,0.1,31320,9396,34452,32886
03235,05-06-2028,12-06-2028,P004,C008,R002,S010,8,500,0,4000,1200,4400,4200
03236,06-06-2028,13-06-2028,P008,C006,R006,S003,70,500,0.1,31500,9450,34650,33075
03237,06-06-2028,13-06-2028,P005,C006,R010,S006,34,3200,0.05,103360,31008,113696,108528
03238,07-06-2028,14-06-2028,P005,C003,R002,S009,34,3200,0,108800,32640,119680,114240
03239,07-06-2028,14-06-2028,P004,C002,R008,S003,63,500,0.05,29925,8977.5,32917.5,31421.25
03240,08-06-2028,15-06-2028,P008,C002,R010,S007,60,250,0.05,14250,4275,15675,14962.5
03241,08-06-2028,15-06-2028,P005,C002,R005,S001,33,3200,0.05,100320,30096,110352,105336
03242,09-06-2028,16-06-2028,P005,C002,R004,S010,14,250,0,3500,1050,3850,3675
03243,09-06-2028,16-06-2028,P004,C002,R001,S010,19,250,0.1,4275,1282.5,4702.5,4488.75
03244,10-06-2028,17-06-2028,P004,C008,R007,S004,76,1200,0.1,82080,24624,90288,86184
03245,10-06-2028,17-06-2028,P003,C010,R006,S010,28,4500,0.15,107100,32130,117810,112455
03246,11-06-2028,18-06-2028,P008,C003,R003,S006,47,500,0.15,19975,5992.5,21972.5,20973.75
03247,11-06-2028,18-06-2028,P007,C010,R001,S004,56,500,0.05,26600,7980,29260,27930
03248,12-06-2028,19-06-2028,P002,C002,R008,S009,52,1200,0.15,53040,15912,58344,55692
03249,12-06-2028,19-06-2028,P010,C005,R009,S005,14,4500,0.1,56700,17010,62370,59535
03250,13-06-2028,20-06-2028,P008,C004,R001,S004,80,500,0,40000,12000,44000,42000
03251,13-06-2028,20-06-2028,P002,C009,R008,S005,47,1200,0.1,50760,15228,55836,53298
03252,14-06-2028,21-06-2028,P003,C010,R003,S006,27,1200,0.1,29160,8748,32076,30618
03253,14-06-2028,21-06-2028,P010,C006,R005,S003,91,3200,0.05,276640,82992,304304,290472
03254,15-06-2028,22-06-2028,P007,C006,R010,S006,97,3200,0.05,294880,88464,324368,309624
03255,15-06-2028,22-06-2028,P006,C006,R010,S008,28,250,0.05,6650,1995,7315,6982.5
03256,16-06-2028,23-06-2028,P001,C008,R009,S003,56,3200,0.15,152320,45696,167552,159936
03257,16-06-2028,23-06-2028,P008,C009,R002,S001,58,250,0,14500,4350,15950,15225
03258,17-06-2028,24-06-2028,P008,C008,R002,S008,24,3200,0.1,69120,20736,76032,72576
03259,17-06-2028,24-06-2028,P001,C009,R010,S004,11,500,0.15,4675,1402.5,5142.5,4908.75
03260,18-06-2028,25-06-2028,P003,C003,R010,S004,88,500,0,44000,13200,48400,46200
03261,18-06-2028,25-06-2028,P003,C008,R002,S005,20,250,0.05,4750,1425,5225,4987.5
03262,19-06-2028,26-06-2028,P008,C003,R008,S001,38,4500,0.15,145350,43605,159885,152617.5
03263,19-06-2028,26-06-2028,P005,C008,R004,S010,35,500,0,17500,5250,19250,18375
03264,20-06-2028,27-06-2028,P005,C008,R007,S006,85,1200,0,102000,30600,112200,107100
03265,20-06-2028,27-06-2028,P005,C005,R001,S002,48,1200,0.05,54720,16416,60192,57456
03266,21-06-2028,28-06-2028,P008,C001,R007,S005,26,4500,0.05,111150,33345,122265,116707.5
03267,21-06-2028,28-06-2028,P003,C001,R006,S009,57,4500,0,256500,76950,282150,269325
03268,22-06-2028,29-06-2028,P006,C009,R005,S006,41,3200,0.05,124640,37392,137104,130872
03269,22-06-2028,29-06-2028,P009,C003,R002,S006,7,500,0,3500,1050,3850,3675
03270,23-06-2028,30-06-2028,P007,C003,R007,S010,98,3200,0.1,282240,84672,310464,296352
03271,23-06-2028,30-06-2028,P009,C004,R010,S003,69,3200,0,220800,66240,242880,231840
03272,24-06-2028,01-07-2028,P007,C004,R002,S003,14,1200,0.15,14280,4284,15708,14994
03273,24-06-2028,01-07-2028,P001,C003,R008,S007,76,4500,0,342000,102600,376200,359100
03274,25-06-2028,02-07-2028,P005,C001,R003,S005,71,250,0.1,15975,4792.5,17572.5,16773.75
03275,25-06-2028,02-07-2028,P002,C002,R010,S009,21,4500,0,94500,28350,103950,99225
03276,26-06-2028,03-07-2028,P008,C001,R009,S004,89,1200,0.15,90780,27234,99858,95319
03277,26-06-2028,03-07-2028,P005,C001,R002,S002,61,4500,0.15,233325,69997.5,256657.5,244991.25
03278,27-06-2028,04-07-2028,P008,C009,R007,S002,42,500,0.05,19950,5985,21945,20947.5
03279,27-06-2028,04-07-2028,P010,C002,R004,S009,64,4500,0.15,244800,73440,269280,257040
03280,28-06-2028,05-07-2028,P006,C004,R006,S001,22,1200,0.1,23760,7128,26136,24948
03281,28-06-2028,05-07-2028,P009,C008,R003,S005,6,500,0.15,2550,765,2805,2677.5
03282,29-06-2028,06-07-2028,P004,C003,R001,S005,93,3200,0.15,252960,75888,278256,265608
03283,29-06-2028,06-07-2028,P009,C002,R004,S005,56,500,0.1,25200,7560,27720,26460
03284,30-06-2028,07-07-2028,P007,C006,R007,S004,43,250,0.05,10212.5,3063.75,11233.75,10723.125
03285,30-06-2028,07-07-2028,P010,C003,R006,S004,82,250,0.05,19475,5842.5,21422.5,20448.75
03286,01-07-2028,08-07-2028,P004,C008,R010,S010,58,250,0,14500,4350,15950,15225
03287,01-07-2028,08-07-2028,P005,C008,R005,S007,71,3200,0.05,215840,64752,237424,226632
03288,02-07-2028,09-07-2028,P002,C008,R001,S008,35,1200,0.1,37800,11340,41580,39690
03289,02-07-2028,09-07-2028,P004,C002,R005,S001,39,250,0.1,8775,2632.5,9652.5,9213.75
03290,03-07-2028,10-07-2028,P009,C010,R010,S005,78,3200,0.1,224640,67392,247104,235872
03291,03-07-2028,10-07-2028,P006,C009,R010,S003,36,4500,0.1,145800,43740,160380,153090
03292,04-07-2028,11-07-2028,P001,C003,R010,S004,46,3200,0.15,125120,37536,137632,131376
03293,04-07-2028,11-07-2028,P003,C002,R004,S007,97,3200,0.05,294880,88464,324368,309624
03294,05-07-2028,12-07-2028,P003,C005,R001,S001,50,500,0.05,23750,7125,26125,24937.5
03295,05-07-2028,12-07-2028,P007,C006,R008,S006,11,250,0.15,2337.5,701.25,2571.25,2454.375
03296,06-07-2028,13-07-2028,P007,C008,R010,S008,76,4500,0.1,307800,92340,338580,323190
03297,06-07-2028,13-07-2028,P003,C003,R004,S006,87,500,0,43500,13050,47850,45675
03298,07-07-2028,14-07-2028,P010,C002,R009,S005,49,1200,0,58800,17640,64680,61740
03299,07-07-2028,14-07-2028,P006,C009,R002,S004,19,3200,0.15,51680,15504,56848,54264
03300,08-07-2028,15-07-2028,P003,C010,R005,S005,30,3200,0.1,86400,25920,95040,90720
03301,08-07-2028,15-07-2028,P008,C008,R006,S002,95,3200,0.15,258400,77520,284240,271320
03302,09-07-2028,16-07-2028,P002,C003,R008,S010,15,3200,0.1,43200,12960,47520,45360
03303,09-07-2028,16-07-2028,P006,C009,R004,S006,43,1200,0.15,43860,13158,48246,46053
03304,10-07-2028,17-07-2028,P001,C007,R010,S004,90,3200,0.15,244800,73440,269280,257040
03305,10-07-2028,17-07-2028,P003,C004,R010,S007,76,500,0,38000,11400,41800,39900
03306,11-07-2028,18-07-2028,P006,C010,R005,S010,74,4500,0,333000,99900,366300,349650
03307,11-07-2028,18-07-2028,P002,C005,R001,S010,54,3200,0.05,164160,49248,180576,172368
03308,12-07-2028,19-07-2028,P005,C004,R004,S008,60,1200,0.05,68400,20520,75240,71820
03309,12-07-2028,19-07-2028,P007,C002,R003,S008,57,1200,0.1,61560,18468,67716,64638
03310,13-07-2028,20-07-2028,P008,C006,R010,S009,6,1200,0.05,6840,2052,7524,7182
03311,13-07-2028,20-07-2028,P003,C006,R010,S005,67,4500,0.1,271350,81405,298485,284917.5
03312,14-07-2028,21-07-2028,P002,C007,R005,S010,100,4500,0.1,405000,121500,445500,425250
03313,14-07-2028,21-07-2028,P009,C002,R001,S006,59,3200,0.15,160480,48144,176528,168504
03314,15-07-2028,22-07-2028,P003,C006,R002,S005,48,4500,0.05,205200,61560,225720,215460
03315,15-07-2028,22-07-2028,P008,C007,R001,S007,80,3200,0.1,230400,69120,253440,241920
03316,16-07-2028,23-07-2028,P009,C009,R005,S009,69,4500,0.05,294975,88492.5,324472.5,309723.75
03317,16-07-2028,23-07-2028,P002,C002,R006,S008,94,3200,0.15,255680,76704,281248,268464
03318,17-07-2028,24-07-2028,P004,C005,R002,S001,100,500,0.1,45000,13500,49500,47250
03319,17-07-2028,24-07-2028,P003,C002,R007,S007,9,1200,0,10800,3240,11880,11340
03320,18-07-2028,25-07-2028,P006,C003,R007,S002,93,3200,0.15,252960,75888,278256,265608
03321,18-07-2028,25-07-2028,P007,C002,R003,S001,20,250,0.05,4750,1425,5225,4987.5
03322,19-07-2028,26-07-2028,P007,C007,R007,S008,82,4500,0.05,350550,105165,385605,368077.5
03323,19-07-2028,26-07-2028,P006,C006,R003,S010,29,500,0.1,13050,3915,14355,13702.5
03324,20-07-2028,27-07-2028,P005,C005,R001,S007,69,3200,0.1,198720,59616,218592,208656
03325,20-07-2028,27-07-2028,P005,C010,R003,S006,70,4500,0,315000,94500,346500,330750
03326,21-07-2028,28-07-2028,P002,C005,R001,S003,17,4500,0.05,72675,21802.5,79942.5,76308.75
03327,21-07-2028,28-07-2028,P006,C004,R002,S003,64,250,0.05,15200,4560,16720,15960
03328,22-07-2028,29-07-2028,P009,C008,R010,S010,5,1200,0.15,5100,1530,5610,5355
03329,22-07-2028,29-07-2028,P003,C004,R004,S004,27,3200,0.05,82080,24624,90288,86184
03330,23-07-2028,30-07-2028,P001,C007,R005,S002,18,250,0.15,3825,1147.5,4207.5,4016.25
03331,23-07-2028,30-07-2028,P001,C004,R004,S001,33,4500,0.1,133650,40095,147015,140332.5
03332,24-07-2028,31-07-2028,P010,C002,R003,S004,13,500,0.1,5850,1755,6435,6142.5
03333,24-07-2028,31-07-2028,P008,C003,R002,S005,96,500,0.15,40800,12240,44880,42840
03334,25-07-2028,01-08-2028,P008,C008,R004,S010,45,1200,0.1,48600,14580,53460,51030
03335,25-07-2028,01-08-2028,P010,C005,R010,S005,72,500,0.15,30600,9180,33660,32130
03336,26-07-2028,02-08-2028,P006,C003,R006,S003,53,250,0.05,12587.5,3776.25,13846.25,13216.875
03337,26-07-2028,02-08-2028,P001,C003,R006,S007,64,3200,0.15,174080,52224,191488,182784
03338,27-07-2028,03-08-2028,P006,C003,R002,S006,14,4500,0.05,59850,17955,65835,62842.5
03339,27-07-2028,03-08-2028,P010,C009,R004,S007,84,500,0.15,35700,10710,39270,37485
03340,28-07-2028,04-08-2028,P008,C004,R003,S009,99,4500,0.05,423225,126967.5,465547.5,444386.25
03341,28-07-2028,04-08-2028,P007,C003,R007,S003,55,4500,0,247500,74250,272250,259875
03342,29-07-2028,05-08-2028,P008,C007,R007,S001,82,3200,0.1,236160,70848,259776,247968
03343,29-07-2028,05-08-2028,P004,C006,R005,S007,54,3200,0,172800,51840,190080,181440
03344,30-07-2028,06-08-2028,P006,C004,R001,S006,93,3200,0,297600,89280,327360,312480
03345,30-07-2028,06-08-2028,P010,C010,R010,S002,59,1200,0.15,60180,18054,66198,63189
03346,31-07-2028,07-08-2028,P002,C007,R006,S008,57,4500,0.15,218025,65407.5,239827.5,228926.25
03347,31-07-2028,07-08-2028,P006,C001,R001,S010,25,3200,0.15,68000,20400,74800,71400
03348,01-08-2028,08-08-2028,P003,C002,R006,S008,82,1200,0.1,88560,26568,97416,92988
03349,01-08-2028,08-08-2028,P002,C002,R006,S004,97,3200,0.05,294880,88464,324368,309624
03350,02-08-2028,09-08-2028,P002,C010,R006,S003,52,4500,0.15,198900,59670,218790,208845
03351,02-08-2028,09-08-2028,P005,C003,R008,S010,54,1200,0.1,58320,17496,64152,61236
03352,03-08-2028,10-08-2028,P004,C004,R010,S001,90,500,0.05,42750,12825,47025,44887.5
03353,03-08-2028,10-08-2028,P009,C005,R001,S010,52,3200,0.05,158080,47424,173888,165984
03354,04-08-2028,11-08-2028,P007,C010,R005,S010,84,500,0.05,39900,11970,43890,41895
03355,04-08-2028,11-08-2028,P007,C009,R006,S002,8,1200,0,9600,2880,10560,10080
03356,05-08-2028,12-08-2028,P005,C005,R005,S005,48,3200,0,153600,46080,168960,161280
03357,05-08-2028,12-08-2028,P005,C001,R008,S003,36,500,0.15,15300,4590,16830,16065
03358,06-08-2028,13-08-2028,P005,C001,R010,S009,93,500,0.15,39525,11857.5,43477.5,41501.25
03359,06-08-2028,13-08-2028,P004,C010,R010,S002,56,250,0.1,12600,3780,13860,13230
03360,07-08-2028,14-08-2028,P007,C006,R001,S003,19,4500,0.15,72675,21802.5,79942.5,76308.75
03361,07-08-2028,14-08-2028,P001,C004,R002,S010,88,4500,0.15,336600,100980,370260,353430
03362,08-08-2028,15-08-2028,P008,C009,R001,S004,49,3200,0.15,133280,39984,146608,139944
03363,08-08-2028,15-08-2028,P005,C008,R007,S002,17,4500,0.05,72675,21802.5,79942.5,76308.75
03364,09-08-2028,16-08-2028,P007,C007,R005,S010,21,3200,0.1,60480,18144,66528,63504
03365,09-08-2028,16-08-2028,P008,C009,R004,S001,18,250,0.15,3825,1147.5,4207.5,4016.25
03366,10-08-2028,17-08-2028,P002,C004,R005,S006,14,500,0,7000,2100,7700,7350
03367,10-08-2028,17-08-2028,P001,C005,R001,S001,43,250,0.1,9675,2902.5,10642.5,10158.75
03368,11-08-2028,18-08-2028,P007,C005,R003,S003,41,500,0.15,17425,5227.5,19167.5,18296.25
03369,11-08-2028,18-08-2028,P004,C002,R009,S004,32,3200,0.1,92160,27648,101376,96768
03370,12-08-2028,19-08-2028,P005,C006,R002,S001,57,1200,0,68400,20520,75240,71820
03371,12-08-2028,19-08-2028,P008,C001,R004,S001,80,500,0.1,36000,10800,39600,37800
03372,13-08-2028,20-08-2028,P004,C010,R009,S008,7,3200,0.05,21280,6384,23408,22344
03373,13-08-2028,20-08-2028,P004,C005,R009,S010,67,1200,0,80400,24120,88440,84420
03374,14-08-2028,21-08-2028,P005,C010,R004,S009,25,500,0.05,11875,3562.5,13062.5,12468.75
03375,14-08-2028,21-08-2028,P002,C008,R001,S001,17,500,0,8500,2550,9350,8925
03376,15-08-2028,22-08-2028,P003,C007,R001,S003,59,500,0,29500,8850,32450,30975
03377,15-08-2028,22-08-2028,P005,C010,R009,S005,78,250,0.05,18525,5557.5,20377.5,19451.25
03378,16-08-2028,23-08-2028,P006,C006,R001,S003,73,1200,0,87600,26280,96360,91980
03379,16-08-2028,23-08-2028,P010,C002,R001,S003,30,500,0,15000,4500,16500,15750
03380,17-08-2028,24-08-2028,P003,C003,R002,S005,12,250,0.15,2550,765,2805,2677.5
03381,17-08-2028,24-08-2028,P008,C004,R008,S009,75,500,0.15,31875,9562.5,35062.5,33468.75
03382,18-08-2028,25-08-2028,P008,C005,R009,S008,97,1200,0.15,98940,29682,108834,103887
03383,18-08-2028,25-08-2028,P004,C005,R004,S008,74,4500,0.1,299700,89910,329670,314685
03384,19-08-2028,26-08-2028,P005,C009,R006,S006,50,250,0.15,10625,3187.5,11687.5,11156.25
03385,19-08-2028,26-08-2028,P005,C004,R010,S001,40,250,0.05,9500,2850,10450,9975
03386,20-08-2028,27-08-2028,P010,C009,R008,S001,40,250,0.05,9500,2850,10450,9975
03387,20-08-2028,27-08-2028,P010,C003,R005,S010,76,3200,0.15,206720,62016,227392,217056
03388,21-08-2028,28-08-2028,P002,C001,R007,S008,38,250,0.1,8550,2565,9405,8977.5
03389,21-08-2028,28-08-2028,P002,C010,R003,S008,60,500,0,30000,9000,33000,31500
03390,22-08-2028,29-08-2028,P004,C005,R008,S006,62,3200,0.1,178560,53568,196416,187488
03391,22-08-2028,29-08-2028,P010,C007,R003,S010,78,4500,0.05,333450,100035,366795,350122.5
03392,23-08-2028,30-08-2028,P002,C002,R001,S001,90,500,0.15,38250,11475,42075,40162.5
03393,23-08-2028,30-08-2028,P003,C010,R004,S003,33,500,0.1,14850,4455,16335,15592.5
03394,24-08-2028,31-08-2028,P005,C004,R001,S002,81,250,0.05,19237.5,5771.25,21161.25,20199.375
03395,24-08-2028,31-08-2028,P004,C007,R002,S008,27,4500,0.05,115425,34627.5,126967.5,121196.25
03396,25-08-2028,01-09-2028,P003,C001,R010,S005,27,3200,0.05,82080,24624,90288,86184
03397,25-08-2028,01-09-2028,P006,C001,R007,S005,48,3200,0,153600,46080,168960,161280
03398,26-08-2028,02-09-2028,P002,C004,R008,S004,16,4500,0.05,68400,20520,75240,71820
03399,26-08-2028,02-09-2028,P006,C005,R003,S003,87,250,0.1,19575,5872.5,21532.5,20553.75
03400,27-08-2028,03-09-2028,P003,C009,R009,S006,7,250,0.05,1662.5,498.75,1828.75,1745.625
03401,27-08-2028,03-09-2028,P009,C002,R006,S010,69,500,0.1,31050,9315,34155,32602.5
03402,28-08-2028,04-09-2028,P001,C010,R001,S002,95,250,0.1,21375,6412.5,23512.5,22443.75
03403,28-08-2028,04-09-2028,P003,C006,R007,S008,82,1200,0.15,83640,25092,92004,87822
03404,29-08-2028,05-09-2028,P002,C008,R002,S003,25,4500,0.1,101250,30375,111375,106312.5
03405,29-08-2028,05-09-2028,P009,C001,R003,S006,100,250,0.05,23750,7125,26125,24937.5
03406,30-08-2028,06-09-2028,P006,C005,R005,S006,87,500,0,43500,13050,47850,45675
03407,30-08-2028,06-09-2028,P008,C003,R007,S010,18,250,0.15,3825,1147.5,4207.5,4016.25
03408,31-08-2028,07-09-2028,P009,C010,R006,S006,24,4500,0.1,97200,29160,106920,102060
03409,31-08-2028,07-09-2028,P009,C006,R004,S001,27,3200,0.05,82080,24624,90288,86184
03410,01-09-2028,08-09-2028,P007,C007,R003,S002,30,3200,0.15,81600,24480,89760,85680
03411,01-09-2028,08-09-2028,P009,C002,R010,S008,19,3200,0.15,51680,15504,56848,54264
03412,02-09-2028,09-09-2028,P001,C001,R010,S007,54,3200,0.05,164160,49248,180576,172368
03413,02-09-2028,09-09-2028,P002,C006,R002,S007,41,500,0,20500,6150,22550,21525
03414,03-09-2028,10-09-2028,P004,C008,R010,S005,88,4500,0.1,356400,106920,392040,374220
03415,03-09-2028,10-09-2028,P006,C007,R001,S007,61,4500,0.15,233325,69997.5,256657.5,244991.25
03416,04-09-2028,11-09-2028,P010,C002,R010,S001,22,1200,0.15,22440,6732,24684,23562
03417,04-09-2028,11-09-2028,P004,C002,R002,S007,21,3200,0,67200,20160,73920,70560
03418,05-09-2028,12-09-2028,P006,C008,R002,S002,67,1200,0.1,72360,21708,79596,75978
03419,05-09-2028,12-09-2028,P010,C010,R008,S003,53,1200,0,63600,19080,69960,66780
03420,06-09-2028,13-09-2028,P008,C003,R005,S001,30,250,0.05,7125,2137.5,7837.5,7481.25
03421,06-09-2028,13-09-2028,P008,C003,R006,S005,22,1200,0.05,25080,7524,27588,26334
03422,07-09-2028,14-09-2028,P004,C008,R003,S001,51,4500,0.1,206550,61965,227205,216877.5
03423,07-09-2028,14-09-2028,P006,C006,R001,S006,66,3200,0.1,190080,57024,209088,199584
03424,08-09-2028,15-09-2028,P010,C008,R008,S005,62,3200,0.05,188480,56544,207328,197904
03425,08-09-2028,15-09-2028,P008,C006,R004,S003,44,500,0.1,19800,5940,21780,20790
03426,09-09-2028,16-09-2028,P004,C009,R005,S001,99,4500,0,445500,133650,490050,467775
03427,09-09-2028,16-09-2028,P002,C004,R002,S001,12,250,0,3000,900,3300,3150
03428,10-09-2028,17-09-2028,P009,C002,R003,S008,24,4500,0.05,102600,30780,112860,107730
03429,10-09-2028,17-09-2028,P007,C009,R004,S005,11,4500,0.15,42075,12622.5,46282.5,44178.75
03430,11-09-2028,18-09-2028,P009,C005,R001,S005,64,4500,0.1,259200,77760,285120,272160
03431,11-09-2028,18-09-2028,P003,C007,R005,S002,32,4500,0.1,129600,38880,142560,136080
03432,12-09-2028,19-09-2028,P001,C008,R009,S010,88,250,0,22000,6600,24200,23100
03433,12-09-2028,19-09-2028,P007,C010,R006,S002,99,4500,0.05,423225,126967.5,465547.5,444386.25
03434,13-09-2028,20-09-2028,P005,C007,R001,S006,32,500,0.15,13600,4080,14960,14280
03435,13-09-2028,20-09-2028,P002,C005,R007,S002,9,3200,0.1,25920,7776,28512,27216
03436,14-09-2028,21-09-2028,P004,C009,R009,S005,83,250,0.15,17637.5,5291.25,19401.25,18519.375
03437,14-09-2028,21-09-2028,P005,C006,R010,S005,43,4500,0,193500,58050,212850,203175
03438,15-09-2028,22-09-2028,P003,C008,R001,S006,66,250,0.15,14025,4207.5,15427.5,14726.25
03439,15-09-2028,22-09-2028,P002,C001,R010,S003,64,3200,0.1,184320,55296,202752,193536
03440,16-09-2028,23-09-2028,P004,C005,R005,S010,71,1200,0.15,72420,21726,79662,76041
03441,16-09-2028,23-09-2028,P006,C004,R010,S004,21,250,0.1,4725,1417.5,5197.5,4961.25
03442,17-09-2028,24-09-2028,P008,C008,R005,S004,29,1200,0.05,33060,9918,36366,34713
03443,17-09-2028,24-09-2028,P002,C005,R008,S008,67,250,0.1,15075,4522.5,16582.5,15828.75
03444,18-09-2028,25-09-2028,P008,C001,R010,S002,60,3200,0.1,172800,51840,190080,181440
03445,18-09-2028,25-09-2028,P002,C003,R010,S008,24,500,0.1,10800,3240,11880,11340
03446,19-09-2028,26-09-2028,P005,C008,R002,S010,21,1200,0.1,22680,6804,24948,23814
03447,19-09-2028,26-09-2028,P003,C007,R006,S001,32,250,0.05,7600,2280,8360,7980
03448,20-09-2028,27-09-2028,P006,C010,R004,S008,23,500,0.15,9775,2932.5,10752.5,10263.75
03449,20-09-2028,27-09-2028,P010,C005,R004,S001,92,250,0.15,19550,5865,21505,20527.5
03450,21-09-2028,28-09-2028,P007,C009,R003,S005,75,500,0.1,33750,10125,37125,35437.5
03451,21-09-2028,28-09-2028,P008,C006,R009,S005,25,500,0.05,11875,3562.5,13062.5,12468.75
03452,22-09-2028,29-09-2028,P002,C010,R003,S006,10,3200,0.1,28800,8640,31680,30240
03453,22-09-2028,29-09-2028,P006,C004,R002,S007,12,3200,0.15,32640,9792,35904,34272
03454,23-09-2028,30-09-2028,P010,C003,R001,S005,46,500,0.05,21850,6555,24035,22942.5
03455,23-09-2028,30-09-2028,P002,C004,R001,S001,61,3200,0.15,165920,49776,182512,174216
03456,24-09-2028,01-10-2028,P006,C010,R006,S002,97,500,0.05,46075,13822.5,50682.5,48378.75
03457,24-09-2028,01-10-2028,P002,C004,R001,S009,74,250,0.1,16650,4995,18315,17482.5
03458,25-09-2028,02-10-2028,P002,C008,R009,S007,37,250,0.15,7862.5,2358.75,8648.75,8255.625
03459,25-09-2028,02-10-2028,P002,C004,R004,S006,8,500,0,4000,1200,4400,4200
03460,26-09-2028,03-10-2028,P008,C008,R008,S009,81,250,0.05,19237.5,5771.25,21161.25,20199.375
03461,26-09-2028,03-10-2028,P006,C007,R003,S009,100,3200,0,320000,96000,352000,336000
03462,27-09-2028,04-10-2028,P004,C010,R007,S005,36,500,0,18000,5400,19800,18900
03463,27-09-2028,04-10-2028,P006,C007,R006,S001,38,250,0.1,8550,2565,9405,8977.5
03464,28-09-2028,05-10-2028,P007,C010,R003,S004,47,250,0.1,10575,3172.5,11632.5,11103.75
03465,28-09-2028,05-10-2028,P008,C010,R003,S003,82,500,0.15,34850,10455,38335,36592.5
03466,29-09-2028,06-10-2028,P004,C008,R009,S009,94,4500,0,423000,126900,465300,444150
03467,29-09-2028,06-10-2028,P004,C008,R005,S002,6,500,0.15,2550,765,2805,2677.5
03468,30-09-2028,07-10-2028,P008,C002,R004,S008,89,1200,0.1,96120,28836,105732,100926
03469,30-09-2028,07-10-2028,P009,C005,R001,S005,40,3200,0.1,115200,34560,126720,120960
03470,01-10-2028,08-10-2028,P008,C004,R008,S009,11,3200,0,35200,10560,38720,36960
03471,01-10-2028,08-10-2028,P002,C010,R007,S007,83,3200,0.1,239040,71712,262944,250992
03472,02-10-2028,09-10-2028,P002,C001,R004,S007,26,1200,0.15,26520,7956,29172,27846
03473,02-10-2028,09-10-2028,P010,C009,R004,S001,64,1200,0,76800,23040,84480,80640
03474,03-10-2028,10-10-2028,P006,C010,R009,S001,23,250,0,5750,1725,6325,6037.5
03475,03-10-2028,10-10-2028,P008,C004,R008,S003,40,3200,0.15,108800,32640,119680,114240
03476,04-10-2028,11-10-2028,P001,C003,R009,S003,93,500,0,46500,13950,51150,48825
03477,04-10-2028,11-10-2028,P008,C007,R009,S003,60,250,0,15000,4500,16500,15750
03478,05-10-2028,12-10-2028,P001,C001,R007,S002,34,4500,0.1,137700,41310,151470,144585
03479,05-10-2028,12-10-2028,P009,C007,R006,S001,7,4500,0,31500,9450,34650,33075
03480,06-10-2028,13-10-2028,P009,C001,R007,S010,70,4500,0.15,267750,80325,294525,281137.5
03481,06-10-2028,13-10-2028,P004,C003,R006,S003,75,3200,0.05,228000,68400,250800,239400
03482,07-10-2028,14-10-2028,P001,C007,R006,S005,39,3200,0.05,118560,35568,130416,124488
03483,07-10-2028,14-10-2028,P006,C001,R009,S006,29,500,0.15,12325,3697.5,13557.5,12941.25
03484,08-10-2028,15-10-2028,P004,C008,R010,S003,13,500,0,6500,1950,7150,6825
03485,08-10-2028,15-10-2028,P004,C008,R001,S004,35,3200,0.15,95200,28560,104720,99960
03486,09-10-2028,16-10-2028,P006,C001,R006,S001,75,1200,0.05,85500,25650,94050,89775
03487,09-10-2028,16-10-2028,P006,C007,R004,S004,91,3200,0.15,247520,74256,272272,259896
03488,10-10-2028,17-10-2028,P008,C009,R003,S008,49,4500,0.1,198450,59535,218295,208372.5
03489,10-10-2028,17-10-2028,P008,C001,R010,S009,17,4500,0.05,72675,21802.5,79942.5,76308.75
03490,11-10-2028,18-10-2028,P005,C001,R001,S007,94,1200,0.15,95880,28764,105468,100674
03491,11-10-2028,18-10-2028,P005,C002,R003,S002,44,3200,0.05,133760,40128,147136,140448
03492,12-10-2028,19-10-2028,P010,C008,R009,S006,11,3200,0.1,31680,9504,34848,33264
03493,12-10-2028,19-10-2028,P008,C008,R002,S004,58,250,0.1,13050,3915,14355,13702.5
03494,13-10-2028,20-10-2028,P003,C005,R007,S008,46,1200,0.15,46920,14076,51612,49266
03495,13-10-2028,20-10-2028,P008,C003,R001,S002,58,500,0.05,27550,8265,30305,28927.5
03496,14-10-2028,21-10-2028,P007,C009,R003,S007,64,4500,0.1,259200,77760,285120,272160
03497,14-10-2028,21-10-2028,P007,C008,R009,S009,71,3200,0.1,204480,61344,224928,214704
03498,15-10-2028,22-10-2028,P008,C009,R010,S007,58,3200,0.05,176320,52896,193952,185136
03499,15-10-2028,22-10-2028,P003,C008,R006,S003,35,500,0.05,16625,4987.5,18287.5,17456.25
03500,16-10-2028,23-10-2028,P001,C010,R006,S006,9,500,0.1,4050,1215,4455,4252.5
03501,16-10-2028,23-10-2028,P004,C001,R006,S009,31,500,0.05,14725,4417.5,16197.5,15461.25
03502,17-10-2028,24-10-2028,P001,C005,R003,S010,53,500,0.1,23850,7155,26235,25042.5
03503,17-10-2028,24-10-2028,P010,C004,R010,S009,30,4500,0.05,128250,38475,141075,134662.5
03504,18-10-2028,25-10-2028,P008,C006,R002,S009,98,3200,0.05,297920,89376,327712,312816
03505,18-10-2028,25-10-2028,P003,C008,R003,S001,94,3200,0.1,270720,81216,297792,284256
03506,19-10-2028,26-10-2028,P002,C005,R002,S010,54,4500,0.15,206550,61965,227205,216877.5
03507,19-10-2028,26-10-2028,P010,C002,R007,S010,27,3200,0.05,82080,24624,90288,86184
03508,20-10-2028,27-10-2028,P001,C008,R010,S005,94,3200,0,300800,90240,330880,315840
03509,20-10-2028,27-10-2028,P010,C002,R006,S007,94,4500,0.15,359550,107865,395505,377527.5
03510,21-10-2028,28-10-2028,P005,C008,R002,S002,9,250,0,2250,675,2475,2362.5
03511,21-10-2028,28-10-2028,P009,C006,R007,S004,21,3200,0,67200,20160,73920,70560
03512,22-10-2028,29-10-2028,P009,C003,R001,S002,71,4500,0.1,287550,86265,316305,301927.5
03513,22-10-2028,29-10-2028,P004,C003,R003,S005,69,1200,0.1,74520,22356,81972,78246
03514,23-10-2028,30-10-2028,P003,C010,R004,S009,49,1200,0.1,52920,15876,58212,55566
03515,23-10-2028,30-10-2028,P006,C006,R009,S008,100,250,0.05,23750,7125,26125,24937.5
03516,24-10-2028,31-10-2028,P006,C008,R010,S003,85,3200,0.05,258400,77520,284240,271320
03517,24-10-2028,31-10-2028,P010,C008,R009,S002,63,500,0,31500,9450,34650,33075
03518,25-10-2028,01-11-2028,P009,C009,R001,S003,80,1200,0.15,81600,24480,89760,85680
03519,25-10-2028,01-11-2028,P008,C009,R007,S001,68,250,0,17000,5100,18700,17850
03520,26-10-2028,02-11-2028,P008,C007,R002,S002,65,500,0.15,27625,8287.5,30387.5,29006.25
03521,26-10-2028,02-11-2028,P007,C007,R001,S008,78,1200,0.15,79560,23868,87516,83538
03522,27-10-2028,03-11-2028,P001,C009,R008,S003,95,3200,0.15,258400,77520,284240,271320
03523,27-10-2028,03-11-2028,P006,C001,R008,S004,64,250,0.1,14400,4320,15840,15120
03524,28-10-2028,04-11-2028,P007,C005,R002,S002,83,500,0.15,35275,10582.5,38802.5,37038.75
03525,28-10-2028,04-11-2028,P009,C003,R008,S003,20,3200,0.15,54400,16320,59840,57120
03526,29-10-2028,05-11-2028,P003,C006,R003,S001,53,4500,0.05,226575,67972.5,249232.5,237903.75
03527,29-10-2028,05-11-2028,P007,C005,R009,S001,32,250,0.1,7200,2160,7920,7560
03528,30-10-2028,06-11-2028,P003,C004,R007,S006,97,4500,0,436500,130950,480150,458325
03529,30-10-2028,06-11-2028,P006,C008,R009,S007,64,3200,0.1,184320,55296,202752,193536
03530,31-10-2028,07-11-2028,P008,C008,R005,S010,30,500,0.15,12750,3825,14025,13387.5
03531,31-10-2028,07-11-2028,P009,C002,R001,S005,67,3200,0,214400,64320,235840,225120
03532,01-11-2028,08-11-2028,P004,C007,R009,S006,39,250,0.05,9262.5,2778.75,10188.75,9725.625
03533,01-11-2028,08-11-2028,P010,C003,R004,S010,48,500,0.1,21600,6480,23760,22680
03534,02-11-2028,09-11-2028,P007,C010,R002,S001,50,4500,0,225000,67500,247500,236250
03535,02-11-2028,09-11-2028,P009,C008,R001,S001,7,500,0,3500,1050,3850,3675
03536,03-11-2028,10-11-2028,P001,C002,R001,S010,50,500,0,25000,7500,27500,26250
03537,03-11-2028,10-11-2028,P005,C010,R010,S010,82,4500,0.1,332100,99630,365310,348705
03538,04-11-2028,11-11-2028,P009,C003,R004,S006,33,4500,0.05,141075,42322.5,155182.5,148128.75
03539,04-11-2028,11-11-2028,P005,C004,R002,S005,61,500,0.1,27450,8235,30195,28822.5
03540,05-11-2028,12-11-2028,P008,C001,R009,S007,94,4500,0.05,401850,120555,442035,421942.5
03541,05-11-2028,12-11-2028,P002,C002,R006,S008,87,1200,0.15,88740,26622,97614,93177
03542,06-11-2028,13-11-2028,P001,C001,R007,S010,53,1200,0.1,57240,17172,62964,60102
03543,06-11-2028,13-11-2028,P005,C004,R001,S001,64,500,0.1,28800,8640,31680,30240
03544,07-11-2028,14-11-2028,P007,C004,R005,S006,62,250,0,15500,4650,17050,16275
03545,07-11-2028,14-11-2028,P001,C009,R010,S007,19,4500,0,85500,25650,94050,89775
03546,08-11-2028,15-11-2028,P001,C010,R003,S001,94,3200,0,300800,90240,330880,315840
03547,08-11-2028,15-11-2028,P005,C003,R010,S002,24,4500,0.15,91800,27540,100980,96390
03548,09-11-2028,16-11-2028,P009,C009,R005,S008,57,4500,0.05,243675,73102.5,268042.5,255858.75
03549,09-11-2028,16-11-2028,P003,C002,R010,S003,11,500,0.05,5225,1567.5,5747.5,5486.25
03550,10-11-2028,17-11-2028,P006,C002,R003,S010,39,3200,0.1,112320,33696,123552,117936
03551,10-11-2028,17-11-2028,P004,C004,R001,S007,24,1200,0.1,25920,7776,28512,27216
03552,11-11-2028,18-11-2028,P001,C002,R004,S008,76,4500,0,342000,102600,376200,359100
03553,11-11-2028,18-11-2028,P008,C002,R005,S001,27,500,0.1,12150,3645,13365,12757.5
03554,12-11-2028,19-11-2028,P010,C002,R007,S004,96,1200,0.1,103680,31104,114048,108864
03555,12-11-2028,19-11-2028,P006,C006,R002,S010,52,3200,0.1,149760,44928,164736,157248
03556,13-11-2028,20-11-2028,P008,C010,R009,S006,25,4500,0.1,101250,30375,111375,106312.5
03557,13-11-2028,20-11-2028,P007,C009,R007,S002,30,500,0.1,13500,4050,14850,14175
03558,14-11-2028,21-11-2028,P006,C005,R003,S006,57,500,0.15,24225,7267.5,26647.5,25436.25
03559,14-11-2028,21-11-2028,P010,C009,R008,S007,68,3200,0.1,195840,58752,215424,205632
03560,15-11-2028,22-11-2028,P008,C003,R002,S007,22,4500,0.15,84150,25245,92565,88357.5
03561,15-11-2028,22-11-2028,P001,C008,R009,S006,9,3200,0,28800,8640,31680,30240
03562,16-11-2028,23-11-2028,P004,C009,R010,S006,8,1200,0.1,8640,2592,9504,9072
03563,16-11-2028,23-11-2028,P002,C008,R001,S006,98,4500,0.1,396900,119070,436590,416745
03564,17-11-2028,24-11-2028,P002,C006,R008,S006,23,4500,0.05,98325,29497.5,108157.5,103241.25
03565,17-11-2028,24-11-2028,P005,C002,R001,S007,63,1200,0.15,64260,19278,70686,67473
03566,18-11-2028,25-11-2028,P007,C002,R001,S008,64,250,0.15,13600,4080,14960,14280
03567,18-11-2028,25-11-2028,P001,C010,R010,S001,49,250,0,12250,3675,13475,12862.5
03568,19-11-2028,26-11-2028,P008,C005,R003,S006,79,1200,0.15,80580,24174,88638,84609
03569,19-11-2028,26-11-2028,P006,C009,R004,S004,66,3200,0.05,200640,60192,220704,210672
03570,20-11-2028,27-11-2028,P009,C007,R009,S006,21,250,0.15,4462.5,1338.75,4908.75,4685.625
03571,20-11-2028,27-11-2028,P009,C003,R004,S005,65,1200,0,78000,23400,85800,81900
03572,21-11-2028,28-11-2028,P009,C007,R001,S003,41,500,0.05,19475,5842.5,21422.5,20448.75
03573,21-11-2028,28-11-2028,P002,C001,R007,S001,7,1200,0.15,7140,2142,7854,7497
03574,22-11-2028,29-11-2028,P001,C008,R003,S004,74,1200,0.1,79920,23976,87912,83916
03575,22-11-2028,29-11-2028,P010,C008,R003,S002,31,3200,0.05,94240,28272,103664,98952
03576,23-11-2028,30-11-2028,P002,C005,R009,S010,85,500,0.1,38250,11475,42075,40162.5
03577,23-11-2028,30-11-2028,P003,C008,R003,S007,22,1200,0.15,22440,6732,24684,23562
03578,24-11-2028,01-12-2028,P009,C007,R002,S007,27,250,0.15,5737.5,1721.25,6311.25,6024.375
03579,24-11-2028,01-12-2028,P010,C003,R005,S001,12,250,0,3000,900,3300,3150
03580,25-11-2028,02-12-2028,P006,C008,R002,S009,45,1200,0.1,48600,14580,53460,51030
03581,25-11-2028,02-12-2028,P009,C007,R005,S009,94,3200,0.05,285760,85728,314336,300048
03582,26-11-2028,03-12-2028,P007,C006,R003,S008,11,500,0.05,5225,1567.5,5747.5,5486.25
03583,26-11-2028,03-12-2028,P002,C008,R002,S003,51,1200,0,61200,18360,67320,64260
03584,27-11-2028,04-12-2028,P007,C003,R010,S003,15,1200,0.1,16200,4860,17820,17010
03585,27-11-2028,04-12-2028,P001,C001,R009,S008,82,500,0.15,34850,10455,38335,36592.5
03586,28-11-2028,05-12-2028,P007,C009,R010,S002,16,500,0.1,7200,2160,7920,7560
03587,28-11-2028,05-12-2028,P008,C002,R006,S006,72,500,0,36000,10800,39600,37800
03588,29-11-2028,06-12-2028,P009,C009,R003,S007,44,4500,0.15,168300,50490,185130,176715
03589,29-11-2028,06-12-2028,P010,C003,R002,S006,39,250,0.15,8287.5,2486.25,9116.25,8701.875
03590,30-11-2028,07-12-2028,P008,C004,R010,S008,68,500,0,34000,10200,37400,35700
03591,30-11-2028,07-12-2028,P003,C006,R006,S007,65,4500,0,292500,87750,321750,307125
03592,01-12-2028,08-12-2028,P005,C008,R010,S006,32,3200,0,102400,30720,112640,107520
03593,01-12-2028,08-12-2028,P003,C007,R001,S008,12,4500,0.05,51300,15390,56430,53865
03594,02-12-2028,09-12-2028,P005,C010,R009,S010,27,4500,0.1,109350,32805,120285,114817.5
03595,02-12-2028,09-12-2028,P008,C010,R010,S001,25,3200,0.1,72000,21600,79200,75600
03596,03-12-2028,10-12-2028,P006,C002,R008,S008,94,4500,0.15,359550,107865,395505,377527.5
03597,03-12-2028,10-12-2028,P003,C004,R008,S010,64,500,0,32000,9600,35200,33600
03598,04-12-2028,11-12-2028,P010,C006,R003,S004,27,1200,0.15,27540,8262,30294,28917
03599,04-12-2028,11-12-2028,P001,C001,R003,S010,55,4500,0.15,210375,63112.5,231412.5,220893.75
03600,05-12-2028,12-12-2028,P003,C005,R003,S005,91,4500,0,409500,122850,450450,429975
03601,05-12-2028,12-12-2028,P004,C004,R002,S006,72,3200,0.15,195840,58752,215424,205632
03602,06-12-2028,13-12-2028,P002,C004,R006,S004,27,500,0.15,11475,3442.5,12622.5,12048.75
03603,06-12-2028,13-12-2028,P001,C008,R008,S003,54,3200,0.1,155520,46656,171072,163296
03604,07-12-2028,14-12-2028,P001,C010,R007,S007,85,250,0.15,18062.5,5418.75,19868.75,18965.625
03605,07-12-2028,14-12-2028,P003,C009,R008,S007,17,250,0.15,3612.5,1083.75,3973.75,3793.125
03606,08-12-2028,15-12-2028,P002,C002,R001,S001,80,500,0.05,38000,11400,41800,39900
03607,08-12-2028,15-12-2028,P005,C007,R007,S010,63,1200,0,75600,22680,83160,79380
03608,09-12-2028,16-12-2028,P008,C004,R004,S004,95,4500,0,427500,128250,470250,448875
03609,09-12-2028,16-12-2028,P008,C007,R005,S004,66,500,0.05,31350,9405,34485,32917.5
03610,10-12-2028,17-12-2028,P001,C003,R009,S007,92,500,0.05,43700,13110,48070,45885
03611,10-12-2028,17-12-2028,P005,C006,R006,S003,24,4500,0.05,102600,30780,112860,107730
03612,11-12-2028,18-12-2028,P007,C009,R010,S004,89,500,0.1,40050,12015,44055,42052.5
03613,11-12-2028,18-12-2028,P001,C008,R003,S007,90,500,0.1,40500,12150,44550,42525
03614,12-12-2028,19-12-2028,P004,C008,R002,S007,54,3200,0,172800,51840,190080,181440
03615,12-12-2028,19-12-2028,P004,C002,R004,S006,46,1200,0.15,46920,14076,51612,49266
03616,13-12-2028,20-12-2028,P008,C004,R005,S007,75,500,0.1,33750,10125,37125,35437.5
03617,13-12-2028,20-12-2028,P007,C002,R003,S005,97,500,0.05,46075,13822.5,50682.5,48378.75
03618,14-12-2028,21-12-2028,P010,C010,R009,S009,19,500,0,9500,2850,10450,9975
03619,14-12-2028,21-12-2028,P009,C009,R006,S010,45,3200,0.1,129600,38880,142560,136080
03620,15-12-2028,22-12-2028,P002,C010,R006,S003,93,4500,0.05,397575,119272.5,437332.5,417453.75
03621,15-12-2028,22-12-2028,P010,C009,R004,S006,22,1200,0.05,25080,7524,27588,26334
03622,16-12-2028,23-12-2028,P008,C010,R003,S001,24,250,0.05,5700,1710,6270,5985
03623,16-12-2028,23-12-2028,P001,C007,R007,S010,11,250,0,2750,825,3025,2887.5
03624,17-12-2028,24-12-2028,P008,C007,R004,S001,87,500,0.15,36975,11092.5,40672.5,38823.75
03625,17-12-2028,24-12-2028,P004,C006,R001,S004,96,1200,0.15,97920,29376,107712,102816
03626,18-12-2028,25-12-2028,P005,C009,R003,S003,20,500,0.15,8500,2550,9350,8925
03627,18-12-2028,25-12-2028,P002,C003,R002,S001,75,250,0.15,15937.5,4781.25,17531.25,16734.375
03628,19-12-2028,26-12-2028,P009,C006,R004,S007,80,3200,0.1,230400,69120,253440,241920
03629,19-12-2028,26-12-2028,P003,C009,R003,S001,97,250,0.1,21825,6547.5,24007.5,22916.25
03630,20-12-2028,27-12-2028,P002,C006,R007,S009,96,4500,0.05,410400,123120,451440,430920
03631,20-12-2028,27-12-2028,P009,C005,R010,S009,73,4500,0.1,295650,88695,325215,310432.5
03632,21-12-2028,28-12-2028,P003,C010,R004,S001,20,3200,0,64000,19200,70400,67200
03633,21-12-2028,28-12-2028,P005,C009,R001,S009,35,1200,0.1,37800,11340,41580,39690
03634,22-12-2028,29-12-2028,P007,C008,R008,S010,37,4500,0.1,149850,44955,164835,157342.5
03635,22-12-2028,29-12-2028,P009,C006,R004,S002,75,250,0.15,15937.5,4781.25,17531.25,16734.375
03636,23-12-2028,30-12-2028,P004,C005,R005,S008,90,3200,0.15,244800,73440,269280,257040
03637,23-12-2028,30-12-2028,P006,C009,R005,S004,69,1200,0,82800,24840,91080,86940
03638,24-12-2028,31-12-2028,P007,C007,R009,S007,94,500,0.05,44650,13395,49115,46882.5
03639,24-12-2028,31-12-2028,P009,C007,R010,S007,96,4500,0.05,410400,123120,451440,430920
03640,25-12-2028,01-01-2029,P005,C003,R004,S009,40,4500,0,180000,54000,198000,189000
03641,25-12-2028,01-01-2029,P007,C007,R009,S010,6,3200,0,19200,5760,21120,20160
03642,26-12-2028,02-01-2029,P004,C010,R002,S001,22,3200,0.05,66880,20064,73568,70224
03643,26-12-2028,02-01-2029,P006,C007,R008,S008,76,4500,0,342000,102600,376200,359100
03644,27-12-2028,03-01-2029,P009,C007,R004,S005,29,4500,0.1,117450,35235,129195,123322.5
03645,27-12-2028,03-01-2029,P006,C005,R008,S008,53,500,0.1,23850,7155,26235,25042.5
03646,28-12-2028,04-01-2029,P009,C008,R002,S008,37,250,0.05,8787.5,2636.25,9666.25,9226.875
03647,28-12-2028,04-01-2029,P009,C008,R001,S005,72,250,0.15,15300,4590,16830,16065
03648,29-12-2028,05-01-2029,P008,C008,R008,S010,35,4500,0.1,141750,42525,155925,148837.5
03649,29-12-2028,05-01-2029,P001,C005,R009,S008,49,1200,0,58800,17640,64680,61740
03650,30-12-2028,06-01-2029,P006,C002,R007,S003,55,1200,0.05,62700,18810,68970,65835
03651,30-12-2028,06-01-2029,P003,C009,R006,S001,46,3200,0.1,132480,39744,145728,139104
03652,31-12-2028,07-01-2029,P009,C003,R008,S007,86,250,0.1,19350,5805,21285,20317.5
03653,31-12-2028,07-01-2029,P008,C006,R006,S006,33,250,0,8250,2475,9075,8662.5
03654,01-01-2029,08-01-2029,P004,C002,R002,S007,86,250,0,21500,6450,23650,22575
03655,01-01-2029,08-01-2029,P009,C008,R001,S003,22,250,0.1,4950,1485,5445,5197.5
03656,02-01-2029,09-01-2029,P004,C005,R008,S009,84,500,0.15,35700,10710,39270,37485
03657,02-01-2029,09-01-2029,P009,C010,R005,S009,67,1200,0.15,68340,20502,75174,71757
03658,03-01-2029,10-01-2029,P004,C005,R003,S003,63,4500,0,283500,85050,311850,297675
03659,03-01-2029,10-01-2029,P003,C008,R001,S009,27,500,0.1,12150,3645,13365,12757.5
03660,04-01-2029,11-01-2029,P007,C005,R004,S001,20,500,0.15,8500,2550,9350,8925
03661,04-01-2029,11-01-2029,P002,C001,R005,S010,64,3200,0.15,174080,52224,191488,182784
03662,05-01-2029,12-01-2029,P001,C009,R001,S004,26,1200,0.1,28080,8424,30888,29484
03663,05-01-2029,12-01-2029,P003,C001,R009,S002,91,250,0.1,20475,6142.5,22522.5,21498.75
03664,06-01-2029,13-01-2029,P010,C003,R008,S002,91,3200,0,291200,87360,320320,305760
03665,06-01-2029,13-01-2029,P006,C006,R004,S005,90,250,0,22500,6750,24750,23625
03666,07-01-2029,14-01-2029,P008,C007,R007,S008,67,3200,0.15,182240,54672,200464,191352
03667,07-01-2029,14-01-2029,P005,C010,R010,S010,95,4500,0.15,363375,109012.5,399712.5,381543.75
03668,08-01-2029,15-01-2029,P008,C006,R005,S003,93,1200,0.05,106020,31806,116622,111321
03669,08-01-2029,15-01-2029,P008,C006,R001,S001,25,250,0.15,5312.5,1593.75,5843.75,5578.125
03670,09-01-2029,16-01-2029,P005,C003,R003,S004,22,4500,0.15,84150,25245,92565,88357.5
03671,09-01-2029,16-01-2029,P009,C001,R004,S010,58,3200,0.15,157760,47328,173536,165648
03672,10-01-2029,17-01-2029,P008,C003,R007,S006,10,1200,0.15,10200,3060,11220,10710
03673,10-01-2029,17-01-2029,P010,C001,R006,S002,25,250,0.15,5312.5,1593.75,5843.75,5578.125
03674,11-01-2029,18-01-2029,P004,C001,R004,S008,6,3200,0.05,18240,5472,20064,19152
03675,11-01-2029,18-01-2029,P007,C005,R006,S006,81,500,0.05,38475,11542.5,42322.5,40398.75
03676,12-01-2029,19-01-2029,P010,C005,R010,S002,88,1200,0.15,89760,26928,98736,94248
03677,12-01-2029,19-01-2029,P009,C004,R002,S006,65,3200,0.15,176800,53040,194480,185640
03678,13-01-2029,20-01-2029,P007,C004,R008,S010,26,3200,0,83200,24960,91520,87360
03679,13-01-2029,20-01-2029,P007,C004,R001,S007,54,500,0.15,22950,6885,25245,24097.5
03680,14-01-2029,21-01-2029,P009,C005,R001,S004,53,4500,0,238500,71550,262350,250425
03681,14-01-2029,21-01-2029,P004,C005,R002,S006,94,1200,0,112800,33840,124080,118440
03682,15-01-2029,22-01-2029,P001,C010,R005,S010,66,4500,0.05,282150,84645,310365,296257.5
03683,15-01-2029,22-01-2029,P002,C003,R001,S002,74,1200,0.05,84360,25308,92796,88578
03684,16-01-2029,23-01-2029,P001,C008,R001,S008,39,500,0.05,18525,5557.5,20377.5,19451.25
03685,16-01-2029,23-01-2029,P007,C001,R002,S010,90,1200,0,108000,32400,118800,113400
03686,17-01-2029,24-01-2029,P008,C006,R010,S006,52,500,0.15,22100,6630,24310,23205
03687,17-01-2029,24-01-2029,P006,C003,R005,S001,28,3200,0.1,80640,24192,88704,84672
03688,18-01-2029,25-01-2029,P003,C001,R001,S001,90,3200,0.1,259200,77760,285120,272160
03689,18-01-2029,25-01-2029,P007,C006,R002,S007,81,250,0.1,18225,5467.5,20047.5,19136.25
03690,19-01-2029,26-01-2029,P001,C004,R001,S003,52,1200,0.1,56160,16848,61776,58968
03691,19-01-2029,26-01-2029,P003,C009,R009,S004,88,500,0,44000,13200,48400,46200
03692,20-01-2029,27-01-2029,P001,C007,R006,S006,31,3200,0.1,89280,26784,98208,93744
03693,20-01-2029,27-01-2029,P003,C008,R006,S010,66,250,0.1,14850,4455,16335,15592.5
03694,21-01-2029,28-01-2029,P005,C010,R002,S006,45,500,0.05,21375,6412.5,23512.5,22443.75
03695,21-01-2029,28-01-2029,P004,C009,R008,S008,87,1200,0.15,88740,26622,97614,93177
03696,22-01-2029,29-01-2029,P002,C008,R006,S002,11,3200,0.05,33440,10032,36784,35112
03697,22-01-2029,29-01-2029,P002,C009,R003,S002,83,1200,0.1,89640,26892,98604,94122
03698,23-01-2029,30-01-2029,P004,C003,R003,S007,29,250,0.15,6162.5,1848.75,6778.75,6470.625
03699,23-01-2029,30-01-2029,P010,C003,R002,S006,83,1200,0.15,84660,25398,93126,88893
03700,24-01-2029,31-01-2029,P005,C007,R002,S003,65,500,0.15,27625,8287.5,30387.5,29006.25
03701,24-01-2029,31-01-2029,P003,C003,R007,S010,58,4500,0.1,234900,70470,258390,246645
03702,25-01-2029,01-02-2029,P003,C002,R002,S004,34,1200,0.05,38760,11628,42636,40698
03703,25-01-2029,01-02-2029,P003,C009,R001,S008,5,4500,0.05,21375,6412.5,23512.5,22443.75
03704,26-01-2029,02-02-2029,P003,C004,R007,S003,22,250,0.15,4675,1402.5,5142.5,4908.75
03705,26-01-2029,02-02-2029,P007,C001,R010,S003,64,3200,0.1,184320,55296,202752,193536
03706,27-01-2029,03-02-2029,P004,C008,R008,S008,71,250,0,17750,5325,19525,18637.5
03707,27-01-2029,03-02-2029,P005,C003,R007,S002,82,4500,0.05,350550,105165,385605,368077.5
03708,28-01-2029,04-02-2029,P001,C005,R009,S006,78,500,0.15,33150,9945,36465,34807.5
03709,28-01-2029,04-02-2029,P010,C007,R002,S004,27,250,0,6750,2025,7425,7087.5
03710,29-01-2029,05-02-2029,P008,C001,R006,S001,52,500,0.15,22100,6630,24310,23205
03711,29-01-2029,05-02-2029,P002,C005,R001,S007,77,250,0.15,16362.5,4908.75,17998.75,17180.625
03712,30-01-2029,06-02-2029,P006,C004,R008,S001,61,250,0.1,13725,4117.5,15097.5,14411.25
03713,30-01-2029,06-02-2029,P009,C004,R006,S004,68,1200,0,81600,24480,89760,85680
03714,31-01-2029,07-02-2029,P005,C006,R002,S002,61,3200,0,195200,58560,214720,204960
03715,31-01-2029,07-02-2029,P001,C002,R007,S010,12,250,0,3000,900,3300,3150
03716,01-02-2029,08-02-2029,P009,C001,R005,S002,33,4500,0.1,133650,40095,147015,140332.5
03717,01-02-2029,08-02-2029,P010,C002,R007,S010,23,250,0.1,5175,1552.5,5692.5,5433.75
03718,02-02-2029,09-02-2029,P004,C006,R002,S007,19,250,0.05,4512.5,1353.75,4963.75,4738.125
03719,02-02-2029,09-02-2029,P002,C004,R008,S010,57,4500,0.15,218025,65407.5,239827.5,228926.25
03720,03-02-2029,10-02-2029,P006,C010,R002,S001,20,250,0.15,4250,1275,4675,4462.5
03721,03-02-2029,10-02-2029,P004,C007,R005,S003,83,4500,0.05,354825,106447.5,390307.5,372566.25
03722,04-02-2029,11-02-2029,P003,C001,R003,S008,32,500,0,16000,4800,17600,16800
03723,04-02-2029,11-02-2029,P009,C007,R006,S009,40,3200,0.1,115200,34560,126720,120960
03724,05-02-2029,12-02-2029,P008,C010,R002,S008,59,4500,0.1,238950,71685,262845,250897.5
03725,05-02-2029,12-02-2029,P001,C004,R005,S004,91,250,0,22750,6825,25025,23887.5
03726,06-02-2029,13-02-2029,P001,C005,R003,S010,84,1200,0,100800,30240,110880,105840
03727,06-02-2029,13-02-2029,P003,C010,R010,S004,44,3200,0.15,119680,35904,131648,125664
03728,07-02-2029,14-02-2029,P008,C008,R005,S002,54,3200,0.05,164160,49248,180576,172368
03729,07-02-2029,14-02-2029,P010,C002,R009,S007,14,250,0.15,2975,892.5,3272.5,3123.75
03730,08-02-2029,15-02-2029,P008,C001,R006,S008,76,4500,0.1,307800,92340,338580,323190
03731,08-02-2029,15-02-2029,P009,C007,R002,S002,55,250,0.05,13062.5,3918.75,14368.75,13715.625
03732,09-02-2029,16-02-2029,P006,C006,R004,S005,63,4500,0.15,240975,72292.5,265072.5,253023.75
03733,09-02-2029,16-02-2029,P004,C003,R010,S006,63,3200,0,201600,60480,221760,211680
03734,10-02-2029,17-02-2029,P004,C006,R005,S001,18,500,0.05,8550,2565,9405,8977.5
03735,10-02-2029,17-02-2029,P007,C006,R004,S010,43,1200,0.15,43860,13158,48246,46053
03736,11-02-2029,18-02-2029,P004,C003,R002,S004,89,4500,0.1,360450,108135,396495,378472.5
03737,11-02-2029,18-02-2029,P006,C003,R001,S001,94,250,0,23500,7050,25850,24675
03738,12-02-2029,19-02-2029,P004,C009,R008,S007,18,500,0.05,8550,2565,9405,8977.5
03739,12-02-2029,19-02-2029,P009,C001,R001,S005,73,500,0.15,31025,9307.5,34127.5,32576.25
03740,13-02-2029,20-02-2029,P002,C002,R008,S005,97,1200,0.15,98940,29682,108834,103887
03741,13-02-2029,20-02-2029,P003,C010,R010,S002,80,1200,0.1,86400,25920,95040,90720
03742,14-02-2029,21-02-2029,P010,C004,R008,S005,40,1200,0.1,43200,12960,47520,45360
03743,14-02-2029,21-02-2029,P008,C002,R010,S002,65,250,0.1,14625,4387.5,16087.5,15356.25
03744,15-02-2029,22-02-2029,P004,C004,R006,S001,95,1200,0,114000,34200,125400,119700
03745,15-02-2029,22-02-2029,P005,C008,R002,S006,44,4500,0.05,188100,56430,206910,197505
03746,16-02-2029,23-02-2029,P001,C007,R005,S007,97,1200,0.05,110580,33174,121638,116109
03747,16-02-2029,23-02-2029,P007,C009,R006,S002,27,3200,0,86400,25920,95040,90720
03748,17-02-2029,24-02-2029,P001,C002,R008,S010,78,250,0.05,18525,5557.5,20377.5,19451.25
03749,17-02-2029,24-02-2029,P005,C002,R003,S007,15,3200,0.05,45600,13680,50160,47880
03750,18-02-2029,25-02-2029,P007,C009,R010,S007,53,1200,0.15,54060,16218,59466,56763
03751,18-02-2029,25-02-2029,P006,C008,R001,S008,77,250,0.05,18287.5,5486.25,20116.25,19201.875
03752,19-02-2029,26-02-2029,P008,C003,R008,S010,40,1200,0.05,45600,13680,50160,47880
03753,19-02-2029,26-02-2029,P002,C010,R008,S010,89,250,0,22250,6675,24475,23362.5
03754,20-02-2029,27-02-2029,P008,C005,R009,S006,6,500,0.1,2700,810,2970,2835
03755,20-02-2029,27-02-2029,P009,C004,R006,S009,14,4500,0.1,56700,17010,62370,59535
03756,21-02-2029,28-02-2029,P004,C010,R003,S007,73,3200,0.05,221920,66576,244112,233016
03757,21-02-2029,28-02-2029,P005,C008,R009,S003,24,3200,0.1,69120,20736,76032,72576
03758,22-02-2029,01-03-2029,P007,C004,R005,S008,57,4500,0.1,230850,69255,253935,242392.5
03759,22-02-2029,01-03-2029,P007,C007,R008,S009,65,3200,0.1,187200,56160,205920,196560
03760,23-02-2029,02-03-2029,P010,C004,R008,S004,82,250,0,20500,6150,22550,21525
03761,23-02-2029,02-03-2029,P004,C002,R004,S005,77,1200,0.15,78540,23562,86394,82467
03762,24-02-2029,03-03-2029,P006,C003,R005,S010,17,1200,0,20400,6120,22440,21420
03763,24-02-2029,03-03-2029,P006,C008,R001,S004,35,1200,0.15,35700,10710,39270,37485
03764,25-02-2029,04-03-2029,P009,C010,R007,S008,100,3200,0,320000,96000,352000,336000
03765,25-02-2029,04-03-2029,P004,C006,R008,S004,7,3200,0.1,20160,6048,22176,21168
03766,26-02-2029,05-03-2029,P005,C002,R004,S008,34,4500,0.15,130050,39015,143055,136552.5
03767,26-02-2029,05-03-2029,P009,C010,R006,S008,73,1200,0,87600,26280,96360,91980
03768,27-02-2029,06-03-2029,P004,C004,R001,S007,21,3200,0.15,57120,17136,62832,59976
03769,27-02-2029,06-03-2029,P008,C010,R005,S003,71,1200,0,85200,25560,93720,89460
03770,28-02-2029,07-03-2029,P005,C005,R003,S006,75,500,0.15,31875,9562.5,35062.5,33468.75
03771,28-02-2029,07-03-2029,P002,C003,R001,S001,32,3200,0,102400,30720,112640,107520
03772,01-03-2029,08-03-2029,P003,C010,R010,S002,65,250,0.05,15437.5,4631.25,16981.25,16209.375
03773,01-03-2029,08-03-2029,P010,C007,R003,S003,54,4500,0.1,218700,65610,240570,229635
03774,02-03-2029,09-03-2029,P009,C001,R009,S003,5,3200,0,16000,4800,17600,16800
03775,02-03-2029,09-03-2029,P010,C003,R010,S002,69,500,0.15,29325,8797.5,32257.5,30791.25
03776,03-03-2029,10-03-2029,P001,C004,R009,S009,16,1200,0.05,18240,5472,20064,19152
03777,03-03-2029,10-03-2029,P007,C008,R008,S009,94,250,0,23500,7050,25850,24675
03778,04-03-2029,11-03-2029,P007,C001,R007,S001,51,250,0.1,11475,3442.5,12622.5,12048.75
03779,04-03-2029,11-03-2029,P002,C006,R008,S002,19,500,0,9500,2850,10450,9975
03780,05-03-2029,12-03-2029,P006,C010,R009,S003,26,500,0,13000,3900,14300,13650
03781,05-03-2029,12-03-2029,P002,C010,R005,S003,49,500,0.15,20825,6247.5,22907.5,21866.25
03782,06-03-2029,13-03-2029,P005,C002,R007,S003,32,500,0.1,14400,4320,15840,15120
03783,06-03-2029,13-03-2029,P006,C007,R006,S004,26,3200,0.15,70720,21216,77792,74256
03784,07-03-2029,14-03-2029,P006,C008,R001,S006,95,1200,0,114000,34200,125400,119700
03785,07-03-2029,14-03-2029,P010,C009,R002,S003,13,1200,0.15,13260,3978,14586,13923
03786,08-03-2029,15-03-2029,P010,C003,R001,S004,64,250,0.15,13600,4080,14960,14280
03787,08-03-2029,15-03-2029,P010,C005,R009,S010,87,1200,0.1,93960,28188,103356,98658
03788,09-03-2029,16-03-2029,P002,C005,R009,S004,26,3200,0.15,70720,21216,77792,74256
03789,09-03-2029,16-03-2029,P010,C003,R005,S010,9,250,0.15,1912.5,573.75,2103.75,2008.125
03790,10-03-2029,17-03-2029,P002,C003,R001,S006,97,1200,0.15,98940,29682,108834,103887
03791,10-03-2029,17-03-2029,P005,C004,R007,S002,44,1200,0,52800,15840,58080,55440
03792,11-03-2029,18-03-2029,P009,C001,R001,S009,23,250,0.1,5175,1552.5,5692.5,5433.75
03793,11-03-2029,18-03-2029,P001,C010,R002,S004,39,500,0,19500,5850,21450,20475
03794,12-03-2029,19-03-2029,P010,C007,R004,S006,33,4500,0,148500,44550,163350,155925
03795,12-03-2029,19-03-2029,P006,C007,R006,S006,25,3200,0,80000,24000,88000,84000
03796,13-03-2029,20-03-2029,P010,C010,R005,S007,40,250,0,10000,3000,11000,10500
03797,13-03-2029,20-03-2029,P010,C010,R005,S010,41,1200,0.05,46740,14022,51414,49077
03798,14-03-2029,21-03-2029,P004,C005,R005,S010,18,250,0,4500,1350,4950,4725
03799,14-03-2029,21-03-2029,P008,C008,R001,S006,47,3200,0.15,127840,38352,140624,134232
03800,15-03-2029,22-03-2029,P010,C005,R006,S006,21,500,0,10500,3150,11550,11025
03801,15-03-2029,22-03-2029,P009,C001,R001,S006,43,4500,0.05,183825,55147.5,202207.5,193016.25
03802,16-03-2029,23-03-2029,P001,C007,R008,S003,99,500,0,49500,14850,54450,51975
03803,16-03-2029,23-03-2029,P008,C002,R005,S010,85,1200,0.05,96900,29070,106590,101745
03804,17-03-2029,24-03-2029,P004,C001,R007,S006,14,4500,0,63000,18900,69300,66150
03805,17-03-2029,24-03-2029,P002,C007,R002,S006,100,500,0,50000,15000,55000,52500
03806,18-03-2029,25-03-2029,P002,C002,R006,S005,31,1200,0.1,33480,10044,36828,35154
03807,18-03-2029,25-03-2029,P008,C007,R007,S004,53,1200,0.05,60420,18126,66462,63441
03808,19-03-2029,26-03-2029,P004,C005,R009,S005,52,250,0.05,12350,3705,13585,12967.5
03809,19-03-2029,26-03-2029,P005,C008,R008,S005,97,500,0.1,43650,13095,48015,45832.5
03810,20-03-2029,27-03-2029,P004,C004,R006,S001,5,500,0.1,2250,675,2475,2362.5
03811,20-03-2029,27-03-2029,P007,C010,R001,S007,7,3200,0.05,21280,6384,23408,22344
03812,21-03-2029,28-03-2029,P004,C008,R010,S004,22,3200,0.1,63360,19008,69696,66528
03813,21-03-2029,28-03-2029,P010,C009,R005,S005,86,1200,0.1,92880,27864,102168,97524
03814,22-03-2029,29-03-2029,P006,C009,R001,S010,82,500,0.15,34850,10455,38335,36592.5
03815,22-03-2029,29-03-2029,P008,C010,R004,S009,47,250,0.1,10575,3172.5,11632.5,11103.75
03816,23-03-2029,30-03-2029,P005,C007,R008,S003,77,250,0.1,17325,5197.5,19057.5,18191.25
03817,23-03-2029,30-03-2029,P003,C002,R006,S005,10,4500,0,45000,13500,49500,47250
03818,24-03-2029,31-03-2029,P007,C004,R004,S005,17,1200,0.15,17340,5202,19074,18207
03819,24-03-2029,31-03-2029,P007,C009,R008,S004,98,4500,0.05,418950,125685,460845,439897.5
03820,25-03-2029,01-04-2029,P008,C005,R006,S005,5,4500,0.1,20250,6075,22275,21262.5
03821,25-03-2029,01-04-2029,P002,C010,R007,S010,29,1200,0.15,29580,8874,32538,31059
03822,26-03-2029,02-04-2029,P009,C003,R006,S010,13,500,0.15,5525,1657.5,6077.5,5801.25
03823,26-03-2029,02-04-2029,P007,C002,R006,S004,81,3200,0.05,246240,73872,270864,258552
03824,27-03-2029,03-04-2029,P003,C004,R008,S001,80,3200,0.15,217600,65280,239360,228480
03825,27-03-2029,03-04-2029,P004,C007,R002,S008,20,3200,0.15,54400,16320,59840,57120
03826,28-03-2029,04-04-2029,P005,C005,R008,S006,46,1200,0,55200,16560,60720,57960
03827,28-03-2029,04-04-2029,P010,C008,R008,S004,86,250,0.15,18275,5482.5,20102.5,19188.75
03828,29-03-2029,05-04-2029,P002,C008,R008,S001,82,1200,0.1,88560,26568,97416,92988
03829,29-03-2029,05-04-2029,P010,C004,R009,S009,55,3200,0.05,167200,50160,183920,175560
03830,30-03-2029,06-04-2029,P006,C003,R008,S010,88,3200,0.15,239360,71808,263296,251328
03831,30-03-2029,06-04-2029,P005,C004,R003,S002,10,4500,0.05,42750,12825,47025,44887.5
03832,31-03-2029,07-04-2029,P007,C005,R006,S006,62,1200,0,74400,22320,81840,78120
03833,31-03-2029,07-04-2029,P001,C010,R003,S008,73,3200,0.15,198560,59568,218416,208488
03834,01-04-2029,08-04-2029,P006,C003,R002,S002,87,500,0,43500,13050,47850,45675
03835,01-04-2029,08-04-2029,P007,C001,R006,S010,53,3200,0,169600,50880,186560,178080
03836,02-04-2029,09-04-2029,P007,C002,R006,S008,96,3200,0.15,261120,78336,287232,274176
03837,02-04-2029,09-04-2029,P001,C010,R006,S004,49,250,0.1,11025,3307.5,12127.5,11576.25
03838,03-04-2029,10-04-2029,P001,C003,R005,S008,58,4500,0.15,221850,66555,244035,232942.5
03839,03-04-2029,10-04-2029,P010,C009,R009,S009,10,4500,0.15,38250,11475,42075,40162.5
03840,04-04-2029,11-04-2029,P010,C001,R006,S005,36,4500,0,162000,48600,178200,170100
03841,04-04-2029,11-04-2029,P007,C002,R004,S005,37,4500,0.15,141525,42457.5,155677.5,148601.25
03842,05-04-2029,12-04-2029,P002,C001,R007,S006,46,250,0.15,9775,2932.5,10752.5,10263.75
03843,05-04-2029,12-04-2029,P001,C010,R006,S007,85,4500,0.1,344250,103275,378675,361462.5
03844,06-04-2029,13-04-2029,P001,C008,R008,S004,89,3200,0,284800,85440,313280,299040
03845,06-04-2029,13-04-2029,P009,C010,R002,S003,71,3200,0.05,215840,64752,237424,226632
03846,07-04-2029,14-04-2029,P007,C008,R003,S004,45,1200,0.05,51300,15390,56430,53865
03847,07-04-2029,14-04-2029,P004,C009,R010,S003,99,500,0,49500,14850,54450,51975
03848,08-04-2029,15-04-2029,P003,C007,R001,S002,13,1200,0.05,14820,4446,16302,15561
03849,08-04-2029,15-04-2029,P006,C007,R008,S009,88,1200,0.05,100320,30096,110352,105336
03850,09-04-2029,16-04-2029,P006,C004,R001,S003,86,500,0.1,38700,11610,42570,40635
03851,09-04-2029,16-04-2029,P010,C007,R009,S002,76,1200,0,91200,27360,100320,95760
03852,10-04-2029,17-04-2029,P002,C004,R008,S003,61,500,0,30500,9150,33550,32025
03853,10-04-2029,17-04-2029,P004,C005,R008,S008,12,250,0.1,2700,810,2970,2835
03854,11-04-2029,18-04-2029,P007,C010,R003,S007,71,250,0,17750,5325,19525,18637.5
03855,11-04-2029,18-04-2029,P010,C009,R003,S008,60,500,0.1,27000,8100,29700,28350
03856,12-04-2029,19-04-2029,P010,C006,R004,S006,35,3200,0,112000,33600,123200,117600
03857,12-04-2029,19-04-2029,P002,C005,R006,S010,70,1200,0.1,75600,22680,83160,79380
03858,13-04-2029,20-04-2029,P009,C010,R002,S010,46,3200,0.05,139840,41952,153824,146832
03859,13-04-2029,20-04-2029,P003,C004,R004,S006,32,3200,0,102400,30720,112640,107520
03860,14-04-2029,21-04-2029,P005,C010,R001,S009,57,1200,0.15,58140,17442,63954,61047
03861,14-04-2029,21-04-2029,P005,C008,R002,S008,14,250,0,3500,1050,3850,3675
03862,15-04-2029,22-04-2029,P004,C002,R006,S008,34,1200,0,40800,12240,44880,42840
03863,15-04-2029,22-04-2029,P002,C006,R005,S005,84,1200,0.1,90720,27216,99792,95256
03864,16-04-2029,23-04-2029,P010,C005,R010,S005,92,1200,0.1,99360,29808,109296,104328
03865,16-04-2029,23-04-2029,P001,C002,R009,S009,71,4500,0.15,271575,81472.5,298732.5,285153.75
03866,17-04-2029,24-04-2029,P001,C003,R004,S003,47,250,0.1,10575,3172.5,11632.5,11103.75
03867,17-04-2029,24-04-2029,P002,C001,R006,S009,90,1200,0.15,91800,27540,100980,96390
03868,18-04-2029,25-04-2029,P009,C007,R005,S008,88,3200,0,281600,84480,309760,295680
03869,18-04-2029,25-04-2029,P009,C006,R005,S005,30,1200,0.05,34200,10260,37620,35910
03870,19-04-2029,26-04-2029,P004,C005,R009,S008,30,4500,0.05,128250,38475,141075,134662.5
03871,19-04-2029,26-04-2029,P001,C005,R003,S009,96,3200,0.15,261120,78336,287232,274176
03872,20-04-2029,27-04-2029,P006,C001,R003,S002,36,250,0,9000,2700,9900,9450
03873,20-04-2029,27-04-2029,P002,C009,R010,S002,32,4500,0.15,122400,36720,134640,128520
03874,21-04-2029,28-04-2029,P002,C001,R009,S005,68,1200,0,81600,24480,89760,85680
03875,21-04-2029,28-04-2029,P001,C007,R009,S004,21,250,0.15,4462.5,1338.75,4908.75,4685.625
03876,22-04-2029,29-04-2029,P008,C003,R008,S005,16,500,0.05,7600,2280,8360,7980
03877,22-04-2029,29-04-2029,P010,C009,R009,S009,8,1200,0,9600,2880,10560,10080
03878,23-04-2029,30-04-2029,P005,C001,R005,S006,67,4500,0.1,271350,81405,298485,284917.5
03879,23-04-2029,30-04-2029,P003,C009,R005,S008,91,3200,0.05,276640,82992,304304,290472
03880,24-04-2029,01-05-2029,P005,C001,R007,S005,45,3200,0.1,129600,38880,142560,136080
03881,24-04-2029,01-05-2029,P009,C005,R005,S005,95,250,0,23750,7125,26125,24937.5
03882,25-04-2029,02-05-2029,P009,C005,R004,S002,55,250,0.1,12375,3712.5,13612.5,12993.75
03883,25-04-2029,02-05-2029,P002,C001,R001,S003,42,1200,0.05,47880,14364,52668,50274
03884,26-04-2029,03-05-2029,P003,C007,R007,S001,76,1200,0.15,77520,23256,85272,81396
03885,26-04-2029,03-05-2029,P008,C001,R002,S003,53,500,0.15,22525,6757.5,24777.5,23651.25
03886,27-04-2029,04-05-2029,P005,C004,R008,S004,7,4500,0,31500,9450,34650,33075
03887,27-04-2029,04-05-2029,P009,C002,R005,S001,30,250,0.05,7125,2137.5,7837.5,7481.25
03888,28-04-2029,05-05-2029,P007,C006,R006,S005,75,500,0.1,33750,10125,37125,35437.5
03889,28-04-2029,05-05-2029,P007,C003,R010,S009,100,3200,0.15,272000,81600,299200,285600
03890,29-04-2029,06-05-2029,P009,C004,R007,S006,73,500,0.1,32850,9855,36135,34492.5
03891,29-04-2029,06-05-2029,P003,C003,R003,S009,24,250,0.1,5400,1620,5940,5670
03892,30-04-2029,07-05-2029,P007,C005,R009,S002,6,4500,0.1,24300,7290,26730,25515
03893,30-04-2029,07-05-2029,P004,C004,R001,S007,48,250,0.05,11400,3420,12540,11970
03894,01-05-2029,08-05-2029,P006,C001,R002,S009,58,1200,0.05,66120,19836,72732,69426
03895,01-05-2029,08-05-2029,P001,C006,R002,S001,67,250,0.05,15912.5,4773.75,17503.75,16708.125
03896,02-05-2029,09-05-2029,P003,C009,R004,S002,40,500,0.05,19000,5700,20900,19950
03897,02-05-2029,09-05-2029,P004,C001,R004,S007,24,1200,0.1,25920,7776,28512,27216
03898,03-05-2029,10-05-2029,P010,C007,R001,S002,22,3200,0.1,63360,19008,69696,66528
03899,03-05-2029,10-05-2029,P004,C007,R003,S010,38,3200,0,121600,36480,133760,127680
03900,04-05-2029,11-05-2029,P006,C003,R010,S002,71,4500,0.1,287550,86265,316305,301927.5
03901,04-05-2029,11-05-2029,P003,C010,R010,S006,40,3200,0.15,108800,32640,119680,114240
03902,05-05-2029,12-05-2029,P008,C006,R007,S008,64,500,0.05,30400,9120,33440,31920
03903,05-05-2029,12-05-2029,P007,C007,R003,S003,81,500,0.1,36450,10935,40095,38272.5
03904,06-05-2029,13-05-2029,P003,C006,R006,S006,47,4500,0.1,190350,57105,209385,199867.5
03905,06-05-2029,13-05-2029,P006,C005,R006,S007,46,3200,0,147200,44160,161920,154560
03906,07-05-2029,14-05-2029,P008,C003,R008,S007,100,3200,0.05,304000,91200,334400,319200
03907,07-05-2029,14-05-2029,P008,C006,R002,S001,26,500,0.05,12350,3705,13585,12967.5
03908,08-05-2029,15-05-2029,P002,C002,R010,S010,87,250,0,21750,6525,23925,22837.5
03909,08-05-2029,15-05-2029,P001,C002,R010,S007,17,500,0.15,7225,2167.5,7947.5,7586.25
03910,09-05-2029,16-05-2029,P009,C006,R002,S003,96,500,0.1,43200,12960,47520,45360
03911,09-05-2029,16-05-2029,P003,C009,R007,S008,57,3200,0.1,164160,49248,180576,172368
03912,10-05-2029,17-05-2029,P002,C001,R007,S002,50,500,0.1,22500,6750,24750,23625
03913,10-05-2029,17-05-2029,P001,C008,R007,S006,41,4500,0,184500,55350,202950,193725
03914,11-05-2029,18-05-2029,P006,C001,R009,S004,5,250,0.15,1062.5,318.75,1168.75,1115.625
03915,11-05-2029,18-05-2029,P005,C004,R001,S008,84,1200,0.1,90720,27216,99792,95256
03916,12-05-2029,19-05-2029,P001,C003,R003,S002,37,1200,0.15,37740,11322,41514,39627
03917,12-05-2029,19-05-2029,P007,C005,R005,S007,81,4500,0.15,309825,92947.5,340807.5,325316.25
03918,13-05-2029,20-05-2029,P001,C007,R008,S004,44,3200,0.05,133760,40128,147136,140448
03919,13-05-2029,20-05-2029,P007,C004,R002,S004,21,3200,0,67200,20160,73920,70560
03920,14-05-2029,21-05-2029,P009,C009,R006,S009,53,4500,0.05,226575,67972.5,249232.5,237903.75
03921,14-05-2029,21-05-2029,P008,C007,R001,S009,48,4500,0,216000,64800,237600,226800
03922,15-05-2029,22-05-2029,P001,C003,R006,S008,54,500,0.05,25650,7695,28215,26932.5
03923,15-05-2029,22-05-2029,P003,C006,R008,S007,96,1200,0.1,103680,31104,114048,108864
03924,16-05-2029,23-05-2029,P010,C002,R002,S007,66,3200,0,211200,63360,232320,221760
03925,16-05-2029,23-05-2029,P003,C003,R002,S009,52,4500,0.05,222300,66690,244530,233415
03926,17-05-2029,24-05-2029,P007,C010,R004,S001,50,250,0.15,10625,3187.5,11687.5,11156.25
03927,17-05-2029,24-05-2029,P003,C006,R003,S006,21,500,0,10500,3150,11550,11025
03928,18-05-2029,25-05-2029,P004,C001,R007,S006,94,250,0.1,21150,6345,23265,22207.5
03929,18-05-2029,25-05-2029,P009,C009,R006,S010,39,4500,0.1,157950,47385,173745,165847.5
03930,19-05-2029,26-05-2029,P004,C008,R006,S004,40,500,0.15,17000,5100,18700,17850
03931,19-05-2029,26-05-2029,P003,C002,R003,S006,51,250,0.1,11475,3442.5,12622.5,12048.75
03932,20-05-2029,27-05-2029,P002,C001,R008,S005,84,250,0.05,19950,5985,21945,20947.5
03933,20-05-2029,27-05-2029,P004,C004,R001,S008,61,3200,0.1,175680,52704,193248,184464
03934,21-05-2029,28-05-2029,P004,C010,R001,S003,57,250,0,14250,4275,15675,14962.5
03935,21-05-2029,28-05-2029,P008,C001,R005,S009,71,500,0.05,33725,10117.5,37097.5,35411.25
03936,22-05-2029,29-05-2029,P004,C010,R002,S004,70,250,0.15,14875,4462.5,16362.5,15618.75
03937,22-05-2029,29-05-2029,P005,C009,R002,S007,61,4500,0.05,260775,78232.5,286852.5,273813.75
03938,23-05-2029,30-05-2029,P001,C008,R007,S002,69,3200,0.05,209760,62928,230736,220248
03939,23-05-2029,30-05-2029,P003,C010,R005,S006,12,4500,0,54000,16200,59400,56700
03940,24-05-2029,31-05-2029,P007,C008,R003,S009,19,3200,0,60800,18240,66880,63840
03941,24-05-2029,31-05-2029,P002,C009,R003,S004,92,1200,0,110400,33120,121440,115920
03942,25-05-2029,01-06-2029,P002,C004,R002,S009,14,3200,0.15,38080,11424,41888,39984
03943,25-05-2029,01-06-2029,P004,C003,R006,S001,53,1200,0,63600,19080,69960,66780
03944,26-05-2029,02-06-2029,P004,C008,R008,S007,48,500,0.15,20400,6120,22440,21420
03945,26-05-2029,02-06-2029,P001,C006,R005,S009,54,3200,0.05,164160,49248,180576,172368
03946,27-05-2029,03-06-2029,P004,C005,R008,S002,13,250,0,3250,975,3575,3412.5
03947,27-05-2029,03-06-2029,P008,C001,R004,S005,11,3200,0.1,31680,9504,34848,33264
03948,28-05-2029,04-06-2029,P008,C006,R001,S003,27,4500,0.1,109350,32805,120285,114817.5
03949,28-05-2029,04-06-2029,P007,C003,R001,S003,18,250,0.15,3825,1147.5,4207.5,4016.25
03950,29-05-2029,05-06-2029,P009,C002,R005,S003,42,3200,0.05,127680,38304,140448,134064
03951,29-05-2029,05-06-2029,P008,C006,R010,S006,63,3200,0.1,181440,54432,199584,190512
03952,30-05-2029,06-06-2029,P010,C004,R004,S006,42,4500,0.15,160650,48195,176715,168682.5
03953,30-05-2029,06-06-2029,P005,C003,R010,S004,99,1200,0.05,112860,33858,124146,118503
03954,31-05-2029,07-06-2029,P004,C006,R004,S008,51,3200,0.1,146880,44064,161568,154224
03955,31-05-2029,07-06-2029,P007,C005,R007,S006,40,4500,0,180000,54000,198000,189000
03956,01-06-2029,08-06-2029,P007,C001,R009,S004,15,3200,0,48000,14400,52800,50400
03957,01-06-2029,08-06-2029,P006,C003,R010,S005,8,500,0.1,3600,1080,3960,3780
03958,02-06-2029,09-06-2029,P004,C001,R006,S001,31,4500,0.15,118575,35572.5,130432.5,124503.75
03959,02-06-2029,09-06-2029,P010,C008,R004,S005,9,1200,0.15,9180,2754,10098,9639
03960,03-06-2029,10-06-2029,P009,C005,R009,S003,11,1200,0.1,11880,3564,13068,12474
03961,03-06-2029,10-06-2029,P004,C008,R005,S004,71,500,0.1,31950,9585,35145,33547.5
03962,04-06-2029,11-06-2029,P009,C001,R009,S009,34,3200,0,108800,32640,119680,114240
03963,04-06-2029,11-06-2029,P009,C002,R003,S006,72,3200,0.1,207360,62208,228096,217728
03964,05-06-2029,12-06-2029,P008,C003,R009,S003,96,1200,0.05,109440,32832,120384,114912
03965,05-06-2029,12-06-2029,P006,C004,R001,S004,64,3200,0.15,174080,52224,191488,182784
03966,06-06-2029,13-06-2029,P001,C001,R008,S004,50,500,0.15,21250,6375,23375,22312.5
03967,06-06-2029,13-06-2029,P009,C003,R007,S001,8,250,0.05,1900,570,2090,1995
03968,07-06-2029,14-06-2029,P001,C008,R001,S001,19,500,0.05,9025,2707.5,9927.5,9476.25
03969,07-06-2029,14-06-2029,P004,C004,R008,S002,53,4500,0.15,202725,60817.5,222997.5,212861.25
03970,08-06-2029,15-06-2029,P003,C005,R001,S001,83,250,0.05,19712.5,5913.75,21683.75,20698.125
03971,08-06-2029,15-06-2029,P010,C005,R009,S009,11,250,0,2750,825,3025,2887.5
03972,09-06-2029,16-06-2029,P001,C004,R006,S002,26,3200,0,83200,24960,91520,87360
03973,09-06-2029,16-06-2029,P007,C008,R002,S009,52,1200,0.05,59280,17784,65208,62244
03974,10-06-2029,17-06-2029,P006,C001,R004,S001,6,500,0.15,2550,765,2805,2677.5
03975,10-06-2029,17-06-2029,P010,C001,R008,S009,62,4500,0.15,237150,71145,260865,249007.5
03976,11-06-2029,18-06-2029,P004,C006,R007,S010,30,3200,0.1,86400,25920,95040,90720
03977,11-06-2029,18-06-2029,P007,C007,R003,S008,20,1200,0,24000,7200,26400,25200
03978,12-06-2029,19-06-2029,P006,C004,R003,S008,91,1200,0,109200,32760,120120,114660
03979,12-06-2029,19-06-2029,P009,C002,R001,S005,21,250,0.15,4462.5,1338.75,4908.75,4685.625
03980,13-06-2029,20-06-2029,P006,C009,R007,S010,83,3200,0.1,239040,71712,262944,250992
03981,13-06-2029,20-06-2029,P010,C010,R001,S005,78,500,0,39000,11700,42900,40950
03982,14-06-2029,21-06-2029,P009,C002,R006,S001,16,1200,0.15,16320,4896,17952,17136
03983,14-06-2029,21-06-2029,P006,C008,R009,S003,11,3200,0.05,33440,10032,36784,35112
03984,15-06-2029,22-06-2029,P010,C006,R005,S006,74,4500,0.05,316350,94905,347985,332167.5
03985,15-06-2029,22-06-2029,P008,C006,R005,S005,74,4500,0.05,316350,94905,347985,332167.5
03986,16-06-2029,23-06-2029,P005,C010,R005,S010,91,250,0.15,19337.5,5801.25,21271.25,20304.375
03987,16-06-2029,23-06-2029,P004,C001,R007,S008,66,500,0.05,31350,9405,34485,32917.5
03988,17-06-2029,24-06-2029,P010,C004,R003,S006,56,3200,0.05,170240,51072,187264,178752
03989,17-06-2029,24-06-2029,P004,C006,R009,S009,80,250,0.1,18000,5400,19800,18900
03990,18-06-2029,25-06-2029,P009,C004,R008,S007,33,250,0.05,7837.5,2351.25,8621.25,8229.375
03991,18-06-2029,25-06-2029,P004,C005,R002,S010,9,4500,0,40500,12150,44550,42525
03992,19-06-2029,26-06-2029,P008,C005,R008,S002,29,1200,0.05,33060,9918,36366,34713
03993,19-06-2029,26-06-2029,P003,C002,R002,S001,51,250,0,12750,3825,14025,13387.5
03994,20-06-2029,27-06-2029,P010,C005,R007,S002,23,500,0.1,10350,3105,11385,10867.5
03995,20-06-2029,27-06-2029,P010,C003,R010,S007,62,250,0.15,13175,3952.5,14492.5,13833.75
03996,21-06-2029,28-06-2029,P001,C001,R008,S003,10,250,0.05,2375,712.5,2612.5,2493.75
03997,21-06-2029,28-06-2029,P003,C007,R009,S009,42,500,0.15,17850,5355,19635,18742.5
03998,22-06-2029,29-06-2029,P004,C010,R002,S008,24,500,0.1,10800,3240,11880,11340
03999,22-06-2029,29-06-2029,P005,C003,R007,S004,58,500,0.15,24650,7395,27115,25882.5
04000,23-06-2029,30-06-2029,P005,C010,R009,S002,19,250,0.1,4275,1282.5,4702.5,4488.75
04001,23-06-2029,30-06-2029,P003,C008,R001,S009,94,3200,0.05,285760,85728,314336,300048
04002,24-06-2029,01-07-2029,P007,C005,R007,S006,56,500,0.15,23800,7140,26180,24990
04003,24-06-2029,01-07-2029,P008,C010,R001,S008,32,1200,0.15,32640,9792,35904,34272
04004,25-06-2029,02-07-2029,P003,C001,R010,S004,99,500,0,49500,14850,54450,51975
04005,25-06-2029,02-07-2029,P009,C004,R008,S003,65,1200,0.05,74100,22230,81510,77805
04006,26-06-2029,03-07-2029,P001,C009,R001,S005,41,3200,0,131200,39360,144320,137760
04007,26-06-2029,03-07-2029,P007,C006,R006,S003,40,1200,0,48000,14400,52800,50400
04008,27-06-2029,04-07-2029,P002,C008,R001,S008,45,1200,0.1,48600,14580,53460,51030
04009,27-06-2029,04-07-2029,P003,C008,R004,S010,61,250,0.15,12962.5,3888.75,14258.75,13610.625
04010,28-06-2029,05-07-2029,P007,C010,R005,S002,30,4500,0.15,114750,34425,126225,120487.5
04011,28-06-2029,05-07-2029,P008,C009,R007,S007,50,250,0.1,11250,3375,12375,11812.5
04012,29-06-2029,06-07-2029,P009,C010,R007,S005,76,1200,0.15,77520,23256,85272,81396
04013,29-06-2029,06-07-2029,P010,C008,R010,S004,28,4500,0,126000,37800,138600,132300
04014,30-06-2029,07-07-2029,P005,C006,R009,S007,30,250,0,7500,2250,8250,7875
04015,30-06-2029,07-07-2029,P001,C010,R006,S006,33,4500,0.05,141075,42322.5,155182.5,148128.75
04016,01-07-2029,08-07-2029,P009,C009,R003,S002,30,3200,0.1,86400,25920,95040,90720
04017,01-07-2029,08-07-2029,P002,C006,R006,S006,17,4500,0.15,65025,19507.5,71527.5,68276.25
04018,02-07-2029,09-07-2029,P003,C005,R007,S004,50,1200,0.05,57000,17100,62700,59850
04019,02-07-2029,09-07-2029,P005,C009,R006,S009,23,1200,0.15,23460,7038,25806,24633
04020,03-07-2029,10-07-2029,P008,C004,R001,S002,92,4500,0,414000,124200,455400,434700
04021,03-07-2029,10-07-2029,P009,C004,R009,S005,45,250,0,11250,3375,12375,11812.5
04022,04-07-2029,11-07-2029,P005,C003,R006,S005,89,4500,0,400500,120150,440550,420525
04023,04-07-2029,11-07-2029,P003,C001,R009,S010,21,1200,0,25200,7560,27720,26460
04024,05-07-2029,12-07-2029,P007,C004,R009,S008,35,3200,0.1,100800,30240,110880,105840
04025,05-07-2029,12-07-2029,P002,C005,R005,S002,40,500,0.1,18000,5400,19800,18900
04026,06-07-2029,13-07-2029,P002,C007,R001,S007,78,250,0.05,18525,5557.5,20377.5,19451.25
04027,06-07-2029,13-07-2029,P001,C002,R002,S001,79,1200,0,94800,28440,104280,99540
04028,07-07-2029,14-07-2029,P007,C007,R007,S006,94,250,0.15,19975,5992.5,21972.5,20973.75
04029,07-07-2029,14-07-2029,P002,C008,R002,S003,91,4500,0.15,348075,104422.5,382882.5,365478.75
04030,08-07-2029,15-07-2029,P007,C006,R005,S001,38,3200,0.1,109440,32832,120384,114912
04031,08-07-2029,15-07-2029,P008,C004,R008,S008,56,4500,0,252000,75600,277200,264600
04032,09-07-2029,16-07-2029,P009,C008,R005,S007,53,4500,0.05,226575,67972.5,249232.5,237903.75
04033,09-07-2029,16-07-2029,P003,C010,R003,S010,9,3200,0.15,24480,7344,26928,25704
04034,10-07-2029,17-07-2029,P002,C009,R002,S008,80,250,0.05,19000,5700,20900,19950
04035,10-07-2029,17-07-2029,P006,C003,R006,S007,14,250,0.1,3150,945,3465,3307.5
04036,11-07-2029,18-07-2029,P010,C010,R001,S004,39,500,0.05,18525,5557.5,20377.5,19451.25
04037,11-07-2029,18-07-2029,P002,C006,R002,S002,93,250,0.05,22087.5,6626.25,24296.25,23191.875
04038,12-07-2029,19-07-2029,P002,C006,R005,S009,97,1200,0.15,98940,29682,108834,103887
04039,12-07-2029,19-07-2029,P010,C006,R010,S007,66,500,0.15,28050,8415,30855,29452.5
04040,13-07-2029,20-07-2029,P005,C007,R002,S005,21,250,0.05,4987.5,1496.25,5486.25,5236.875
04041,13-07-2029,20-07-2029,P010,C001,R003,S007,39,4500,0.1,157950,47385,173745,165847.5
04042,14-07-2029,21-07-2029,P001,C009,R010,S007,12,3200,0.1,34560,10368,38016,36288
04043,14-07-2029,21-07-2029,P009,C007,R003,S010,20,4500,0.15,76500,22950,84150,80325
04044,15-07-2029,22-07-2029,P003,C007,R003,S010,57,4500,0.15,218025,65407.5,239827.5,228926.25
04045,15-07-2029,22-07-2029,P008,C002,R008,S001,33,500,0.1,14850,4455,16335,15592.5
04046,16-07-2029,23-07-2029,P008,C007,R001,S002,9,250,0,2250,675,2475,2362.5
04047,16-07-2029,23-07-2029,P009,C001,R005,S006,48,4500,0.15,183600,55080,201960,192780
04048,17-07-2029,24-07-2029,P001,C004,R005,S010,40,500,0.1,18000,5400,19800,18900
04049,17-07-2029,24-07-2029,P003,C006,R010,S007,50,1200,0.05,57000,17100,62700,59850
04050,18-07-2029,25-07-2029,P008,C006,R008,S010,27,250,0.05,6412.5,1923.75,7053.75,6733.125
04051,18-07-2029,25-07-2029,P005,C004,R009,S002,72,4500,0.1,291600,87480,320760,306180
04052,19-07-2029,26-07-2029,P004,C005,R001,S004,69,500,0.15,29325,8797.5,32257.5,30791.25
04053,19-07-2029,26-07-2029,P008,C010,R009,S009,65,1200,0.15,66300,19890,72930,69615
04054,20-07-2029,27-07-2029,P006,C005,R001,S006,40,500,0,20000,6000,22000,21000
04055,20-07-2029,27-07-2029,P010,C008,R009,S001,30,500,0,15000,4500,16500,15750
04056,21-07-2029,28-07-2029,P002,C009,R001,S001,44,250,0.15,9350,2805,10285,9817.5
04057,21-07-2029,28-07-2029,P009,C007,R010,S006,48,500,0,24000,7200,26400,25200
04058,22-07-2029,29-07-2029,P005,C008,R009,S008,59,250,0.1,13275,3982.5,14602.5,13938.75
04059,22-07-2029,29-07-2029,P003,C008,R004,S007,10,500,0.1,4500,1350,4950,4725
04060,23-07-2029,30-07-2029,P004,C003,R007,S010,38,500,0.1,17100,5130,18810,17955
04061,23-07-2029,30-07-2029,P010,C008,R008,S001,16,1200,0.1,17280,5184,19008,18144
04062,24-07-2029,31-07-2029,P010,C001,R007,S001,80,4500,0.15,306000,91800,336600,321300
04063,24-07-2029,31-07-2029,P007,C008,R006,S001,31,1200,0.15,31620,9486,34782,33201
04064,25-07-2029,01-08-2029,P001,C002,R010,S007,98,4500,0.05,418950,125685,460845,439897.5
04065,25-07-2029,01-08-2029,P008,C005,R001,S008,77,500,0.1,34650,10395,38115,36382.5
04066,26-07-2029,02-08-2029,P004,C002,R010,S010,27,3200,0.1,77760,23328,85536,81648
04067,26-07-2029,02-08-2029,P009,C008,R005,S006,95,1200,0.1,102600,30780,112860,107730
04068,27-07-2029,03-08-2029,P006,C010,R001,S001,69,500,0.15,29325,8797.5,32257.5,30791.25
04069,27-07-2029,03-08-2029,P009,C009,R001,S008,8,500,0.15,3400,1020,3740,3570
04070,28-07-2029,04-08-2029,P004,C006,R008,S009,30,250,0.1,6750,2025,7425,7087.5
04071,28-07-2029,04-08-2029,P007,C008,R006,S010,53,1200,0.15,54060,16218,59466,56763
04072,29-07-2029,05-08-2029,P007,C007,R004,S002,36,250,0,9000,2700,9900,9450
04073,29-07-2029,05-08-2029,P002,C002,R010,S008,94,3200,0.15,255680,76704,281248,268464
04074,30-07-2029,06-08-2029,P002,C005,R006,S007,100,4500,0,450000,135000,495000,472500
04075,30-07-2029,06-08-2029,P006,C004,R005,S006,17,3200,0,54400,16320,59840,57120
04076,31-07-2029,07-08-2029,P003,C006,R005,S003,19,500,0.1,8550,2565,9405,8977.5
04077,31-07-2029,07-08-2029,P003,C008,R003,S009,10,1200,0.05,11400,3420,12540,11970
04078,01-08-2029,08-08-2029,P006,C007,R006,S003,14,4500,0.1,56700,17010,62370,59535
04079,01-08-2029,08-08-2029,P008,C005,R007,S006,58,500,0,29000,8700,31900,30450
04080,02-08-2029,09-08-2029,P009,C004,R004,S004,82,1200,0.1,88560,26568,97416,92988
04081,02-08-2029,09-08-2029,P002,C009,R008,S009,89,1200,0.15,90780,27234,99858,95319
04082,03-08-2029,10-08-2029,P002,C008,R007,S003,11,500,0.15,4675,1402.5,5142.5,4908.75
04083,03-08-2029,10-08-2029,P002,C006,R005,S001,20,4500,0.05,85500,25650,94050,89775
04084,04-08-2029,11-08-2029,P008,C003,R001,S004,87,250,0.1,19575,5872.5,21532.5,20553.75
04085,04-08-2029,11-08-2029,P010,C003,R007,S002,31,4500,0.15,118575,35572.5,130432.5,124503.75
04086,05-08-2029,12-08-2029,P009,C003,R009,S004,99,250,0.1,22275,6682.5,24502.5,23388.75
04087,05-08-2029,12-08-2029,P003,C008,R004,S003,76,250,0,19000,5700,20900,19950
04088,06-08-2029,13-08-2029,P008,C004,R010,S007,37,250,0.1,8325,2497.5,9157.5,8741.25
04089,06-08-2029,13-08-2029,P008,C003,R008,S007,63,3200,0.1,181440,54432,199584,190512
04090,07-08-2029,14-08-2029,P002,C003,R005,S002,21,3200,0,67200,20160,73920,70560
04091,07-08-2029,14-08-2029,P009,C002,R006,S008,52,3200,0.05,158080,47424,173888,165984
04092,08-08-2029,15-08-2029,P010,C002,R001,S003,59,1200,0.1,63720,19116,70092,66906
04093,08-08-2029,15-08-2029,P001,C004,R003,S010,32,500,0.15,13600,4080,14960,14280
04094,09-08-2029,16-08-2029,P010,C010,R010,S010,73,1200,0.15,74460,22338,81906,78183
04095,09-08-2029,16-08-2029,P004,C009,R006,S005,46,4500,0.15,175950,52785,193545,184747.5
04096,10-08-2029,17-08-2029,P005,C008,R009,S003,62,3200,0.1,178560,53568,196416,187488
04097,10-08-2029,17-08-2029,P004,C008,R001,S004,64,1200,0.1,69120,20736,76032,72576
04098,11-08-2029,18-08-2029,P008,C004,R001,S007,85,250,0.1,19125,5737.5,21037.5,20081.25
04099,11-08-2029,18-08-2029,P002,C006,R003,S003,16,3200,0.15,43520,13056,47872,45696
04100,12-08-2029,19-08-2029,P003,C002,R001,S007,47,3200,0.15,127840,38352,140624,134232
04101,12-08-2029,19-08-2029,P003,C009,R008,S006,97,250,0.1,21825,6547.5,24007.5,22916.25
04102,13-08-2029,20-08-2029,P008,C004,R006,S001,58,3200,0.05,176320,52896,193952,185136
04103,13-08-2029,20-08-2029,P001,C009,R010,S001,26,250,0.15,5525,1657.5,6077.5,5801.25
04104,14-08-2029,21-08-2029,P010,C006,R007,S005,88,500,0,44000,13200,48400,46200
04105,14-08-2029,21-08-2029,P001,C004,R002,S010,89,3200,0.15,242080,72624,266288,254184
04106,15-08-2029,22-08-2029,P006,C001,R003,S010,19,500,0.1,8550,2565,9405,8977.5
04107,15-08-2029,22-08-2029,P009,C004,R001,S010,66,3200,0.1,190080,57024,209088,199584
04108,16-08-2029,23-08-2029,P002,C001,R001,S010,54,1200,0,64800,19440,71280,68040
04109,16-08-2029,23-08-2029,P006,C004,R002,S008,90,250,0.1,20250,6075,22275,21262.5
04110,17-08-2029,24-08-2029,P007,C010,R008,S007,72,4500,0,324000,97200,356400,340200
04111,17-08-2029,24-08-2029,P001,C002,R009,S010,47,3200,0,150400,45120,165440,157920
04112,18-08-2029,25-08-2029,P007,C003,R006,S003,69,250,0.05,16387.5,4916.25,18026.25,17206.875
04113,18-08-2029,25-08-2029,P001,C004,R005,S002,7,1200,0.1,7560,2268,8316,7938
04114,19-08-2029,26-08-2029,P004,C010,R007,S006,35,250,0.1,7875,2362.5,8662.5,8268.75
04115,19-08-2029,26-08-2029,P007,C007,R001,S007,51,3200,0.15,138720,41616,152592,145656
04116,20-08-2029,27-08-2029,P010,C006,R005,S005,100,4500,0,450000,135000,495000,472500
04117,20-08-2029,27-08-2029,P010,C010,R003,S003,80,4500,0.15,306000,91800,336600,321300
04118,21-08-2029,28-08-2029,P003,C007,R004,S004,66,3200,0.1,190080,57024,209088,199584
04119,21-08-2029,28-08-2029,P004,C010,R005,S002,37,4500,0,166500,49950,183150,174825
04120,22-08-2029,29-08-2029,P009,C007,R010,S003,36,3200,0,115200,34560,126720,120960
04121,22-08-2029,29-08-2029,P004,C010,R007,S006,86,3200,0.1,247680,74304,272448,260064
04122,23-08-2029,30-08-2029,P003,C007,R004,S004,75,1200,0,90000,27000,99000,94500
04123,23-08-2029,30-08-2029,P004,C006,R006,S010,6,1200,0,7200,2160,7920,7560
04124,24-08-2029,31-08-2029,P006,C005,R010,S003,73,3200,0.15,198560,59568,218416,208488
04125,24-08-2029,31-08-2029,P001,C005,R010,S009,37,3200,0,118400,35520,130240,124320
04126,25-08-2029,01-09-2029,P009,C004,R009,S009,21,250,0,5250,1575,5775,5512.5
04127,25-08-2029,01-09-2029,P002,C002,R007,S009,26,3200,0.15,70720,21216,77792,74256
04128,26-08-2029,02-09-2029,P008,C010,R001,S006,80,250,0.15,17000,5100,18700,17850
04129,26-08-2029,02-09-2029,P003,C004,R010,S004,82,4500,0,369000,110700,405900,387450
04130,27-08-2029,03-09-2029,P001,C004,R003,S010,7,250,0.15,1487.5,446.25,1636.25,1561.875
04131,27-08-2029,03-09-2029,P008,C007,R004,S010,25,4500,0.15,95625,28687.5,105187.5,100406.25
04132,28-08-2029,04-09-2029,P001,C005,R010,S003,67,3200,0.05,203680,61104,224048,213864
04133,28-08-2029,04-09-2029,P006,C001,R009,S008,55,3200,0.15,149600,44880,164560,157080
04134,29-08-2029,05-09-2029,P009,C010,R006,S003,85,1200,0,102000,30600,112200,107100
04135,29-08-2029,05-09-2029,P010,C006,R004,S008,29,250,0.05,6887.5,2066.25,7576.25,7231.875
04136,30-08-2029,06-09-2029,P008,C001,R009,S005,75,3200,0.05,228000,68400,250800,239400
04137,30-08-2029,06-09-2029,P010,C010,R008,S001,35,1200,0.1,37800,11340,41580,39690
04138,31-08-2029,07-09-2029,P004,C005,R010,S004,21,250,0.05,4987.5,1496.25,5486.25,5236.875
04139,31-08-2029,07-09-2029,P003,C005,R008,S007,26,3200,0.15,70720,21216,77792,74256
04140,01-09-2029,08-09-2029,P002,C003,R005,S007,20,250,0.1,4500,1350,4950,4725
04141,01-09-2029,08-09-2029,P010,C005,R003,S002,54,3200,0.15,146880,44064,161568,154224
04142,02-09-2029,09-09-2029,P002,C001,R002,S007,47,3200,0.15,127840,38352,140624,134232
04143,02-09-2029,09-09-2029,P008,C006,R001,S003,89,250,0.15,18912.5,5673.75,20803.75,19858.125
04144,03-09-2029,10-09-2029,P006,C003,R003,S001,63,3200,0,201600,60480,221760,211680
04145,03-09-2029,10-09-2029,P002,C001,R007,S006,56,3200,0.15,152320,45696,167552,159936
04146,04-09-2029,11-09-2029,P002,C008,R008,S007,71,4500,0.05,303525,91057.5,333877.5,318701.25
04147,04-09-2029,11-09-2029,P004,C003,R001,S010,91,250,0.15,19337.5,5801.25,21271.25,20304.375
04148,05-09-2029,12-09-2029,P001,C006,R010,S004,70,3200,0.15,190400,57120,209440,199920
04149,05-09-2029,12-09-2029,P003,C003,R001,S004,53,500,0.05,25175,7552.5,27692.5,26433.75
04150,06-09-2029,13-09-2029,P007,C006,R006,S006,87,250,0,21750,6525,23925,22837.5
04151,06-09-2029,13-09-2029,P005,C004,R004,S008,48,3200,0.15,130560,39168,143616,137088
04152,07-09-2029,14-09-2029,P002,C005,R009,S004,21,500,0.15,8925,2677.5,9817.5,9371.25
04153,07-09-2029,14-09-2029,P002,C002,R001,S009,76,3200,0.15,206720,62016,227392,217056
04154,08-09-2029,15-09-2029,P007,C001,R001,S009,46,1200,0.15,46920,14076,51612,49266
04155,08-09-2029,15-09-2029,P004,C005,R005,S002,49,1200,0.05,55860,16758,61446,58653
04156,09-09-2029,16-09-2029,P001,C005,R005,S008,8,3200,0.15,21760,6528,23936,22848
04157,09-09-2029,16-09-2029,P010,C002,R007,S008,18,500,0.15,7650,2295,8415,8032.5
04158,10-09-2029,17-09-2029,P008,C009,R001,S004,28,1200,0.15,28560,8568,31416,29988
04159,10-09-2029,17-09-2029,P007,C002,R003,S005,57,4500,0.05,243675,73102.5,268042.5,255858.75
04160,11-09-2029,18-09-2029,P006,C008,R009,S010,31,1200,0.05,35340,10602,38874,37107
04161,11-09-2029,18-09-2029,P006,C009,R005,S003,73,250,0.05,17337.5,5201.25,19071.25,18204.375
04162,12-09-2029,19-09-2029,P004,C004,R002,S007,89,1200,0,106800,32040,117480,112140
04163,12-09-2029,19-09-2029,P008,C005,R001,S003,22,3200,0.1,63360,19008,69696,66528
04164,13-09-2029,20-09-2029,P002,C008,R009,S005,77,250,0.05,18287.5,5486.25,20116.25,19201.875
04165,13-09-2029,20-09-2029,P002,C010,R006,S004,65,3200,0.15,176800,53040,194480,185640
04166,14-09-2029,21-09-2029,P005,C005,R010,S005,99,3200,0.15,269280,80784,296208,282744
04167,14-09-2029,21-09-2029,P007,C007,R006,S002,45,4500,0,202500,60750,222750,212625
04168,15-09-2029,22-09-2029,P001,C003,R007,S007,34,1200,0.05,38760,11628,42636,40698
04169,15-09-2029,22-09-2029,P005,C003,R001,S007,85,500,0,42500,12750,46750,44625
04170,16-09-2029,23-09-2029,P001,C003,R007,S008,100,500,0.15,42500,12750,46750,44625
04171,16-09-2029,23-09-2029,P010,C004,R001,S010,32,250,0,8000,2400,8800,8400
04172,17-09-2029,24-09-2029,P006,C010,R005,S007,14,500,0,7000,2100,7700,7350
04173,17-09-2029,24-09-2029,P006,C009,R002,S002,27,3200,0,86400,25920,95040,90720
04174,18-09-2029,25-09-2029,P004,C010,R007,S008,89,1200,0.15,90780,27234,99858,95319
04175,18-09-2029,25-09-2029,P008,C001,R007,S008,19,250,0,4750,1425,5225,4987.5
04176,19-09-2029,26-09-2029,P003,C002,R008,S001,80,1200,0.15,81600,24480,89760,85680
04177,19-09-2029,26-09-2029,P008,C004,R010,S007,79,3200,0.1,227520,68256,250272,238896
04178,20-09-2029,27-09-2029,P007,C006,R010,S003,35,500,0,17500,5250,19250,18375
04179,20-09-2029,27-09-2029,P007,C006,R002,S003,14,500,0.05,6650,1995,7315,6982.5
04180,21-09-2029,28-09-2029,P006,C005,R008,S008,13,500,0.05,6175,1852.5,6792.5,6483.75
04181,21-09-2029,28-09-2029,P010,C004,R006,S010,64,3200,0.05,194560,58368,214016,204288
04182,22-09-2029,29-09-2029,P007,C002,R005,S003,38,250,0.15,8075,2422.5,8882.5,8478.75
04183,22-09-2029,29-09-2029,P001,C002,R004,S002,90,500,0.15,38250,11475,42075,40162.5
04184,23-09-2029,30-09-2029,P010,C004,R002,S009,54,500,0,27000,8100,29700,28350
04185,23-09-2029,30-09-2029,P007,C001,R004,S009,58,4500,0,261000,78300,287100,274050
04186,24-09-2029,01-10-2029,P002,C008,R007,S001,93,3200,0.1,267840,80352,294624,281232
04187,24-09-2029,01-10-2029,P004,C003,R010,S009,46,3200,0,147200,44160,161920,154560
04188,25-09-2029,02-10-2029,P008,C001,R006,S010,68,3200,0,217600,65280,239360,228480
04189,25-09-2029,02-10-2029,P002,C002,R005,S007,73,3200,0,233600,70080,256960,245280
04190,26-09-2029,03-10-2029,P010,C006,R010,S001,79,500,0.1,35550,10665,39105,37327.5
04191,26-09-2029,03-10-2029,P005,C002,R002,S008,52,4500,0.15,198900,59670,218790,208845
04192,27-09-2029,04-10-2029,P002,C003,R003,S008,20,3200,0,64000,19200,70400,67200
04193,27-09-2029,04-10-2029,P002,C003,R009,S006,39,3200,0.15,106080,31824,116688,111384
04194,28-09-2029,05-10-2029,P003,C008,R001,S010,21,250,0.1,4725,1417.5,5197.5,4961.25
04195,28-09-2029,05-10-2029,P004,C003,R008,S009,66,1200,0.15,67320,20196,74052,70686
04196,29-09-2029,06-10-2029,P010,C009,R001,S010,69,500,0,34500,10350,37950,36225
04197,29-09-2029,06-10-2029,P001,C003,R003,S004,21,250,0,5250,1575,5775,5512.5
04198,30-09-2029,07-10-2029,P003,C002,R008,S003,94,1200,0.1,101520,30456,111672,106596
04199,30-09-2029,07-10-2029,P001,C005,R001,S004,30,500,0.1,13500,4050,14850,14175
04200,01-10-2029,08-10-2029,P010,C001,R005,S010,41,250,0.15,8712.5,2613.75,9583.75,9148.125
04201,01-10-2029,08-10-2029,P005,C002,R002,S002,29,250,0,7250,2175,7975,7612.5
04202,02-10-2029,09-10-2029,P004,C005,R004,S002,100,250,0.05,23750,7125,26125,24937.5
04203,02-10-2029,09-10-2029,P005,C001,R004,S003,69,3200,0,220800,66240,242880,231840
04204,03-10-2029,10-10-2029,P005,C003,R005,S002,50,1200,0.1,54000,16200,59400,56700
04205,03-10-2029,10-10-2029,P008,C003,R008,S009,66,4500,0.15,252450,75735,277695,265072.5
04206,04-10-2029,11-10-2029,P006,C010,R009,S003,54,4500,0.15,206550,61965,227205,216877.5
04207,04-10-2029,11-10-2029,P008,C001,R003,S008,14,3200,0.15,38080,11424,41888,39984
04208,05-10-2029,12-10-2029,P007,C007,R007,S006,37,4500,0.1,149850,44955,164835,157342.5
04209,05-10-2029,12-10-2029,P010,C005,R003,S001,18,1200,0,21600,6480,23760,22680
04210,06-10-2029,13-10-2029,P003,C010,R009,S009,74,500,0,37000,11100,40700,38850
04211,06-10-2029,13-10-2029,P007,C002,R010,S009,54,250,0,13500,4050,14850,14175
04212,07-10-2029,14-10-2029,P009,C007,R003,S006,61,4500,0.15,233325,69997.5,256657.5,244991.25
04213,07-10-2029,14-10-2029,P008,C008,R002,S010,90,4500,0,405000,121500,445500,425250
04214,08-10-2029,15-10-2029,P003,C008,R006,S009,20,1200,0,24000,7200,26400,25200
04215,08-10-2029,15-10-2029,P004,C006,R007,S002,48,1200,0.05,54720,16416,60192,57456
04216,09-10-2029,16-10-2029,P009,C002,R009,S001,62,250,0,15500,4650,17050,16275
04217,09-10-2029,16-10-2029,P007,C007,R001,S002,15,4500,0.1,60750,18225,66825,63787.5
04218,10-10-2029,17-10-2029,P010,C002,R002,S006,75,3200,0.15,204000,61200,224400,214200
04219,10-10-2029,17-10-2029,P009,C004,R009,S005,27,3200,0.15,73440,22032,80784,77112
04220,11-10-2029,18-10-2029,P007,C001,R006,S008,98,3200,0.05,297920,89376,327712,312816
04221,11-10-2029,18-10-2029,P010,C006,R002,S003,89,1200,0.1,96120,28836,105732,100926
04222,12-10-2029,19-10-2029,P003,C010,R009,S002,29,500,0.05,13775,4132.5,15152.5,14463.75
04223,12-10-2029,19-10-2029,P003,C004,R010,S002,56,500,0.1,25200,7560,27720,26460
04224,13-10-2029,20-10-2029,P007,C003,R007,S003,41,250,0.15,8712.5,2613.75,9583.75,9148.125
04225,13-10-2029,20-10-2029,P005,C003,R006,S002,20,3200,0.05,60800,18240,66880,63840
04226,14-10-2029,21-10-2029,P007,C002,R004,S010,17,3200,0.15,46240,13872,50864,48552
04227,14-10-2029,21-10-2029,P008,C008,R002,S002,94,250,0,23500,7050,25850,24675
04228,15-10-2029,22-10-2029,P007,C002,R009,S005,54,500,0,27000,8100,29700,28350
04229,15-10-2029,22-10-2029,P008,C005,R008,S004,15,4500,0,67500,20250,74250,70875
04230,16-10-2029,23-10-2029,P008,C009,R009,S006,30,4500,0.15,114750,34425,126225,120487.5
04231,16-10-2029,23-10-2029,P002,C002,R006,S006,53,1200,0.05,60420,18126,66462,63441
04232,17-10-2029,24-10-2029,P005,C006,R008,S009,21,4500,0.15,80325,24097.5,88357.5,84341.25
04233,17-10-2029,24-10-2029,P003,C009,R005,S002,67,250,0,16750,5025,18425,17587.5
04234,18-10-2029,25-10-2029,P004,C007,R001,S006,59,500,0.1,26550,7965,29205,27877.5
04235,18-10-2029,25-10-2029,P001,C010,R008,S003,37,3200,0.05,112480,33744,123728,118104
04236,19-10-2029,26-10-2029,P003,C001,R002,S001,92,250,0.05,21850,6555,24035,22942.5
04237,19-10-2029,26-10-2029,P004,C001,R010,S003,88,500,0.15,37400,11220,41140,39270
04238,20-10-2029,27-10-2029,P003,C007,R004,S010,67,4500,0.1,271350,81405,298485,284917.5
04239,20-10-2029,27-10-2029,P007,C008,R006,S005,93,3200,0.05,282720,84816,310992,296856
04240,21-10-2029,28-10-2029,P003,C001,R004,S008,25,250,0.05,5937.5,1781.25,6531.25,6234.375
04241,21-10-2029,28-10-2029,P001,C007,R004,S008,29,1200,0.15,29580,8874,32538,31059
04242,22-10-2029,29-10-2029,P001,C001,R010,S006,41,500,0.05,19475,5842.5,21422.5,20448.75
04243,22-10-2029,29-10-2029,P003,C002,R010,S003,67,250,0.1,15075,4522.5,16582.5,15828.75
04244,23-10-2029,30-10-2029,P001,C010,R001,S002,73,4500,0.05,312075,93622.5,343282.5,327678.75
04245,23-10-2029,30-10-2029,P006,C010,R005,S004,17,250,0.05,4037.5,1211.25,4441.25,4239.375
04246,24-10-2029,31-10-2029,P010,C003,R005,S003,7,1200,0.1,7560,2268,8316,7938
04247,24-10-2029,31-10-2029,P004,C001,R010,S002,15,4500,0.1,60750,18225,66825,63787.5
04248,25-10-2029,01-11-2029,P008,C008,R004,S010,19,500,0.1,8550,2565,9405,8977.5
04249,25-10-2029,01-11-2029,P007,C003,R002,S004,37,250,0.05,8787.5,2636.25,9666.25,9226.875
04250,26-10-2029,02-11-2029,P007,C004,R010,S004,73,1200,0.05,83220,24966,91542,87381
04251,26-10-2029,02-11-2029,P001,C010,R010,S008,74,250,0.1,16650,4995,18315,17482.5
04252,27-10-2029,03-11-2029,P010,C002,R001,S010,42,500,0.1,18900,5670,20790,19845
04253,27-10-2029,03-11-2029,P010,C006,R009,S005,6,1200,0.15,6120,1836,6732,6426
04254,28-10-2029,04-11-2029,P002,C009,R004,S005,24,3200,0,76800,23040,84480,80640
04255,28-10-2029,04-11-2029,P006,C003,R004,S006,89,500,0.15,37825,11347.5,41607.5,39716.25
04256,29-10-2029,05-11-2029,P008,C003,R006,S004,60,4500,0.05,256500,76950,282150,269325
04257,29-10-2029,05-11-2029,P003,C007,R005,S001,28,4500,0.1,113400,34020,124740,119070
04258,30-10-2029,06-11-2029,P007,C002,R003,S005,92,500,0,46000,13800,50600,48300
04259,30-10-2029,06-11-2029,P006,C008,R006,S001,81,4500,0,364500,109350,400950,382725
04260,31-10-2029,07-11-2029,P003,C002,R005,S006,40,250,0.1,9000,2700,9900,9450
04261,31-10-2029,07-11-2029,P006,C003,R010,S003,19,250,0,4750,1425,5225,4987.5
04262,01-11-2029,08-11-2029,P010,C007,R008,S007,65,1200,0.05,74100,22230,81510,77805
04263,01-11-2029,08-11-2029,P003,C005,R004,S009,63,1200,0.15,64260,19278,70686,67473
04264,02-11-2029,09-11-2029,P006,C005,R002,S010,80,250,0,20000,6000,22000,21000
04265,02-11-2029,09-11-2029,P007,C007,R008,S002,93,1200,0.15,94860,28458,104346,99603
04266,03-11-2029,10-11-2029,P005,C003,R004,S008,9,4500,0.15,34425,10327.5,37867.5,36146.25
04267,03-11-2029,10-11-2029,P002,C009,R003,S002,92,3200,0.05,279680,83904,307648,293664
04268,04-11-2029,11-11-2029,P006,C004,R003,S007,88,500,0,44000,13200,48400,46200
04269,04-11-2029,11-11-2029,P006,C003,R002,S009,27,4500,0,121500,36450,133650,127575
04270,05-11-2029,12-11-2029,P003,C010,R009,S007,86,250,0,21500,6450,23650,22575
04271,05-11-2029,12-11-2029,P002,C007,R001,S006,22,3200,0.1,63360,19008,69696,66528
04272,06-11-2029,13-11-2029,P001,C009,R001,S006,14,4500,0.15,53550,16065,58905,56227.5
04273,06-11-2029,13-11-2029,P003,C008,R009,S004,17,1200,0,20400,6120,22440,21420
04274,07-11-2029,14-11-2029,P004,C010,R001,S005,15,3200,0.1,43200,12960,47520,45360
04275,07-11-2029,14-11-2029,P003,C009,R005,S010,32,3200,0.1,92160,27648,101376,96768
04276,08-11-2029,15-11-2029,P007,C004,R005,S009,82,1200,0.1,88560,26568,97416,92988
04277,08-11-2029,15-11-2029,P001,C009,R004,S006,96,250,0.15,20400,6120,22440,21420
04278,09-11-2029,16-11-2029,P001,C003,R005,S008,88,1200,0,105600,31680,116160,110880
04279,09-11-2029,16-11-2029,P008,C005,R008,S008,28,1200,0,33600,10080,36960,35280
04280,10-11-2029,17-11-2029,P009,C007,R001,S005,8,1200,0,9600,2880,10560,10080
04281,10-11-2029,17-11-2029,P002,C002,R006,S007,71,500,0,35500,10650,39050,37275
04282,11-11-2029,18-11-2029,P007,C007,R006,S003,40,250,0.15,8500,2550,9350,8925
04283,11-11-2029,18-11-2029,P007,C007,R002,S010,43,4500,0,193500,58050,212850,203175
04284,12-11-2029,19-11-2029,P003,C006,R001,S005,71,250,0.05,16862.5,5058.75,18548.75,17705.625
04285,12-11-2029,19-11-2029,P005,C003,R009,S005,68,1200,0.05,77520,23256,85272,81396
04286,13-11-2029,20-11-2029,P003,C006,R005,S010,96,3200,0,307200,92160,337920,322560
04287,13-11-2029,20-11-2029,P001,C009,R001,S002,98,4500,0.05,418950,125685,460845,439897.5
04288,14-11-2029,21-11-2029,P002,C005,R007,S004,62,4500,0.05,265050,79515,291555,278302.5
04289,14-11-2029,21-11-2029,P006,C009,R004,S008,94,250,0.1,21150,6345,23265,22207.5
04290,15-11-2029,22-11-2029,P007,C005,R003,S002,58,1200,0.05,66120,19836,72732,69426
04291,15-11-2029,22-11-2029,P003,C004,R010,S004,57,4500,0.1,230850,69255,253935,242392.5
04292,16-11-2029,23-11-2029,P007,C010,R007,S001,63,250,0,15750,4725,17325,16537.5
04293,16-11-2029,23-11-2029,P009,C009,R007,S005,56,4500,0.1,226800,68040,249480,238140
04294,17-11-2029,24-11-2029,P001,C009,R002,S004,23,4500,0.15,87975,26392.5,96772.5,92373.75
04295,17-11-2029,24-11-2029,P009,C001,R001,S005,24,1200,0.1,25920,7776,28512,27216
04296,18-11-2029,25-11-2029,P006,C009,R010,S008,13,1200,0.05,14820,4446,16302,15561
04297,18-11-2029,25-11-2029,P001,C006,R004,S008,21,500,0.15,8925,2677.5,9817.5,9371.25
04298,19-11-2029,26-11-2029,P004,C005,R009,S007,36,4500,0.15,137700,41310,151470,144585
04299,19-11-2029,26-11-2029,P002,C004,R005,S009,78,500,0.1,35100,10530,38610,36855
04300,20-11-2029,27-11-2029,P007,C009,R003,S007,47,4500,0.1,190350,57105,209385,199867.5
04301,20-11-2029,27-11-2029,P010,C010,R004,S008,46,3200,0,147200,44160,161920,154560
04302,21-11-2029,28-11-2029,P001,C004,R010,S003,9,3200,0,28800,8640,31680,30240
04303,21-11-2029,28-11-2029,P010,C008,R007,S007,10,4500,0.1,40500,12150,44550,42525
04304,22-11-2029,29-11-2029,P005,C009,R006,S006,11,1200,0.05,12540,3762,13794,13167
04305,22-11-2029,29-11-2029,P009,C004,R003,S003,44,500,0.15,18700,5610,20570,19635
04306,23-11-2029,30-11-2029,P005,C002,R008,S004,95,500,0.15,40375,12112.5,44412.5,42393.75
04307,23-11-2029,30-11-2029,P007,C008,R002,S010,49,1200,0.05,55860,16758,61446,58653
04308,24-11-2029,01-12-2029,P006,C004,R002,S002,93,1200,0.05,106020,31806,116622,111321
04309,24-11-2029,01-12-2029,P004,C002,R006,S007,57,3200,0.05,173280,51984,190608,181944
04310,25-11-2029,02-12-2029,P004,C006,R002,S004,33,250,0.1,7425,2227.5,8167.5,7796.25
04311,25-11-2029,02-12-2029,P005,C004,R005,S010,23,1200,0.1,24840,7452,27324,26082
04312,26-11-2029,03-12-2029,P002,C003,R009,S001,42,1200,0.15,42840,12852,47124,44982
04313,26-11-2029,03-12-2029,P010,C006,R006,S006,7,250,0,1750,525,1925,1837.5
04314,27-11-2029,04-12-2029,P008,C009,R003,S007,37,4500,0.15,141525,42457.5,155677.5,148601.25
04315,27-11-2029,04-12-2029,P009,C010,R009,S001,59,250,0,14750,4425,16225,15487.5
04316,28-11-2029,05-12-2029,P001,C007,R004,S009,82,500,0.05,38950,11685,42845,40897.5
04317,28-11-2029,05-12-2029,P001,C010,R005,S005,14,500,0.05,6650,1995,7315,6982.5
04318,29-11-2029,06-12-2029,P001,C001,R001,S005,24,4500,0.15,91800,27540,100980,96390
04319,29-11-2029,06-12-2029,P009,C004,R005,S008,50,4500,0.05,213750,64125,235125,224437.5
04320,30-11-2029,07-12-2029,P002,C008,R003,S004,85,250,0.05,20187.5,6056.25,22206.25,21196.875
04321,30-11-2029,07-12-2029,P001,C010,R008,S001,96,250,0.1,21600,6480,23760,22680
04322,01-12-2029,08-12-2029,P001,C009,R003,S002,25,3200,0.1,72000,21600,79200,75600
04323,01-12-2029,08-12-2029,P003,C010,R002,S010,91,4500,0.1,368550,110565,405405,386977.5
04324,02-12-2029,09-12-2029,P004,C008,R009,S001,44,250,0.05,10450,3135,11495,10972.5
04325,02-12-2029,09-12-2029,P002,C002,R002,S010,79,3200,0,252800,75840,278080,265440
04326,03-12-2029,10-12-2029,P006,C002,R010,S006,40,500,0,20000,6000,22000,21000
04327,03-12-2029,10-12-2029,P009,C010,R008,S007,44,3200,0.05,133760,40128,147136,140448
04328,04-12-2029,11-12-2029,P010,C008,R008,S007,41,500,0.15,17425,5227.5,19167.5,18296.25
04329,04-12-2029,11-12-2029,P005,C005,R007,S006,35,500,0.15,14875,4462.5,16362.5,15618.75
04330,05-12-2029,12-12-2029,P004,C008,R006,S010,24,500,0.15,10200,3060,11220,10710
04331,05-12-2029,12-12-2029,P003,C009,R005,S002,58,4500,0.05,247950,74385,272745,260347.5
04332,06-12-2029,13-12-2029,P010,C007,R005,S001,42,250,0,10500,3150,11550,11025
04333,06-12-2029,13-12-2029,P007,C006,R009,S010,47,3200,0.1,135360,40608,148896,142128
04334,07-12-2029,14-12-2029,P003,C003,R007,S010,65,500,0.15,27625,8287.5,30387.5,29006.25
04335,07-12-2029,14-12-2029,P006,C001,R003,S003,18,3200,0.15,48960,14688,53856,51408
04336,08-12-2029,15-12-2029,P009,C006,R008,S002,19,4500,0.15,72675,21802.5,79942.5,76308.75
04337,08-12-2029,15-12-2029,P006,C006,R001,S008,28,3200,0,89600,26880,98560,94080
04338,09-12-2029,16-12-2029,P009,C009,R001,S003,58,3200,0.15,157760,47328,173536,165648
04339,09-12-2029,16-12-2029,P009,C001,R007,S009,86,3200,0,275200,82560,302720,288960
04340,10-12-2029,17-12-2029,P004,C001,R001,S001,54,1200,0.15,55080,16524,60588,57834
04341,10-12-2029,17-12-2029,P002,C005,R006,S004,32,4500,0,144000,43200,158400,151200
04342,11-12-2029,18-12-2029,P004,C005,R007,S009,79,1200,0.1,85320,25596,93852,89586
04343,11-12-2029,18-12-2029,P003,C008,R008,S007,32,3200,0.15,87040,26112,95744,91392
04344,12-12-2029,19-12-2029,P006,C009,R002,S010,94,4500,0,423000,126900,465300,444150
04345,12-12-2029,19-12-2029,P008,C010,R005,S007,72,1200,0.15,73440,22032,80784,77112
04346,13-12-2029,20-12-2029,P009,C002,R003,S003,78,4500,0.1,315900,94770,347490,331695
04347,13-12-2029,20-12-2029,P007,C004,R008,S010,49,500,0.1,22050,6615,24255,23152.5
04348,14-12-2029,21-12-2029,P008,C007,R002,S003,58,3200,0.15,157760,47328,173536,165648
04349,14-12-2029,21-12-2029,P006,C001,R001,S007,29,4500,0.1,117450,35235,129195,123322.5
04350,15-12-2029,22-12-2029,P007,C002,R007,S006,95,1200,0.05,108300,32490,119130,113715
04351,15-12-2029,22-12-2029,P003,C010,R010,S001,54,500,0.05,25650,7695,28215,26932.5
04352,16-12-2029,23-12-2029,P010,C003,R001,S003,36,4500,0.05,153900,46170,169290,161595
04353,16-12-2029,23-12-2029,P001,C002,R001,S005,5,250,0,1250,375,1375,1312.5
04354,17-12-2029,24-12-2029,P007,C008,R004,S002,44,3200,0.15,119680,35904,131648,125664
04355,17-12-2029,24-12-2029,P005,C006,R007,S009,73,3200,0,233600,70080,256960,245280
04356,18-12-2029,25-12-2029,P009,C010,R005,S005,6,250,0.15,1275,382.5,1402.5,1338.75
04357,18-12-2029,25-12-2029,P006,C001,R001,S006,66,250,0.15,14025,4207.5,15427.5,14726.25
04358,19-12-2029,26-12-2029,P007,C002,R005,S004,93,3200,0,297600,89280,327360,312480
04359,19-12-2029,26-12-2029,P005,C006,R010,S003,58,1200,0,69600,20880,76560,73080
04360,20-12-2029,27-12-2029,P005,C007,R005,S008,36,500,0,18000,5400,19800,18900
04361,20-12-2029,27-12-2029,P007,C005,R007,S004,73,1200,0.15,74460,22338,81906,78183
04362,21-12-2029,28-12-2029,P003,C008,R009,S006,91,4500,0,409500,122850,450450,429975
04363,21-12-2029,28-12-2029,P004,C009,R010,S006,93,250,0.1,20925,6277.5,23017.5,21971.25
04364,22-12-2029,29-12-2029,P006,C007,R002,S008,47,4500,0.1,190350,57105,209385,199867.5
04365,22-12-2029,29-12-2029,P010,C009,R008,S004,68,1200,0.15,69360,20808,76296,72828
04366,23-12-2029,30-12-2029,P009,C010,R002,S003,99,250,0.15,21037.5,6311.25,23141.25,22089.375
04367,23-12-2029,30-12-2029,P003,C005,R008,S010,88,3200,0,281600,84480,309760,295680
04368,24-12-2029,31-12-2029,P002,C006,R001,S001,61,3200,0,195200,58560,214720,204960
04369,24-12-2029,31-12-2029,P003,C004,R005,S004,91,4500,0.1,368550,110565,405405,386977.5
04370,25-12-2029,01-01-2030,P001,C009,R004,S005,57,4500,0,256500,76950,282150,269325
04371,25-12-2029,01-01-2030,P001,C003,R004,S010,30,250,0.05,7125,2137.5,7837.5,7481.25
04372,26-12-2029,02-01-2030,P002,C004,R003,S003,45,250,0.05,10687.5,3206.25,11756.25,11221.875
04373,26-12-2029,02-01-2030,P006,C005,R001,S006,22,1200,0.05,25080,7524,27588,26334
04374,27-12-2029,03-01-2030,P003,C003,R009,S005,85,250,0.1,19125,5737.5,21037.5,20081.25
04375,27-12-2029,03-01-2030,P004,C010,R007,S003,90,4500,0,405000,121500,445500,425250
04376,28-12-2029,04-01-2030,P005,C004,R008,S010,67,500,0.1,30150,9045,33165,31657.5
04377,28-12-2029,04-01-2030,P004,C007,R004,S008,12,1200,0.1,12960,3888,14256,13608
04378,29-12-2029,05-01-2030,P009,C001,R010,S005,74,250,0.1,16650,4995,18315,17482.5
04379,29-12-2029,05-01-2030,P008,C008,R010,S010,77,250,0.1,17325,5197.5,19057.5,18191.25
04380,30-12-2029,06-01-2030,P002,C009,R002,S004,84,4500,0.05,359100,107730,395010,377055
04381,30-12-2029,06-01-2030,P002,C008,R009,S006,65,1200,0.05,74100,22230,81510,77805
04382,31-12-2029,07-01-2030,P008,C005,R009,S002,20,3200,0,64000,19200,70400,67200
04383,31-12-2029,07-01-2030,P003,C002,R001,S005,68,500,0.05,32300,9690,35530,33915
04384,01-01-2030,08-01-2030,P008,C005,R009,S008,61,4500,0,274500,82350,301950,288225
04385,01-01-2030,08-01-2030,P008,C004,R005,S009,10,500,0.1,4500,1350,4950,4725
04386,02-01-2030,09-01-2030,P001,C008,R010,S004,90,3200,0.1,259200,77760,285120,272160
04387,02-01-2030,09-01-2030,P005,C008,R009,S003,24,1200,0.1,25920,7776,28512,27216
04388,03-01-2030,10-01-2030,P005,C006,R008,S002,77,500,0.1,34650,10395,38115,36382.5
04389,03-01-2030,10-01-2030,P006,C001,R006,S005,19,500,0.15,8075,2422.5,8882.5,8478.75
04390,04-01-2030,11-01-2030,P003,C010,R005,S010,20,500,0.1,9000,2700,9900,9450
04391,04-01-2030,11-01-2030,P003,C010,R007,S008,75,500,0.1,33750,10125,37125,35437.5
04392,05-01-2030,12-01-2030,P005,C002,R010,S008,67,250,0.1,15075,4522.5,16582.5,15828.75
04393,05-01-2030,12-01-2030,P001,C010,R010,S009,70,3200,0.05,212800,63840,234080,223440
04394,06-01-2030,13-01-2030,P003,C009,R002,S001,83,250,0.05,19712.5,5913.75,21683.75,20698.125
04395,06-01-2030,13-01-2030,P002,C008,R007,S001,92,3200,0.1,264960,79488,291456,278208
04396,07-01-2030,14-01-2030,P004,C010,R003,S004,74,250,0,18500,5550,20350,19425
04397,07-01-2030,14-01-2030,P002,C004,R005,S009,56,250,0.15,11900,3570,13090,12495
04398,08-01-2030,15-01-2030,P006,C002,R010,S001,39,4500,0.15,149175,44752.5,164092.5,156633.75
04399,08-01-2030,15-01-2030,P002,C010,R001,S006,37,500,0.1,16650,4995,18315,17482.5
04400,09-01-2030,16-01-2030,P004,C001,R003,S001,57,4500,0.05,243675,73102.5,268042.5,255858.75
04401,09-01-2030,16-01-2030,P001,C004,R002,S009,5,4500,0.05,21375,6412.5,23512.5,22443.75
04402,10-01-2030,17-01-2030,P009,C003,R005,S005,25,250,0.1,5625,1687.5,6187.5,5906.25
04403,10-01-2030,17-01-2030,P001,C009,R007,S003,91,250,0,22750,6825,25025,23887.5
04404,11-01-2030,18-01-2030,P001,C004,R002,S003,30,1200,0.1,32400,9720,35640,34020
04405,11-01-2030,18-01-2030,P009,C003,R003,S007,96,250,0.1,21600,6480,23760,22680
04406,12-01-2030,19-01-2030,P009,C004,R003,S001,67,250,0.1,15075,4522.5,16582.5,15828.75
04407,12-01-2030,19-01-2030,P008,C008,R009,S002,22,4500,0.05,94050,28215,103455,98752.5
04408,13-01-2030,20-01-2030,P003,C004,R007,S008,60,250,0.15,12750,3825,14025,13387.5
04409,13-01-2030,20-01-2030,P009,C003,R007,S004,44,500,0.1,19800,5940,21780,20790
04410,14-01-2030,21-01-2030,P006,C006,R007,S008,43,1200,0.05,49020,14706,53922,51471
04411,14-01-2030,21-01-2030,P004,C007,R007,S001,63,1200,0.05,71820,21546,79002,75411
04412,15-01-2030,22-01-2030,P007,C010,R004,S009,48,500,0.1,21600,6480,23760,22680
04413,15-01-2030,22-01-2030,P006,C007,R009,S010,38,1200,0.05,43320,12996,47652,45486
04414,16-01-2030,23-01-2030,P005,C001,R007,S006,42,250,0,10500,3150,11550,11025
04415,16-01-2030,23-01-2030,P007,C005,R008,S007,51,250,0,12750,3825,14025,13387.5
04416,17-01-2030,24-01-2030,P007,C007,R006,S005,12,4500,0.15,45900,13770,50490,48195
04417,17-01-2030,24-01-2030,P003,C010,R004,S006,56,1200,0.05,63840,19152,70224,67032
04418,18-01-2030,25-01-2030,P001,C004,R005,S002,80,4500,0.05,342000,102600,376200,359100
04419,18-01-2030,25-01-2030,P008,C004,R004,S010,58,250,0.1,13050,3915,14355,13702.5
04420,19-01-2030,26-01-2030,P006,C007,R004,S009,92,500,0.15,39100,11730,43010,41055
04421,19-01-2030,26-01-2030,P001,C006,R002,S005,93,500,0.15,39525,11857.5,43477.5,41501.25
04422,20-01-2030,27-01-2030,P008,C004,R002,S006,29,1200,0,34800,10440,38280,36540
04423,20-01-2030,27-01-2030,P006,C010,R004,S002,57,500,0,28500,8550,31350,29925
04424,21-01-2030,28-01-2030,P005,C010,R004,S010,24,500,0.1,10800,3240,11880,11340
04425,21-01-2030,28-01-2030,P004,C005,R010,S003,90,500,0,45000,13500,49500,47250
04426,22-01-2030,29-01-2030,P005,C010,R004,S006,64,4500,0.1,259200,77760,285120,272160
04427,22-01-2030,29-01-2030,P009,C001,R004,S006,11,500,0.05,5225,1567.5,5747.5,5486.25
04428,23-01-2030,30-01-2030,P009,C009,R010,S006,94,250,0.1,21150,6345,23265,22207.5
04429,23-01-2030,30-01-2030,P009,C006,R002,S008,45,3200,0.05,136800,41040,150480,143640
04430,24-01-2030,31-01-2030,P003,C001,R004,S008,32,250,0.15,6800,2040,7480,7140
04431,24-01-2030,31-01-2030,P003,C003,R007,S009,15,250,0.05,3562.5,1068.75,3918.75,3740.625
04432,25-01-2030,01-02-2030,P006,C001,R001,S005,93,4500,0.15,355725,106717.5,391297.5,373511.25
04433,25-01-2030,01-02-2030,P004,C009,R007,S005,8,4500,0.15,30600,9180,33660,32130
04434,26-01-2030,02-02-2030,P004,C008,R005,S009,84,500,0.05,39900,11970,43890,41895
04435,26-01-2030,02-02-2030,P006,C006,R002,S010,58,4500,0.15,221850,66555,244035,232942.5
04436,27-01-2030,03-02-2030,P001,C006,R008,S002,28,1200,0.15,28560,8568,31416,29988
04437,27-01-2030,03-02-2030,P006,C009,R001,S008,68,4500,0.1,275400,82620,302940,289170
04438,28-01-2030,04-02-2030,P004,C006,R005,S001,39,4500,0.15,149175,44752.5,164092.5,156633.75
04439,28-01-2030,04-02-2030,P007,C005,R009,S005,43,3200,0.15,116960,35088,128656,122808
04440,29-01-2030,05-02-2030,P009,C008,R008,S007,66,500,0.05,31350,9405,34485,32917.5
04441,29-01-2030,05-02-2030,P009,C008,R009,S004,43,1200,0.1,46440,13932,51084,48762
04442,30-01-2030,06-02-2030,P008,C007,R003,S007,29,500,0.05,13775,4132.5,15152.5,14463.75
04443,30-01-2030,06-02-2030,P006,C008,R002,S008,38,1200,0.05,43320,12996,47652,45486
04444,31-01-2030,07-02-2030,P002,C006,R010,S004,38,4500,0.05,162450,48735,178695,170572.5
04445,31-01-2030,07-02-2030,P004,C009,R010,S001,53,250,0.1,11925,3577.5,13117.5,12521.25
04446,01-02-2030,08-02-2030,P002,C002,R007,S003,76,500,0.15,32300,9690,35530,33915
04447,01-02-2030,08-02-2030,P006,C007,R004,S008,21,500,0.15,8925,2677.5,9817.5,9371.25
04448,02-02-2030,09-02-2030,P007,C006,R005,S005,96,1200,0.05,109440,32832,120384,114912
04449,02-02-2030,09-02-2030,P008,C008,R007,S010,44,4500,0.15,168300,50490,185130,176715
04450,03-02-2030,10-02-2030,P004,C008,R006,S009,60,500,0.15,25500,7650,28050,26775
04451,03-02-2030,10-02-2030,P008,C001,R001,S009,57,500,0.1,25650,7695,28215,26932.5
04452,04-02-2030,11-02-2030,P006,C005,R008,S010,87,4500,0.15,332775,99832.5,366052.5,349413.75
04453,04-02-2030,11-02-2030,P006,C001,R008,S010,62,3200,0.05,188480,56544,207328,197904
04454,05-02-2030,12-02-2030,P002,C008,R010,S006,10,3200,0,32000,9600,35200,33600
04455,05-02-2030,12-02-2030,P009,C010,R001,S009,43,4500,0.05,183825,55147.5,202207.5,193016.25
04456,06-02-2030,13-02-2030,P005,C006,R001,S003,99,3200,0.05,300960,90288,331056,316008
04457,06-02-2030,13-02-2030,P006,C010,R009,S006,28,500,0.1,12600,3780,13860,13230
04458,07-02-2030,14-02-2030,P009,C002,R007,S002,46,500,0,23000,6900,25300,24150
04459,07-02-2030,14-02-2030,P002,C005,R001,S004,20,250,0.15,4250,1275,4675,4462.5
04460,08-02-2030,15-02-2030,P002,C007,R007,S008,37,4500,0.15,141525,42457.5,155677.5,148601.25
04461,08-02-2030,15-02-2030,P001,C007,R003,S009,25,250,0,6250,1875,6875,6562.5
04462,09-02-2030,16-02-2030,P003,C008,R003,S010,54,500,0.05,25650,7695,28215,26932.5
04463,09-02-2030,16-02-2030,P008,C005,R002,S003,16,1200,0.05,18240,5472,20064,19152
04464,10-02-2030,17-02-2030,P002,C010,R001,S008,18,500,0.05,8550,2565,9405,8977.5
04465,10-02-2030,17-02-2030,P005,C009,R009,S001,14,3200,0.1,40320,12096,44352,42336
04466,11-02-2030,18-02-2030,P003,C010,R007,S003,28,250,0.15,5950,1785,6545,6247.5
04467,11-02-2030,18-02-2030,P003,C002,R005,S007,93,500,0,46500,13950,51150,48825
04468,12-02-2030,19-02-2030,P001,C010,R005,S008,20,3200,0.15,54400,16320,59840,57120
04469,12-02-2030,19-02-2030,P006,C004,R008,S004,39,1200,0.15,39780,11934,43758,41769
04470,13-02-2030,20-02-2030,P003,C005,R008,S007,46,1200,0.15,46920,14076,51612,49266
04471,13-02-2030,20-02-2030,P004,C004,R009,S003,6,250,0.05,1425,427.5,1567.5,1496.25
04472,14-02-2030,21-02-2030,P010,C009,R006,S004,39,250,0.15,8287.5,2486.25,9116.25,8701.875
04473,14-02-2030,21-02-2030,P006,C008,R003,S006,31,3200,0,99200,29760,109120,104160
04474,15-02-2030,22-02-2030,P004,C008,R005,S003,22,250,0,5500,1650,6050,5775
04475,15-02-2030,22-02-2030,P008,C002,R008,S009,6,1200,0.1,6480,1944,7128,6804
04476,16-02-2030,23-02-2030,P002,C003,R004,S003,96,3200,0.05,291840,87552,321024,306432
04477,16-02-2030,23-02-2030,P005,C010,R007,S006,78,4500,0.15,298350,89505,328185,313267.5
04478,17-02-2030,24-02-2030,P005,C001,R009,S009,58,4500,0.1,234900,70470,258390,246645
04479,17-02-2030,24-02-2030,P005,C008,R008,S002,23,3200,0.15,62560,18768,68816,65688
04480,18-02-2030,25-02-2030,P010,C005,R003,S006,5,250,0.15,1062.5,318.75,1168.75,1115.625
04481,18-02-2030,25-02-2030,P009,C004,R010,S004,21,1200,0,25200,7560,27720,26460
04482,19-02-2030,26-02-2030,P007,C006,R006,S001,92,4500,0.15,351900,105570,387090,369495
04483,19-02-2030,26-02-2030,P006,C003,R003,S006,100,3200,0,320000,96000,352000,336000
04484,20-02-2030,27-02-2030,P002,C003,R001,S009,80,500,0.05,38000,11400,41800,39900
04485,20-02-2030,27-02-2030,P003,C003,R006,S008,23,250,0.15,4887.5,1466.25,5376.25,5131.875
04486,21-02-2030,28-02-2030,P003,C005,R002,S003,36,250,0.05,8550,2565,9405,8977.5
04487,21-02-2030,28-02-2030,P003,C002,R003,S009,88,500,0.15,37400,11220,41140,39270
04488,22-02-2030,01-03-2030,P002,C006,R008,S005,89,500,0.1,40050,12015,44055,42052.5
04489,22-02-2030,01-03-2030,P006,C002,R006,S009,53,1200,0.05,60420,18126,66462,63441
04490,23-02-2030,02-03-2030,P009,C002,R010,S001,77,4500,0.15,294525,88357.5,323977.5,309251.25
04491,23-02-2030,02-03-2030,P005,C004,R010,S002,84,3200,0,268800,80640,295680,282240
04492,24-02-2030,03-03-2030,P001,C003,R008,S008,10,250,0.05,2375,712.5,2612.5,2493.75
04493,24-02-2030,03-03-2030,P007,C009,R010,S003,76,1200,0.15,77520,23256,85272,81396
04494,25-02-2030,04-03-2030,P002,C005,R010,S001,14,500,0.15,5950,1785,6545,6247.5
04495,25-02-2030,04-03-2030,P009,C006,R006,S002,94,1200,0.05,107160,32148,117876,112518
04496,26-02-2030,05-03-2030,P008,C007,R006,S001,37,250,0.15,7862.5,2358.75,8648.75,8255.625
04497,26-02-2030,05-03-2030,P001,C009,R009,S003,42,1200,0.05,47880,14364,52668,50274
04498,27-02-2030,06-03-2030,P007,C008,R008,S010,13,500,0,6500,1950,7150,6825
04499,27-02-2030,06-03-2030,P010,C006,R002,S006,32,500,0.15,13600,4080,14960,14280
04500,28-02-2030,07-03-2030,P008,C001,R008,S006,22,500,0,11000,3300,12100,11550
04501,28-02-2030,07-03-2030,P009,C004,R007,S003,46,1200,0.15,46920,14076,51612,49266
04502,01-03-2030,08-03-2030,P002,C008,R010,S009,46,4500,0.15,175950,52785,193545,184747.5
04503,01-03-2030,08-03-2030,P004,C002,R004,S005,44,3200,0.15,119680,35904,131648,125664
04504,02-03-2030,09-03-2030,P005,C003,R007,S010,35,3200,0.05,106400,31920,117040,111720
04505,02-03-2030,09-03-2030,P009,C008,R008,S004,45,4500,0.15,172125,51637.5,189337.5,180731.25
04506,03-03-2030,10-03-2030,P004,C009,R005,S006,42,250,0.15,8925,2677.5,9817.5,9371.25
04507,03-03-2030,10-03-2030,P006,C009,R007,S010,100,1200,0.1,108000,32400,118800,113400
04508,04-03-2030,11-03-2030,P008,C001,R009,S002,29,1200,0,34800,10440,38280,36540
04509,04-03-2030,11-03-2030,P005,C004,R003,S008,44,250,0,11000,3300,12100,11550
04510,05-03-2030,12-03-2030,P009,C004,R001,S007,99,250,0.15,21037.5,6311.25,23141.25,22089.375
04511,05-03-2030,12-03-2030,P010,C001,R007,S009,98,4500,0,441000,132300,485100,463050
04512,06-03-2030,13-03-2030,P007,C002,R001,S008,59,1200,0,70800,21240,77880,74340
04513,06-03-2030,13-03-2030,P010,C006,R001,S003,80,250,0.15,17000,5100,18700,17850
04514,07-03-2030,14-03-2030,P003,C001,R004,S001,32,4500,0.1,129600,38880,142560,136080
04515,07-03-2030,14-03-2030,P006,C006,R004,S010,86,250,0.05,20425,6127.5,22467.5,21446.25
04516,08-03-2030,15-03-2030,P006,C009,R002,S008,60,4500,0,270000,81000,297000,283500
04517,08-03-2030,15-03-2030,P003,C004,R007,S009,23,3200,0.15,62560,18768,68816,65688
04518,09-03-2030,16-03-2030,P002,C010,R008,S006,73,250,0.1,16425,4927.5,18067.5,17246.25
04519,09-03-2030,16-03-2030,P010,C006,R002,S002,11,3200,0,35200,10560,38720,36960
04520,10-03-2030,17-03-2030,P002,C004,R003,S010,44,500,0.15,18700,5610,20570,19635
04521,10-03-2030,17-03-2030,P002,C001,R002,S005,93,250,0.1,20925,6277.5,23017.5,21971.25
04522,11-03-2030,18-03-2030,P007,C003,R006,S002,29,3200,0.1,83520,25056,91872,87696
04523,11-03-2030,18-03-2030,P005,C001,R007,S004,68,250,0.1,15300,4590,16830,16065
04524,12-03-2030,19-03-2030,P002,C007,R009,S010,16,250,0.15,3400,1020,3740,3570
04525,12-03-2030,19-03-2030,P002,C003,R010,S008,16,4500,0.05,68400,20520,75240,71820
04526,13-03-2030,20-03-2030,P008,C007,R005,S010,79,500,0.1,35550,10665,39105,37327.5
04527,13-03-2030,20-03-2030,P004,C010,R004,S003,88,3200,0.05,267520,80256,294272,280896
04528,14-03-2030,21-03-2030,P004,C008,R001,S007,93,3200,0.1,267840,80352,294624,281232
04529,14-03-2030,21-03-2030,P010,C007,R007,S004,96,1200,0.1,103680,31104,114048,108864
04530,15-03-2030,22-03-2030,P002,C002,R007,S009,44,4500,0,198000,59400,217800,207900
04531,15-03-2030,22-03-2030,P006,C009,R007,S005,87,500,0.1,39150,11745,43065,41107.5
04532,16-03-2030,23-03-2030,P007,C001,R004,S010,24,1200,0.05,27360,8208,30096,28728
04533,16-03-2030,23-03-2030,P009,C004,R008,S008,86,3200,0.1,247680,74304,272448,260064
04534,17-03-2030,24-03-2030,P010,C007,R002,S001,37,1200,0.15,37740,11322,41514,39627
04535,17-03-2030,24-03-2030,P007,C001,R008,S001,33,500,0.05,15675,4702.5,17242.5,16458.75
04536,18-03-2030,25-03-2030,P001,C006,R010,S009,59,250,0.1,13275,3982.5,14602.5,13938.75
04537,18-03-2030,25-03-2030,P010,C006,R007,S003,60,4500,0.05,256500,76950,282150,269325
04538,19-03-2030,26-03-2030,P007,C007,R007,S009,66,250,0,16500,4950,18150,17325
04539,19-03-2030,26-03-2030,P004,C002,R003,S001,10,250,0.15,2125,637.5,2337.5,2231.25
04540,20-03-2030,27-03-2030,P006,C002,R004,S006,7,3200,0.1,20160,6048,22176,21168
04541,20-03-2030,27-03-2030,P009,C005,R009,S002,18,250,0.15,3825,1147.5,4207.5,4016.25
04542,21-03-2030,28-03-2030,P003,C004,R002,S005,41,250,0,10250,3075,11275,10762.5
04543,21-03-2030,28-03-2030,P006,C003,R002,S001,13,250,0.15,2762.5,828.75,3038.75,2900.625
04544,22-03-2030,29-03-2030,P010,C007,R005,S005,91,3200,0.15,247520,74256,272272,259896
04545,22-03-2030,29-03-2030,P009,C003,R007,S002,92,500,0,46000,13800,50600,48300
04546,23-03-2030,30-03-2030,P010,C005,R001,S009,68,1200,0.15,69360,20808,76296,72828
04547,23-03-2030,30-03-2030,P006,C009,R004,S006,34,3200,0.15,92480,27744,101728,97104
04548,24-03-2030,31-03-2030,P010,C001,R001,S001,29,250,0.05,6887.5,2066.25,7576.25,7231.875
04549,24-03-2030,31-03-2030,P008,C007,R002,S002,29,500,0.15,12325,3697.5,13557.5,12941.25
04550,25-03-2030,01-04-2030,P003,C005,R002,S004,39,500,0,19500,5850,21450,20475
04551,25-03-2030,01-04-2030,P006,C005,R005,S001,32,4500,0.15,122400,36720,134640,128520
04552,26-03-2030,02-04-2030,P001,C007,R001,S009,26,4500,0.05,111150,33345,122265,116707.5
04553,26-03-2030,02-04-2030,P002,C008,R010,S007,72,250,0,18000,5400,19800,18900
04554,27-03-2030,03-04-2030,P004,C010,R002,S009,74,1200,0,88800,26640,97680,93240
04555,27-03-2030,03-04-2030,P009,C010,R009,S005,19,4500,0.15,72675,21802.5,79942.5,76308.75
04556,28-03-2030,04-04-2030,P007,C005,R008,S002,83,500,0.1,37350,11205,41085,39217.5
04557,28-03-2030,04-04-2030,P010,C004,R009,S007,8,3200,0,25600,7680,28160,26880
04558,29-03-2030,05-04-2030,P009,C008,R007,S010,51,500,0,25500,7650,28050,26775
04559,29-03-2030,05-04-2030,P005,C005,R005,S004,68,3200,0.15,184960,55488,203456,194208
04560,30-03-2030,06-04-2030,P008,C006,R008,S002,73,250,0.1,16425,4927.5,18067.5,17246.25
04561,30-03-2030,06-04-2030,P009,C009,R007,S009,90,250,0.15,19125,5737.5,21037.5,20081.25
04562,31-03-2030,07-04-2030,P006,C008,R003,S005,72,1200,0.05,82080,24624,90288,86184
04563,31-03-2030,07-04-2030,P001,C010,R008,S004,49,500,0.05,23275,6982.5,25602.5,24438.75
04564,01-04-2030,08-04-2030,P008,C007,R005,S004,17,3200,0.1,48960,14688,53856,51408
04565,01-04-2030,08-04-2030,P004,C007,R006,S009,35,4500,0.15,133875,40162.5,147262.5,140568.75
04566,02-04-2030,09-04-2030,P009,C010,R010,S008,32,1200,0.1,34560,10368,38016,36288
04567,02-04-2030,09-04-2030,P009,C005,R006,S008,59,500,0,29500,8850,32450,30975
04568,03-04-2030,10-04-2030,P010,C004,R009,S002,98,250,0.15,20825,6247.5,22907.5,21866.25
04569,03-04-2030,10-04-2030,P004,C003,R008,S009,92,250,0,23000,6900,25300,24150
04570,04-04-2030,11-04-2030,P005,C010,R007,S007,9,1200,0.15,9180,2754,10098,9639
04571,04-04-2030,11-04-2030,P007,C007,R007,S002,63,500,0,31500,9450,34650,33075
04572,05-04-2030,12-04-2030,P006,C002,R008,S008,83,250,0,20750,6225,22825,21787.5
04573,05-04-2030,12-04-2030,P004,C004,R010,S006,60,3200,0.15,163200,48960,179520,171360
04574,06-04-2030,13-04-2030,P010,C003,R009,S006,27,250,0,6750,2025,7425,7087.5
04575,06-04-2030,13-04-2030,P003,C009,R002,S009,73,3200,0.15,198560,59568,218416,208488
04576,07-04-2030,14-04-2030,P003,C009,R006,S005,47,4500,0.1,190350,57105,209385,199867.5
04577,07-04-2030,14-04-2030,P007,C008,R005,S005,53,250,0.1,11925,3577.5,13117.5,12521.25
04578,08-04-2030,15-04-2030,P004,C007,R008,S009,77,1200,0,92400,27720,101640,97020
04579,08-04-2030,15-04-2030,P001,C008,R004,S007,39,4500,0,175500,52650,193050,184275
04580,09-04-2030,16-04-2030,P002,C001,R002,S005,76,500,0,38000,11400,41800,39900
04581,09-04-2030,16-04-2030,P001,C003,R009,S009,75,3200,0,240000,72000,264000,252000
04582,10-04-2030,17-04-2030,P009,C007,R004,S007,54,3200,0.05,164160,49248,180576,172368
04583,10-04-2030,17-04-2030,P010,C004,R010,S004,64,4500,0.05,273600,82080,300960,287280
04584,11-04-2030,18-04-2030,P007,C009,R004,S009,81,3200,0,259200,77760,285120,272160
04585,11-04-2030,18-04-2030,P008,C005,R001,S008,15,1200,0.15,15300,4590,16830,16065
04586,12-04-2030,19-04-2030,P001,C009,R010,S007,74,1200,0,88800,26640,97680,93240
04587,12-04-2030,19-04-2030,P006,C007,R009,S006,100,1200,0.1,108000,32400,118800,113400
04588,13-04-2030,20-04-2030,P006,C005,R008,S006,38,3200,0,121600,36480,133760,127680
04589,13-04-2030,20-04-2030,P007,C004,R006,S006,6,3200,0.05,18240,5472,20064,19152
04590,14-04-2030,21-04-2030,P003,C002,R002,S007,8,500,0.05,3800,1140,4180,3990
04591,14-04-2030,21-04-2030,P005,C002,R002,S006,22,3200,0,70400,21120,77440,73920
04592,15-04-2030,22-04-2030,P008,C004,R010,S010,42,4500,0.15,160650,48195,176715,168682.5
04593,15-04-2030,22-04-2030,P010,C008,R003,S001,31,3200,0,99200,29760,109120,104160
04594,16-04-2030,23-04-2030,P001,C008,R006,S009,37,1200,0,44400,13320,48840,46620
04595,16-04-2030,23-04-2030,P005,C001,R007,S003,81,3200,0,259200,77760,285120,272160
04596,17-04-2030,24-04-2030,P006,C007,R001,S002,67,250,0.05,15912.5,4773.75,17503.75,16708.125
04597,17-04-2030,24-04-2030,P005,C001,R009,S001,6,1200,0.05,6840,2052,7524,7182
04598,18-04-2030,25-04-2030,P009,C005,R004,S005,15,1200,0,18000,5400,19800,18900
04599,18-04-2030,25-04-2030,P001,C008,R008,S004,82,250,0,20500,6150,22550,21525
04600,19-04-2030,26-04-2030,P009,C005,R006,S003,28,1200,0.1,30240,9072,33264,31752
04601,19-04-2030,26-04-2030,P008,C007,R008,S004,95,4500,0,427500,128250,470250,448875
04602,20-04-2030,27-04-2030,P007,C002,R004,S004,90,4500,0,405000,121500,445500,425250
04603,20-04-2030,27-04-2030,P009,C010,R007,S001,53,250,0,13250,3975,14575,13912.5
04604,21-04-2030,28-04-2030,P004,C009,R003,S006,87,250,0.05,20662.5,6198.75,22728.75,21695.625
04605,21-04-2030,28-04-2030,P004,C005,R005,S008,60,4500,0.15,229500,68850,252450,240975
04606,22-04-2030,29-04-2030,P007,C006,R008,S002,73,3200,0,233600,70080,256960,245280
04607,22-04-2030,29-04-2030,P002,C008,R008,S009,89,4500,0.15,340425,102127.5,374467.5,357446.25
04608,23-04-2030,30-04-2030,P002,C007,R004,S007,27,1200,0.1,29160,8748,32076,30618
04609,23-04-2030,30-04-2030,P001,C010,R004,S006,94,4500,0,423000,126900,465300,444150
04610,24-04-2030,01-05-2030,P010,C001,R002,S006,19,3200,0,60800,18240,66880,63840
04611,24-04-2030,01-05-2030,P003,C001,R005,S004,18,3200,0.1,51840,15552,57024,54432
04612,25-04-2030,02-05-2030,P007,C010,R007,S001,16,250,0.1,3600,1080,3960,3780
04613,25-04-2030,02-05-2030,P002,C003,R004,S009,23,3200,0.1,66240,19872,72864,69552
04614,26-04-2030,03-05-2030,P003,C009,R007,S005,93,4500,0.1,376650,112995,414315,395482.5
04615,26-04-2030,03-05-2030,P001,C008,R006,S001,8,250,0,2000,600,2200,2100
04616,27-04-2030,04-05-2030,P007,C002,R003,S007,30,250,0.05,7125,2137.5,7837.5,7481.25
04617,27-04-2030,04-05-2030,P010,C002,R006,S001,69,4500,0.05,294975,88492.5,324472.5,309723.75
04618,28-04-2030,05-05-2030,P003,C001,R002,S001,31,3200,0,99200,29760,109120,104160
04619,28-04-2030,05-05-2030,P001,C003,R010,S010,72,1200,0.1,77760,23328,85536,81648
04620,29-04-2030,06-05-2030,P007,C007,R004,S001,27,4500,0.1,109350,32805,120285,114817.5
04621,29-04-2030,06-05-2030,P004,C010,R008,S007,41,4500,0.1,166050,49815,182655,174352.5
04622,30-04-2030,07-05-2030,P009,C003,R008,S010,50,4500,0,225000,67500,247500,236250
04623,30-04-2030,07-05-2030,P010,C004,R005,S007,11,250,0.05,2612.5,783.75,2873.75,2743.125
04624,01-05-2030,08-05-2030,P004,C002,R009,S002,93,3200,0.05,282720,84816,310992,296856
04625,01-05-2030,08-05-2030,P001,C010,R008,S007,65,1200,0.1,70200,21060,77220,73710
04626,02-05-2030,09-05-2030,P007,C004,R001,S010,98,250,0,24500,7350,26950,25725
04627,02-05-2030,09-05-2030,P008,C002,R003,S008,22,1200,0,26400,7920,29040,27720
04628,03-05-2030,10-05-2030,P008,C001,R002,S009,79,500,0.15,33575,10072.5,36932.5,35253.75
04629,03-05-2030,10-05-2030,P008,C006,R001,S010,87,250,0.15,18487.5,5546.25,20336.25,19411.875
04630,04-05-2030,11-05-2030,P007,C001,R006,S004,19,4500,0,85500,25650,94050,89775
04631,04-05-2030,11-05-2030,P001,C005,R001,S010,14,500,0,7000,2100,7700,7350
04632,05-05-2030,12-05-2030,P010,C001,R002,S008,94,1200,0.15,95880,28764,105468,100674
04633,05-05-2030,12-05-2030,P006,C003,R009,S010,29,4500,0.05,123975,37192.5,136372.5,130173.75
04634,06-05-2030,13-05-2030,P007,C004,R005,S009,76,1200,0.05,86640,25992,95304,90972
04635,06-05-2030,13-05-2030,P005,C004,R008,S009,74,4500,0,333000,99900,366300,349650
04636,07-05-2030,14-05-2030,P005,C006,R001,S003,62,250,0,15500,4650,17050,16275
04637,07-05-2030,14-05-2030,P006,C004,R001,S008,97,500,0.1,43650,13095,48015,45832.5
04638,08-05-2030,15-05-2030,P009,C008,R006,S005,25,250,0.1,5625,1687.5,6187.5,5906.25
04639,08-05-2030,15-05-2030,P003,C003,R010,S010,99,500,0.1,44550,13365,49005,46777.5
04640,09-05-2030,16-05-2030,P009,C007,R001,S004,12,1200,0.1,12960,3888,14256,13608
04641,09-05-2030,16-05-2030,P009,C008,R008,S005,64,250,0.05,15200,4560,16720,15960
04642,10-05-2030,17-05-2030,P006,C006,R004,S001,86,4500,0.05,367650,110295,404415,386032.5
04643,10-05-2030,17-05-2030,P008,C008,R006,S004,80,1200,0.15,81600,24480,89760,85680
04644,11-05-2030,18-05-2030,P007,C004,R003,S005,97,250,0.05,23037.5,6911.25,25341.25,24189.375
04645,11-05-2030,18-05-2030,P003,C002,R008,S002,25,500,0.05,11875,3562.5,13062.5,12468.75
04646,12-05-2030,19-05-2030,P008,C005,R005,S006,92,250,0.05,21850,6555,24035,22942.5
04647,12-05-2030,19-05-2030,P001,C003,R003,S002,45,250,0.05,10687.5,3206.25,11756.25,11221.875
04648,13-05-2030,20-05-2030,P004,C001,R002,S003,63,3200,0.1,181440,54432,199584,190512
04649,13-05-2030,20-05-2030,P007,C010,R003,S009,60,3200,0,192000,57600,211200,201600
04650,14-05-2030,21-05-2030,P007,C005,R003,S004,29,500,0.05,13775,4132.5,15152.5,14463.75
04651,14-05-2030,21-05-2030,P003,C010,R002,S001,77,3200,0.1,221760,66528,243936,232848
04652,15-05-2030,22-05-2030,P008,C005,R009,S007,99,4500,0,445500,133650,490050,467775
04653,15-05-2030,22-05-2030,P010,C001,R008,S003,66,500,0.1,29700,8910,32670,31185
04654,16-05-2030,23-05-2030,P009,C010,R010,S010,48,3200,0.15,130560,39168,143616,137088
04655,16-05-2030,23-05-2030,P005,C010,R005,S007,60,3200,0.05,182400,54720,200640,191520
04656,17-05-2030,24-05-2030,P003,C008,R010,S003,48,500,0.15,20400,6120,22440,21420
04657,17-05-2030,24-05-2030,P003,C005,R003,S004,73,3200,0.05,221920,66576,244112,233016
04658,18-05-2030,25-05-2030,P008,C005,R001,S002,6,500,0,3000,900,3300,3150
04659,18-05-2030,25-05-2030,P010,C002,R001,S003,79,3200,0.05,240160,72048,264176,252168
04660,19-05-2030,26-05-2030,P008,C002,R007,S002,65,4500,0,292500,87750,321750,307125
04661,19-05-2030,26-05-2030,P007,C010,R009,S003,38,1200,0.05,43320,12996,47652,45486
04662,20-05-2030,27-05-2030,P002,C002,R007,S010,73,500,0.15,31025,9307.5,34127.5,32576.25
04663,20-05-2030,27-05-2030,P003,C004,R004,S003,76,250,0,19000,5700,20900,19950
04664,21-05-2030,28-05-2030,P007,C002,R006,S003,71,3200,0,227200,68160,249920,238560
04665,21-05-2030,28-05-2030,P001,C006,R009,S005,65,3200,0.05,197600,59280,217360,207480
04666,22-05-2030,29-05-2030,P007,C005,R006,S003,70,3200,0.05,212800,63840,234080,223440
04667,22-05-2030,29-05-2030,P006,C008,R001,S009,40,250,0.05,9500,2850,10450,9975
04668,23-05-2030,30-05-2030,P009,C002,R005,S009,94,4500,0.05,401850,120555,442035,421942.5
04669,23-05-2030,30-05-2030,P005,C010,R006,S009,51,3200,0.1,146880,44064,161568,154224
04670,24-05-2030,31-05-2030,P009,C008,R006,S003,25,500,0.05,11875,3562.5,13062.5,12468.75
04671,24-05-2030,31-05-2030,P007,C002,R008,S003,67,1200,0.05,76380,22914,84018,80199
04672,25-05-2030,01-06-2030,P004,C007,R003,S001,15,500,0.1,6750,2025,7425,7087.5
04673,25-05-2030,01-06-2030,P009,C009,R010,S008,63,1200,0.15,64260,19278,70686,67473
04674,26-05-2030,02-06-2030,P005,C003,R010,S006,62,500,0.15,26350,7905,28985,27667.5
04675,26-05-2030,02-06-2030,P008,C001,R003,S010,98,1200,0.1,105840,31752,116424,111132
04676,27-05-2030,03-06-2030,P005,C006,R007,S007,63,4500,0.1,255150,76545,280665,267907.5
04677,27-05-2030,03-06-2030,P002,C005,R001,S004,83,1200,0,99600,29880,109560,104580
04678,28-05-2030,04-06-2030,P001,C007,R008,S002,77,4500,0,346500,103950,381150,363825
04679,28-05-2030,04-06-2030,P004,C009,R007,S009,13,3200,0,41600,12480,45760,43680
04680,29-05-2030,05-06-2030,P008,C002,R004,S001,92,4500,0.15,351900,105570,387090,369495
04681,29-05-2030,05-06-2030,P007,C010,R007,S010,42,4500,0.1,170100,51030,187110,178605
04682,30-05-2030,06-06-2030,P010,C005,R005,S010,35,500,0,17500,5250,19250,18375
04683,30-05-2030,06-06-2030,P004,C007,R008,S001,65,3200,0.15,176800,53040,194480,185640
04684,31-05-2030,07-06-2030,P002,C010,R010,S008,81,1200,0.15,82620,24786,90882,86751
04685,31-05-2030,07-06-2030,P009,C009,R008,S001,49,250,0.05,11637.5,3491.25,12801.25,12219.375
04686,01-06-2030,08-06-2030,P003,C004,R004,S007,30,3200,0.15,81600,24480,89760,85680
04687,01-06-2030,08-06-2030,P008,C003,R004,S005,41,1200,0,49200,14760,54120,51660
04688,02-06-2030,09-06-2030,P009,C005,R004,S001,33,500,0,16500,4950,18150,17325
04689,02-06-2030,09-06-2030,P005,C004,R003,S010,79,3200,0.15,214880,64464,236368,225624
04690,03-06-2030,10-06-2030,P003,C004,R006,S007,60,1200,0.05,68400,20520,75240,71820
04691,03-06-2030,10-06-2030,P007,C010,R007,S007,28,500,0,14000,4200,15400,14700
04692,04-06-2030,11-06-2030,P005,C004,R008,S010,15,4500,0.05,64125,19237.5,70537.5,67331.25
04693,04-06-2030,11-06-2030,P005,C007,R004,S010,16,250,0,4000,1200,4400,4200
04694,05-06-2030,12-06-2030,P005,C005,R008,S002,70,250,0.15,14875,4462.5,16362.5,15618.75
04695,05-06-2030,12-06-2030,P010,C009,R010,S005,78,250,0,19500,5850,21450,20475
04696,06-06-2030,13-06-2030,P009,C007,R005,S002,97,250,0.15,20612.5,6183.75,22673.75,21643.125
04697,06-06-2030,13-06-2030,P007,C002,R005,S003,98,250,0.15,20825,6247.5,22907.5,21866.25
04698,07-06-2030,14-06-2030,P003,C002,R007,S005,63,250,0.05,14962.5,4488.75,16458.75,15710.625
04699,07-06-2030,14-06-2030,P002,C005,R004,S002,46,1200,0.05,52440,15732,57684,55062
04700,08-06-2030,15-06-2030,P005,C003,R001,S007,84,4500,0,378000,113400,415800,396900
04701,08-06-2030,15-06-2030,P010,C009,R003,S001,8,500,0.15,3400,1020,3740,3570
04702,09-06-2030,16-06-2030,P005,C009,R002,S001,14,4500,0.15,53550,16065,58905,56227.5
04703,09-06-2030,16-06-2030,P005,C002,R010,S003,36,3200,0,115200,34560,126720,120960
04704,10-06-2030,17-06-2030,P008,C001,R005,S005,33,500,0.05,15675,4702.5,17242.5,16458.75
04705,10-06-2030,17-06-2030,P001,C002,R007,S002,36,3200,0,115200,34560,126720,120960
04706,11-06-2030,18-06-2030,P008,C008,R008,S008,51,1200,0,61200,18360,67320,64260
04707,11-06-2030,18-06-2030,P008,C007,R001,S005,8,4500,0.1,32400,9720,35640,34020
04708,12-06-2030,19-06-2030,P010,C007,R006,S010,12,250,0.1,2700,810,2970,2835
04709,12-06-2030,19-06-2030,P001,C007,R007,S009,5,1200,0.15,5100,1530,5610,5355
04710,13-06-2030,20-06-2030,P001,C010,R005,S008,81,250,0.1,18225,5467.5,20047.5,19136.25
04711,13-06-2030,20-06-2030,P005,C010,R010,S001,19,1200,0.15,19380,5814,21318,20349
04712,14-06-2030,21-06-2030,P009,C010,R008,S010,93,3200,0.05,282720,84816,310992,296856
04713,14-06-2030,21-06-2030,P009,C001,R001,S003,39,4500,0.05,166725,50017.5,183397.5,175061.25
04714,15-06-2030,22-06-2030,P008,C002,R005,S010,49,1200,0,58800,17640,64680,61740
04715,15-06-2030,22-06-2030,P004,C004,R003,S004,91,4500,0,409500,122850,450450,429975
04716,16-06-2030,23-06-2030,P006,C003,R006,S009,53,3200,0.05,161120,48336,177232,169176
04717,16-06-2030,23-06-2030,P010,C002,R005,S001,65,500,0.15,27625,8287.5,30387.5,29006.25
04718,17-06-2030,24-06-2030,P001,C007,R009,S006,95,250,0.1,21375,6412.5,23512.5,22443.75
04719,17-06-2030,24-06-2030,P010,C002,R001,S003,28,3200,0.1,80640,24192,88704,84672
04720,18-06-2030,25-06-2030,P002,C004,R009,S007,49,1200,0.1,52920,15876,58212,55566
04721,18-06-2030,25-06-2030,P006,C003,R005,S010,77,1200,0.1,83160,24948,91476,87318
04722,19-06-2030,26-06-2030,P006,C007,R007,S005,57,250,0.05,13537.5,4061.25,14891.25,14214.375
04723,19-06-2030,26-06-2030,P004,C006,R009,S009,78,3200,0.15,212160,63648,233376,222768
04724,20-06-2030,27-06-2030,P007,C002,R005,S009,92,250,0.1,20700,6210,22770,21735
04725,20-06-2030,27-06-2030,P007,C006,R005,S007,43,500,0.15,18275,5482.5,20102.5,19188.75
04726,21-06-2030,28-06-2030,P005,C008,R008,S001,13,1200,0.15,13260,3978,14586,13923
04727,21-06-2030,28-06-2030,P004,C006,R002,S002,23,250,0,5750,1725,6325,6037.5
04728,22-06-2030,29-06-2030,P005,C001,R001,S004,10,250,0.1,2250,675,2475,2362.5
04729,22-06-2030,29-06-2030,P003,C007,R003,S003,75,500,0.15,31875,9562.5,35062.5,33468.75
04730,23-06-2030,30-06-2030,P002,C006,R004,S009,54,250,0.15,11475,3442.5,12622.5,12048.75
04731,23-06-2030,30-06-2030,P004,C005,R007,S010,37,500,0.1,16650,4995,18315,17482.5
04732,24-06-2030,01-07-2030,P009,C005,R010,S003,94,4500,0,423000,126900,465300,444150
04733,24-06-2030,01-07-2030,P007,C010,R010,S003,95,250,0,23750,7125,26125,24937.5
04734,25-06-2030,02-07-2030,P007,C002,R006,S002,5,500,0.05,2375,712.5,2612.5,2493.75
04735,25-06-2030,02-07-2030,P003,C004,R006,S005,6,4500,0.1,24300,7290,26730,25515
04736,26-06-2030,03-07-2030,P004,C006,R007,S007,31,500,0,15500,4650,17050,16275
04737,26-06-2030,03-07-2030,P003,C008,R009,S007,31,250,0.05,7362.5,2208.75,8098.75,7730.625
04738,27-06-2030,04-07-2030,P010,C004,R006,S005,75,3200,0.15,204000,61200,224400,214200
04739,27-06-2030,04-07-2030,P003,C005,R005,S007,73,1200,0.15,74460,22338,81906,78183
04740,28-06-2030,05-07-2030,P006,C008,R007,S003,100,4500,0,450000,135000,495000,472500
04741,28-06-2030,05-07-2030,P007,C009,R008,S004,42,3200,0.05,127680,38304,140448,134064
04742,29-06-2030,06-07-2030,P006,C008,R010,S003,66,1200,0.05,75240,22572,82764,79002
04743,29-06-2030,06-07-2030,P008,C003,R010,S010,93,1200,0.1,100440,30132,110484,105462
04744,30-06-2030,07-07-2030,P002,C006,R001,S010,45,500,0.15,19125,5737.5,21037.5,20081.25
04745,30-06-2030,07-07-2030,P003,C007,R007,S008,92,4500,0.1,372600,111780,409860,391230
04746,01-07-2030,08-07-2030,P008,C008,R010,S006,47,500,0.05,22325,6697.5,24557.5,23441.25
04747,01-07-2030,08-07-2030,P007,C001,R002,S009,57,250,0.15,12112.5,3633.75,13323.75,12718.125
04748,02-07-2030,09-07-2030,P005,C009,R004,S001,66,4500,0.05,282150,84645,310365,296257.5
04749,02-07-2030,09-07-2030,P001,C005,R003,S010,67,250,0.15,14237.5,4271.25,15661.25,14949.375
04750,03-07-2030,10-07-2030,P004,C001,R007,S009,15,1200,0,18000,5400,19800,18900
04751,03-07-2030,10-07-2030,P002,C005,R003,S010,97,500,0.15,41225,12367.5,45347.5,43286.25
04752,04-07-2030,11-07-2030,P006,C005,R006,S006,81,500,0.15,34425,10327.5,37867.5,36146.25
04753,04-07-2030,11-07-2030,P006,C009,R008,S009,99,3200,0,316800,95040,348480,332640
04754,05-07-2030,12-07-2030,P009,C004,R007,S004,64,500,0.15,27200,8160,29920,28560
04755,05-07-2030,12-07-2030,P001,C007,R006,S010,50,4500,0.05,213750,64125,235125,224437.5
04756,06-07-2030,13-07-2030,P002,C002,R008,S010,96,250,0.15,20400,6120,22440,21420
04757,06-07-2030,13-07-2030,P001,C005,R007,S004,82,3200,0.15,223040,66912,245344,234192
04758,07-07-2030,14-07-2030,P003,C005,R007,S006,67,250,0,16750,5025,18425,17587.5
04759,07-07-2030,14-07-2030,P001,C004,R002,S004,34,4500,0,153000,45900,168300,160650
04760,08-07-2030,15-07-2030,P007,C004,R006,S003,31,1200,0.05,35340,10602,38874,37107
04761,08-07-2030,15-07-2030,P010,C009,R007,S004,10,3200,0,32000,9600,35200,33600
04762,09-07-2030,16-07-2030,P005,C007,R007,S002,73,1200,0.15,74460,22338,81906,78183
04763,09-07-2030,16-07-2030,P009,C005,R008,S005,5,500,0,2500,750,2750,2625
04764,10-07-2030,17-07-2030,P004,C004,R009,S002,77,3200,0.05,234080,70224,257488,245784
04765,10-07-2030,17-07-2030,P001,C008,R010,S009,36,4500,0,162000,48600,178200,170100
04766,11-07-2030,18-07-2030,P001,C005,R007,S006,88,4500,0.05,376200,112860,413820,395010
04767,11-07-2030,18-07-2030,P003,C001,R006,S001,97,3200,0.05,294880,88464,324368,309624
04768,12-07-2030,19-07-2030,P008,C006,R009,S001,88,1200,0.15,89760,26928,98736,94248
04769,12-07-2030,19-07-2030,P008,C005,R003,S004,49,500,0.15,20825,6247.5,22907.5,21866.25
04770,13-07-2030,20-07-2030,P007,C008,R001,S003,21,3200,0.15,57120,17136,62832,59976
04771,13-07-2030,20-07-2030,P002,C004,R002,S005,32,4500,0.1,129600,38880,142560,136080
04772,14-07-2030,21-07-2030,P007,C005,R003,S010,63,1200,0,75600,22680,83160,79380
04773,14-07-2030,21-07-2030,P003,C005,R003,S002,24,3200,0.05,72960,21888,80256,76608
04774,15-07-2030,22-07-2030,P001,C003,R001,S010,86,250,0.1,19350,5805,21285,20317.5
04775,15-07-2030,22-07-2030,P009,C006,R006,S001,35,1200,0.05,39900,11970,43890,41895
04776,16-07-2030,23-07-2030,P005,C008,R007,S001,7,500,0,3500,1050,3850,3675
04777,16-07-2030,23-07-2030,P008,C010,R007,S008,22,500,0.15,9350,2805,10285,9817.5
04778,17-07-2030,24-07-2030,P001,C003,R010,S001,32,500,0.1,14400,4320,15840,15120
04779,17-07-2030,24-07-2030,P002,C005,R008,S002,30,500,0.05,14250,4275,15675,14962.5
04780,18-07-2030,25-07-2030,P009,C009,R003,S001,87,3200,0.15,236640,70992,260304,248472
04781,18-07-2030,25-07-2030,P005,C007,R006,S004,78,500,0.15,33150,9945,36465,34807.5
04782,19-07-2030,26-07-2030,P008,C004,R002,S010,9,3200,0.1,25920,7776,28512,27216
04783,19-07-2030,26-07-2030,P002,C006,R002,S008,37,1200,0.1,39960,11988,43956,41958
04784,20-07-2030,27-07-2030,P001,C004,R004,S003,66,3200,0.05,200640,60192,220704,210672
04785,20-07-2030,27-07-2030,P004,C010,R004,S009,88,500,0.05,41800,12540,45980,43890
04786,21-07-2030,28-07-2030,P005,C004,R009,S009,30,500,0.1,13500,4050,14850,14175
04787,21-07-2030,28-07-2030,P010,C007,R005,S006,27,4500,0.05,115425,34627.5,126967.5,121196.25
04788,22-07-2030,29-07-2030,P007,C001,R003,S007,29,250,0.05,6887.5,2066.25,7576.25,7231.875
04789,22-07-2030,29-07-2030,P005,C009,R005,S005,28,1200,0,33600,10080,36960,35280
04790,23-07-2030,30-07-2030,P006,C008,R005,S009,12,4500,0.1,48600,14580,53460,51030
04791,23-07-2030,30-07-2030,P002,C008,R005,S006,33,250,0.05,7837.5,2351.25,8621.25,8229.375
04792,24-07-2030,31-07-2030,P008,C003,R010,S003,24,500,0.1,10800,3240,11880,11340
04793,24-07-2030,31-07-2030,P003,C001,R004,S008,32,1200,0.15,32640,9792,35904,34272
04794,25-07-2030,01-08-2030,P010,C001,R007,S008,61,500,0.05,28975,8692.5,31872.5,30423.75
04795,25-07-2030,01-08-2030,P010,C002,R006,S007,16,500,0.05,7600,2280,8360,7980
04796,26-07-2030,02-08-2030,P005,C009,R003,S006,51,3200,0,163200,48960,179520,171360
04797,26-07-2030,02-08-2030,P004,C003,R008,S001,32,3200,0.1,92160,27648,101376,96768
04798,27-07-2030,03-08-2030,P009,C003,R004,S007,34,1200,0.1,36720,11016,40392,38556
04799,27-07-2030,03-08-2030,P001,C008,R007,S002,95,250,0,23750,7125,26125,24937.5
04800,28-07-2030,04-08-2030,P006,C003,R002,S004,20,500,0.1,9000,2700,9900,9450
04801,28-07-2030,04-08-2030,P003,C002,R008,S008,13,250,0.15,2762.5,828.75,3038.75,2900.625
04802,29-07-2030,05-08-2030,P002,C007,R002,S004,33,250,0.1,7425,2227.5,8167.5,7796.25
04803,29-07-2030,05-08-2030,P003,C003,R004,S008,17,500,0.15,7225,2167.5,7947.5,7586.25
04804,30-07-2030,06-08-2030,P008,C005,R007,S001,88,500,0.05,41800,12540,45980,43890
04805,30-07-2030,06-08-2030,P003,C009,R007,S008,53,1200,0.1,57240,17172,62964,60102
04806,31-07-2030,07-08-2030,P006,C007,R010,S007,41,1200,0.05,46740,14022,51414,49077
04807,31-07-2030,07-08-2030,P002,C004,R004,S001,97,1200,0.05,110580,33174,121638,116109
04808,01-08-2030,08-08-2030,P010,C005,R005,S006,24,4500,0.1,97200,29160,106920,102060
04809,01-08-2030,08-08-2030,P004,C010,R001,S007,43,4500,0.1,174150,52245,191565,182857.5
04810,02-08-2030,09-08-2030,P008,C002,R001,S001,90,1200,0.15,91800,27540,100980,96390
04811,02-08-2030,09-08-2030,P001,C007,R004,S005,7,4500,0.1,28350,8505,31185,29767.5
04812,03-08-2030,10-08-2030,P002,C008,R001,S005,61,500,0.15,25925,7777.5,28517.5,27221.25
04813,03-08-2030,10-08-2030,P004,C005,R005,S005,100,1200,0.1,108000,32400,118800,113400
04814,04-08-2030,11-08-2030,P004,C006,R008,S010,76,3200,0.1,218880,65664,240768,229824
04815,04-08-2030,11-08-2030,P008,C007,R002,S003,47,4500,0.1,190350,57105,209385,199867.5
04816,05-08-2030,12-08-2030,P007,C004,R008,S009,78,1200,0.15,79560,23868,87516,83538
04817,05-08-2030,12-08-2030,P009,C008,R002,S002,80,500,0.15,34000,10200,37400,35700
04818,06-08-2030,13-08-2030,P004,C004,R007,S008,44,3200,0.05,133760,40128,147136,140448
04819,06-08-2030,13-08-2030,P001,C002,R006,S005,65,250,0.05,15437.5,4631.25,16981.25,16209.375
04820,07-08-2030,14-08-2030,P005,C002,R007,S002,55,1200,0.15,56100,16830,61710,58905
04821,07-08-2030,14-08-2030,P010,C007,R008,S009,51,3200,0.15,138720,41616,152592,145656
04822,08-08-2030,15-08-2030,P008,C003,R002,S006,56,3200,0.15,152320,45696,167552,159936
04823,08-08-2030,15-08-2030,P010,C007,R008,S008,5,4500,0.1,20250,6075,22275,21262.5
04824,09-08-2030,16-08-2030,P010,C004,R008,S005,17,4500,0,76500,22950,84150,80325
04825,09-08-2030,16-08-2030,P010,C003,R010,S006,73,250,0.05,17337.5,5201.25,19071.25,18204.375
04826,10-08-2030,17-08-2030,P007,C004,R005,S003,58,3200,0.15,157760,47328,173536,165648
04827,10-08-2030,17-08-2030,P010,C002,R005,S009,72,1200,0.1,77760,23328,85536,81648
04828,11-08-2030,18-08-2030,P007,C007,R004,S001,31,250,0.05,7362.5,2208.75,8098.75,7730.625
04829,11-08-2030,18-08-2030,P009,C002,R005,S008,49,4500,0.15,187425,56227.5,206167.5,196796.25
04830,12-08-2030,19-08-2030,P005,C004,R004,S010,21,250,0,5250,1575,5775,5512.5
04831,12-08-2030,19-08-2030,P006,C009,R008,S006,65,3200,0.05,197600,59280,217360,207480
04832,13-08-2030,20-08-2030,P010,C003,R003,S010,66,1200,0,79200,23760,87120,83160
04833,13-08-2030,20-08-2030,P001,C008,R004,S008,97,4500,0.05,414675,124402.5,456142.5,435408.75
04834,14-08-2030,21-08-2030,P004,C005,R010,S007,56,3200,0.15,152320,45696,167552,159936
04835,14-08-2030,21-08-2030,P003,C001,R005,S004,71,500,0.15,30175,9052.5,33192.5,31683.75
04836,15-08-2030,22-08-2030,P002,C006,R003,S010,5,3200,0.1,14400,4320,15840,15120
04837,15-08-2030,22-08-2030,P001,C003,R007,S006,60,250,0.15,12750,3825,14025,13387.5
04838,16-08-2030,23-08-2030,P004,C003,R001,S004,30,3200,0.05,91200,27360,100320,95760
04839,16-08-2030,23-08-2030,P001,C005,R008,S005,87,250,0.1,19575,5872.5,21532.5,20553.75
04840,17-08-2030,24-08-2030,P005,C005,R009,S009,18,500,0.1,8100,2430,8910,8505
04841,17-08-2030,24-08-2030,P007,C005,R006,S003,42,1200,0.05,47880,14364,52668,50274
04842,18-08-2030,25-08-2030,P010,C003,R010,S003,65,3200,0,208000,62400,228800,218400
04843,18-08-2030,25-08-2030,P005,C003,R002,S006,61,1200,0,73200,21960,80520,76860
04844,19-08-2030,26-08-2030,P010,C005,R010,S010,20,4500,0.15,76500,22950,84150,80325
04845,19-08-2030,26-08-2030,P003,C009,R003,S004,74,3200,0,236800,71040,260480,248640
04846,20-08-2030,27-08-2030,P002,C003,R010,S005,92,3200,0,294400,88320,323840,309120
04847,20-08-2030,27-08-2030,P002,C006,R007,S002,50,250,0.05,11875,3562.5,13062.5,12468.75
04848,21-08-2030,28-08-2030,P008,C010,R004,S003,65,1200,0.15,66300,19890,72930,69615
04849,21-08-2030,28-08-2030,P001,C004,R007,S009,32,4500,0.1,129600,38880,142560,136080
04850,22-08-2030,29-08-2030,P004,C005,R004,S001,71,500,0,35500,10650,39050,37275
04851,22-08-2030,29-08-2030,P004,C009,R004,S002,11,3200,0,35200,10560,38720,36960
04852,23-08-2030,30-08-2030,P007,C008,R010,S010,77,3200,0.1,221760,66528,243936,232848
04853,23-08-2030,30-08-2030,P010,C008,R002,S003,61,500,0.05,28975,8692.5,31872.5,30423.75
04854,24-08-2030,31-08-2030,P002,C006,R010,S006,25,4500,0,112500,33750,123750,118125
04855,24-08-2030,31-08-2030,P008,C002,R004,S001,57,250,0.05,13537.5,4061.25,14891.25,14214.375
04856,25-08-2030,01-09-2030,P006,C007,R001,S005,13,250,0.05,3087.5,926.25,3396.25,3241.875
04857,25-08-2030,01-09-2030,P004,C005,R009,S009,50,500,0.1,22500,6750,24750,23625
04858,26-08-2030,02-09-2030,P003,C007,R007,S005,71,500,0,35500,10650,39050,37275
04859,26-08-2030,02-09-2030,P002,C007,R007,S008,55,4500,0.15,210375,63112.5,231412.5,220893.75
04860,27-08-2030,03-09-2030,P005,C005,R005,S002,45,1200,0.15,45900,13770,50490,48195
04861,27-08-2030,03-09-2030,P009,C002,R006,S005,33,250,0.15,7012.5,2103.75,7713.75,7363.125
04862,28-08-2030,04-09-2030,P007,C003,R005,S009,69,4500,0,310500,93150,341550,326025
04863,28-08-2030,04-09-2030,P005,C009,R008,S003,85,4500,0.05,363375,109012.5,399712.5,381543.75
04864,29-08-2030,05-09-2030,P003,C002,R004,S010,54,500,0.15,22950,6885,25245,24097.5
04865,29-08-2030,05-09-2030,P003,C008,R005,S005,58,3200,0,185600,55680,204160,194880
04866,30-08-2030,06-09-2030,P006,C008,R001,S004,33,1200,0,39600,11880,43560,41580
04867,30-08-2030,06-09-2030,P008,C001,R001,S007,62,250,0.05,14725,4417.5,16197.5,15461.25
04868,31-08-2030,07-09-2030,P002,C008,R004,S006,64,500,0.1,28800,8640,31680,30240
04869,31-08-2030,07-09-2030,P003,C006,R001,S008,29,3200,0,92800,27840,102080,97440
04870,01-09-2030,08-09-2030,P001,C003,R007,S004,7,3200,0.05,21280,6384,23408,22344
04871,01-09-2030,08-09-2030,P004,C005,R004,S004,86,3200,0,275200,82560,302720,288960
04872,02-09-2030,09-09-2030,P002,C002,R007,S006,12,500,0,6000,1800,6600,6300
04873,02-09-2030,09-09-2030,P004,C007,R009,S008,19,4500,0.05,81225,24367.5,89347.5,85286.25
04874,03-09-2030,10-09-2030,P008,C008,R002,S002,44,250,0,11000,3300,12100,11550
04875,03-09-2030,10-09-2030,P006,C003,R003,S005,7,250,0.05,1662.5,498.75,1828.75,1745.625
04876,04-09-2030,11-09-2030,P006,C005,R001,S001,95,1200,0.15,96900,29070,106590,101745
04877,04-09-2030,11-09-2030,P007,C001,R001,S004,57,4500,0.15,218025,65407.5,239827.5,228926.25
04878,05-09-2030,12-09-2030,P008,C009,R010,S006,54,1200,0.1,58320,17496,64152,61236
04879,05-09-2030,12-09-2030,P004,C009,R010,S002,89,250,0.1,20025,6007.5,22027.5,21026.25
04880,06-09-2030,13-09-2030,P001,C003,R008,S006,31,250,0.05,7362.5,2208.75,8098.75,7730.625
04881,06-09-2030,13-09-2030,P002,C007,R005,S008,52,4500,0.15,198900,59670,218790,208845
04882,07-09-2030,14-09-2030,P003,C005,R006,S007,74,4500,0.05,316350,94905,347985,332167.5
04883,07-09-2030,14-09-2030,P005,C004,R006,S001,62,500,0.15,26350,7905,28985,27667.5
04884,08-09-2030,15-09-2030,P009,C008,R008,S003,5,3200,0,16000,4800,17600,16800
04885,08-09-2030,15-09-2030,P003,C007,R009,S009,66,4500,0.15,252450,75735,277695,265072.5
04886,09-09-2030,16-09-2030,P006,C006,R010,S003,15,250,0,3750,1125,4125,3937.5
04887,09-09-2030,16-09-2030,P004,C010,R002,S005,34,250,0.1,7650,2295,8415,8032.5
04888,10-09-2030,17-09-2030,P005,C005,R009,S001,47,1200,0.1,50760,15228,55836,53298
04889,10-09-2030,17-09-2030,P002,C001,R003,S006,56,250,0,14000,4200,15400,14700
04890,11-09-2030,18-09-2030,P003,C005,R006,S009,5,3200,0,16000,4800,17600,16800
04891,11-09-2030,18-09-2030,P004,C001,R010,S009,16,500,0,8000,2400,8800,8400
04892,12-09-2030,19-09-2030,P007,C008,R008,S004,19,500,0.15,8075,2422.5,8882.5,8478.75
04893,12-09-2030,19-09-2030,P007,C004,R010,S010,20,3200,0.05,60800,18240,66880,63840
04894,13-09-2030,20-09-2030,P003,C004,R001,S007,91,1200,0.15,92820,27846,102102,97461
04895,13-09-2030,20-09-2030,P009,C001,R005,S004,34,1200,0,40800,12240,44880,42840
04896,14-09-2030,21-09-2030,P010,C007,R001,S008,64,4500,0.15,244800,73440,269280,257040
04897,14-09-2030,21-09-2030,P006,C006,R003,S005,10,1200,0.05,11400,3420,12540,11970
04898,15-09-2030,22-09-2030,P009,C002,R004,S003,45,3200,0.1,129600,38880,142560,136080
04899,15-09-2030,22-09-2030,P001,C004,R004,S002,78,250,0.05,18525,5557.5,20377.5,19451.25
04900,16-09-2030,23-09-2030,P007,C006,R001,S006,27,250,0,6750,2025,7425,7087.5
04901,16-09-2030,23-09-2030,P001,C010,R002,S010,14,250,0.1,3150,945,3465,3307.5
04902,17-09-2030,24-09-2030,P005,C010,R008,S004,25,4500,0.05,106875,32062.5,117562.5,112218.75
04903,17-09-2030,24-09-2030,P001,C001,R007,S005,89,4500,0.15,340425,102127.5,374467.5,357446.25
04904,18-09-2030,25-09-2030,P006,C002,R003,S008,81,500,0,40500,12150,44550,42525
04905,18-09-2030,25-09-2030,P004,C008,R001,S005,55,500,0,27500,8250,30250,28875
04906,19-09-2030,26-09-2030,P002,C010,R010,S002,96,500,0.1,43200,12960,47520,45360
04907,19-09-2030,26-09-2030,P007,C001,R005,S003,51,1200,0.05,58140,17442,63954,61047
04908,20-09-2030,27-09-2030,P004,C007,R009,S007,15,500,0.05,7125,2137.5,7837.5,7481.25
04909,20-09-2030,27-09-2030,P004,C001,R004,S010,18,3200,0.1,51840,15552,57024,54432
04910,21-09-2030,28-09-2030,P006,C010,R005,S010,19,1200,0.05,21660,6498,23826,22743
04911,21-09-2030,28-09-2030,P008,C009,R010,S010,97,4500,0,436500,130950,480150,458325
04912,22-09-2030,29-09-2030,P001,C003,R010,S008,74,3200,0,236800,71040,260480,248640
04913,22-09-2030,29-09-2030,P001,C008,R008,S006,66,1200,0.05,75240,22572,82764,79002
04914,23-09-2030,30-09-2030,P003,C003,R003,S008,71,1200,0,85200,25560,93720,89460
04915,23-09-2030,30-09-2030,P009,C007,R009,S008,69,4500,0.05,294975,88492.5,324472.5,309723.75
04916,24-09-2030,01-10-2030,P004,C001,R004,S004,12,1200,0.15,12240,3672,13464,12852
04917,24-09-2030,01-10-2030,P008,C007,R002,S008,78,500,0,39000,11700,42900,40950
04918,25-09-2030,02-10-2030,P008,C002,R005,S009,44,500,0.15,18700,5610,20570,19635
04919,25-09-2030,02-10-2030,P002,C005,R005,S009,76,4500,0.1,307800,92340,338580,323190
04920,26-09-2030,03-10-2030,P006,C007,R001,S009,41,500,0,20500,6150,22550,21525
04921,26-09-2030,03-10-2030,P008,C003,R002,S008,15,250,0.05,3562.5,1068.75,3918.75,3740.625
04922,27-09-2030,04-10-2030,P001,C001,R007,S005,9,3200,0.15,24480,7344,26928,25704
04923,27-09-2030,04-10-2030,P008,C010,R004,S008,11,500,0,5500,1650,6050,5775
04924,28-09-2030,05-10-2030,P009,C010,R002,S001,79,1200,0,94800,28440,104280,99540
04925,28-09-2030,05-10-2030,P001,C010,R008,S007,32,250,0.15,6800,2040,7480,7140
04926,29-09-2030,06-10-2030,P006,C007,R001,S006,40,3200,0.1,115200,34560,126720,120960
04927,29-09-2030,06-10-2030,P003,C009,R003,S010,95,1200,0,114000,34200,125400,119700
04928,30-09-2030,07-10-2030,P007,C005,R002,S002,21,3200,0,67200,20160,73920,70560
04929,30-09-2030,07-10-2030,P010,C005,R003,S003,15,3200,0,48000,14400,52800,50400
04930,01-10-2030,08-10-2030,P005,C009,R009,S008,10,250,0.05,2375,712.5,2612.5,2493.75
04931,01-10-2030,08-10-2030,P001,C004,R006,S007,63,1200,0.05,71820,21546,79002,75411
04932,02-10-2030,09-10-2030,P004,C004,R005,S006,90,1200,0,108000,32400,118800,113400
04933,02-10-2030,09-10-2030,P001,C008,R009,S005,44,3200,0,140800,42240,154880,147840
04934,03-10-2030,10-10-2030,P008,C008,R006,S009,34,1200,0.15,34680,10404,38148,36414
04935,03-10-2030,10-10-2030,P009,C004,R010,S002,33,500,0.15,14025,4207.5,15427.5,14726.25
04936,04-10-2030,11-10-2030,P007,C007,R003,S004,41,500,0.05,19475,5842.5,21422.5,20448.75
04937,04-10-2030,11-10-2030,P006,C004,R001,S001,27,1200,0,32400,9720,35640,34020
04938,05-10-2030,12-10-2030,P008,C010,R001,S003,50,250,0.1,11250,3375,12375,11812.5
04939,05-10-2030,12-10-2030,P004,C009,R001,S002,17,1200,0.1,18360,5508,20196,19278
04940,06-10-2030,13-10-2030,P005,C005,R008,S010,58,250,0.15,12325,3697.5,13557.5,12941.25
04941,06-10-2030,13-10-2030,P006,C007,R006,S009,48,250,0.05,11400,3420,12540,11970
04942,07-10-2030,14-10-2030,P002,C006,R004,S008,55,250,0.15,11687.5,3506.25,12856.25,12271.875
04943,07-10-2030,14-10-2030,P008,C005,R005,S001,24,3200,0.1,69120,20736,76032,72576
04944,08-10-2030,15-10-2030,P001,C001,R002,S010,42,500,0.15,17850,5355,19635,18742.5
04945,08-10-2030,15-10-2030,P009,C010,R003,S007,10,500,0.1,4500,1350,4950,4725
04946,09-10-2030,16-10-2030,P009,C009,R002,S010,14,1200,0,16800,5040,18480,17640
04947,09-10-2030,16-10-2030,P002,C008,R004,S010,46,1200,0.1,49680,14904,54648,52164
04948,10-10-2030,17-10-2030,P009,C007,R002,S009,76,1200,0.1,82080,24624,90288,86184
04949,10-10-2030,17-10-2030,P010,C003,R005,S002,41,250,0.1,9225,2767.5,10147.5,9686.25
04950,11-10-2030,18-10-2030,P008,C007,R010,S002,41,3200,0.15,111520,33456,122672,117096
04951,11-10-2030,18-10-2030,P009,C009,R008,S007,40,4500,0.05,171000,51300,188100,179550
04952,12-10-2030,19-10-2030,P010,C004,R006,S003,65,3200,0.05,197600,59280,217360,207480
04953,12-10-2030,19-10-2030,P008,C002,R001,S005,60,250,0,15000,4500,16500,15750
04954,13-10-2030,20-10-2030,P009,C004,R006,S002,31,500,0.15,13175,3952.5,14492.5,13833.75
04955,13-10-2030,20-10-2030,P005,C006,R004,S006,28,1200,0.05,31920,9576,35112,33516
04956,14-10-2030,21-10-2030,P004,C001,R005,S009,22,1200,0.1,23760,7128,26136,24948
04957,14-10-2030,21-10-2030,P010,C005,R004,S007,50,250,0.1,11250,3375,12375,11812.5
04958,15-10-2030,22-10-2030,P003,C007,R009,S001,43,1200,0.1,46440,13932,51084,48762
04959,15-10-2030,22-10-2030,P006,C003,R007,S003,85,250,0,21250,6375,23375,22312.5
04960,16-10-2030,23-10-2030,P007,C003,R001,S001,78,500,0,39000,11700,42900,40950
04961,16-10-2030,23-10-2030,P002,C009,R008,S008,10,250,0,2500,750,2750,2625
04962,17-10-2030,24-10-2030,P004,C007,R002,S005,47,4500,0.05,200925,60277.5,221017.5,210971.25
04963,17-10-2030,24-10-2030,P002,C005,R008,S006,31,4500,0.05,132525,39757.5,145777.5,139151.25
04964,18-10-2030,25-10-2030,P005,C007,R005,S010,78,3200,0.05,237120,71136,260832,248976
04965,18-10-2030,25-10-2030,P006,C004,R004,S007,38,1200,0,45600,13680,50160,47880
04966,19-10-2030,26-10-2030,P006,C004,R004,S009,6,250,0.05,1425,427.5,1567.5,1496.25
04967,19-10-2030,26-10-2030,P009,C002,R010,S005,10,500,0.15,4250,1275,4675,4462.5
04968,20-10-2030,27-10-2030,P008,C002,R008,S009,92,250,0.15,19550,5865,21505,20527.5
04969,20-10-2030,27-10-2030,P005,C005,R003,S006,56,4500,0.1,226800,68040,249480,238140
04970,21-10-2030,28-10-2030,P003,C001,R010,S001,19,250,0,4750,1425,5225,4987.5
04971,21-10-2030,28-10-2030,P004,C004,R008,S008,8,1200,0.05,9120,2736,10032,9576
04972,22-10-2030,29-10-2030,P002,C004,R001,S008,54,3200,0.1,155520,46656,171072,163296
04973,22-10-2030,29-10-2030,P005,C009,R004,S001,34,4500,0.1,137700,41310,151470,144585
04974,23-10-2030,30-10-2030,P001,C002,R009,S004,68,1200,0.1,73440,22032,80784,77112
04975,23-10-2030,30-10-2030,P003,C005,R008,S010,58,250,0,14500,4350,15950,15225
04976,24-10-2030,31-10-2030,P008,C004,R001,S008,80,250,0.05,19000,5700,20900,19950
04977,24-10-2030,31-10-2030,P002,C003,R004,S007,7,3200,0,22400,6720,24640,23520
04978,25-10-2030,01-11-2030,P004,C007,R004,S008,96,500,0.05,45600,13680,50160,47880
04979,25-10-2030,01-11-2030,P004,C002,R006,S003,73,3200,0.1,210240,63072,231264,220752
04980,26-10-2030,02-11-2030,P004,C001,R005,S010,25,3200,0.15,68000,20400,74800,71400
04981,26-10-2030,02-11-2030,P009,C008,R008,S002,51,3200,0,163200,48960,179520,171360
04982,27-10-2030,03-11-2030,P004,C001,R002,S001,28,4500,0,126000,37800,138600,132300
04983,27-10-2030,03-11-2030,P010,C010,R004,S006,45,500,0.05,21375,6412.5,23512.5,22443.75
04984,28-10-2030,04-11-2030,P005,C002,R008,S002,40,1200,0.05,45600,13680,50160,47880
04985,28-10-2030,04-11-2030,P002,C002,R008,S005,92,250,0,23000,6900,25300,24150
04986,29-10-2030,05-11-2030,P009,C002,R009,S002,35,3200,0,112000,33600,123200,117600
04987,29-10-2030,05-11-2030,P002,C009,R006,S008,41,250,0.05,9737.5,2921.25,10711.25,10224.375
04988,30-10-2030,06-11-2030,P002,C001,R001,S010,73,250,0.15,15512.5,4653.75,17063.75,16288.125
04989,30-10-2030,06-11-2030,P006,C008,R009,S002,49,500,0,24500,7350,26950,25725
04990,31-10-2030,07-11-2030,P007,C001,R003,S010,78,4500,0.05,333450,100035,366795,350122.5
04991,31-10-2030,07-11-2030,P004,C010,R007,S009,42,3200,0.15,114240,34272,125664,119952
04992,01-11-2030,08-11-2030,P007,C007,R008,S009,20,4500,0.1,81000,24300,89100,85050
04993,01-11-2030,08-11-2030,P009,C004,R006,S001,20,1200,0,24000,7200,26400,25200
04994,02-11-2030,09-11-2030,P007,C003,R001,S003,97,500,0,48500,14550,53350,50925
04995,02-11-2030,09-11-2030,P006,C007,R009,S004,18,4500,0.05,76950,23085,84645,80797.5
04996,03-11-2030,10-11-2030,P009,C005,R007,S007,69,1200,0,82800,24840,91080,86940
04997,03-11-2030,10-11-2030,P004,C009,R008,S006,92,3200,0.1,264960,79488,291456,278208
04998,04-11-2030,11-11-2030,P008,C005,R001,S009,40,250,0.1,9000,2700,9900,9450
04999,04-11-2030,11-11-2030,P001,C008,R004,S010,17,1200,0.05,19380,5814,21318,20349
05000,05-11-2030,12-11-2030,P010,C005,R004,S006,6,3200,0.1,17280,5184,19008,18144
